ID,IP_address,duration_study,finished,recordeddate,consent,browser_info_resolution,timer_pitch_deck_first click,timer_pitch_deck_last click,timer_pitch_deck_page submit,timer_pitch_deck_click count,timer_mc_design_first click,timer_mc_design_last click,timer_mc_design_page submit,timer_mc_design_click count,contrast,clarity,simplicity,symmetry,timer_mc_flu_first click,timer_mc_flu_last click,timer_mc_flu_page submit,timer_mc_flu_click count,fluency,timer_mc_quality_first click,timer_mc_quality_last click,timer_mc_quality_page submit,timer_mc_quality_click count,quality,attention_check,attention_check_text,comprehension_check,similar_study,similar_study_text,PROLIFIC_PID,fluency_condition,age,sex,ethnicity,country,nationality,employment,duration_pitch_deck,completion,treatment
4,4,135,TRUE,2022-11-04T14:13:41Z,yes,1920x1080,0,0,12.748,0,7.254,11.214,11.965,4,4,4,4,4,3.818,3.818,4.63,1,58,5.195,5.195,6.079,1,4,Other,I have read this text carefully,HR technology,No,NA,4,high,25,Female,White,Germany,Italy,Full-Time,33.99999999999927,0.92,high
5,5,251,TRUE,2022-11-04T14:13:56Z,yes,1440x900,7.395,8.859,169.018,2,3.995,9.771,10.691,4,2,3,4,5,2.281,2.281,3.517,1,29,8.526,10.937,12.582,2,3,Other,I have read this text carefully,HR technology,No,NA,5,low,28,Male,White,Germany,United Kingdom,Full-Time,157.00000000000003,1,low
6,6,321,TRUE,2022-11-04T14:16:26Z,yes,375x667,2.609,14.59,222.921,3,4.372,16.669,17.385,11,1,3,2,3,2.275,3.75,4.301,3,18,4.243,7.81,8.46,4,5,Other,I have read this text carefully,HR technology,No,NA,6,low,33,Female,Mixed,France,France,"Not in paid work (e.g. homemaker', 'retired or disabled)",296.00000000000034,1,low
9,9,170,TRUE,2022-11-04T14:17:44Z,yes,414x896,18.382,18.382,49.993,1,5.614,21.306,21.875,14,5,6,6,5,2.874,2.874,3.552,1,92,4.678,20.703,21.509,5,4,Other,I have read this text carefully,HR technology,No,NA,9,high,32,Female,White,United Kingdom,United Kingdom,Part-Time,154.00000000000023,1,high
11,11,293,TRUE,2022-11-04T14:18:33Z,yes,1440x900,13.24,13.24,197.07,1,6.146,13.862,14.72,4,4,5,5,5,3.941,3.941,5.014,1,65,9.193,9.193,10.481,1,5,Other,I have read this text carefully,HR technology,No,NA,11,low,32,Female,White,United Kingdom,Poland,Part-Time,176.99999999999991,1,low
12,12,309,TRUE,2022-11-04T14:20:33Z,yes,1536x864,19.787,19.787,174.182,1,9.992,23.682,24.397,8,6,7,5,5,2.733,3.918,4.64,2,33,5.248,5.248,6.052,1,5,Other,I have read this text carefully,HR technology,No,NA,12,high,30,Male,White,France,Spain,Full-Time,151.00000000000043,1,high
13,13,422,TRUE,2022-11-04T14:20:36Z,yes,810x1080,26.315,26.315,278.938,1,3.946,18.712,20.386,9,6,6,6,7,4.554,4.554,5.597,1,83,13.957,13.957,15.47,1,5,Other,I have read this text carefully,HR technology,No,NA,13,high,60,Male,White,Canada,Canada,Full-Time,250.9999999999998,1,high
14,14,225,TRUE,2022-11-04T14:20:57Z,yes,2560x1440,7.033,7.033,143.966,1,2.468,10.444,11.351,7,5,6,4,5,5.234,5.234,5.862,1,78,3.595,3.595,4.623,1,5,Other,'I have read this text carefully',HR technology,No,NA,14,high,58,Female,Asian,Canada,United States,NA,130.9999999999997,1,high
16,16,204,TRUE,2022-11-04T14:21:56Z,yes,1536x864,13.223,138.479,139.119,2,3.808,11.624,12.541,4,5,3,4,4,1.976,1.976,2.97,1,32,5.295,5.295,6.13,1,5,Other,'I have read this text carefully,HR technology,No,NA,16,low,27,Female,White,United Kingdom,Ireland,NA,117.99999999999994,1,low
17,17,236,TRUE,2022-11-04T14:22:22Z,yes,1536x864,7.905,7.905,142.162,1,12.182,24.29,25.309,5,3,5,4,4,3.481,3.481,4.657,1,79,6.262,6.262,7.307,1,4,Other,i have read this text carefully,HR technology,No,NA,17,low,63,Male,White,United Kingdom,United Kingdom,"Not in paid work (e.g. homemaker', 'retired or disabled)",130.00000000000003,1,low
19,19,119,TRUE,2022-11-04T14:23:06Z,yes,1280x720,3.138,3.138,52.399,1,1.468,8.926,9.702,7,2,5,6,7,2.181,2.181,3.403,1,95,6.856,6.856,7.815,1,4,Other,I have read this text carefully,HR technology,No,NA,19,high,29,Female,White,United Kingdom,United Kingdom,NA,31.99999999999997,0.92,high
20,20,208,TRUE,2022-11-04T14:23:31Z,yes,1536x864,12.587,12.587,48.572,1,15.785,41.944,43.128,7,2,4,5,3,2.656,3.76,4.576,2,41,5.677,5.677,6.572,1,4,Other,I have read this text carefully,HR technology,No,NA,20,low,38,Female,White,United Kingdom,United Kingdom,NA,72.99999999999936,1,low
21,21,399,TRUE,2022-11-04T14:23:36Z,yes,1396x785,26.006,26.006,293.048,1,12.586,20.422,22.042,4,3,3,4,5,4.031,4.031,5.15,1,34,6.862,6.862,7.744,1,4,Other,I have read this text carefully,HR technology,No,NA,21,low,51,Male,White,United Kingdom,United Kingdom,Full-Time,257.9999999999999,1,low
23,23,501,TRUE,2022-11-04T14:23:37Z,yes,1536x864,7.642,7.642,242.676,1,4.403,14.933,15.852,4,4,6,6,6,3.705,3.705,4.555,1,81,8.559,26.008,26.759,4,6,Other,'I have read this text carefully',HR technology,No,NA,23,high,46,Male,White,Israel,Israel,Full-Time,230.00000000000026,1,high
25,25,257,TRUE,2022-11-04T14:24:28Z,yes,1440x900,12.436,20.292,160.619,2,8.559,20.63,21.57,5,4,3,1,2,3.443,3.443,4.378,1,100,7.542,7.542,8.269,1,5,Other,I have read this text carefully,HR technology,No,NA,25,low,61,Female,White,United Kingdom,United Kingdom,Other,134.00000000000034,1,low
27,27,356,TRUE,2022-11-04T14:24:44Z,yes,360x760,7.685,226.681,228.99,3,4.328,21.898,22.898,16,4,6,3,7,4.366,5.684,7.004,2,74,14.504,15.622,17.275,2,3,Other,I have read this text carefully,HR technology,No,NA,27,high,59,Male,White,United Kingdom,United Kingdom,NA,203.00000000000028,1,high
28,28,344,TRUE,2022-11-04T14:24:52Z,yes,1807x1016,13.236,13.236,208.282,1,4.88,23.063,25.201,4,4,2,1,4,4.076,4.076,6.4,1,11,15.75,15.75,25.387,1,4,Other,I have read this text carefully,HR technology,No,NA,28,high,54,Male,White,United Kingdom,United Kingdom,Part-Time,176.00000000000026,1,high
29,29,139,TRUE,2022-11-04T14:24:55Z,yes,320x693,3.491,5.764,59.612,2,2.092,15.665,16.794,13,1,2,6,4,1.645,4.169,4.809,3,0,5.154,5.507,6.129,2,4,Other,I have read this text carefully,HR technology,No,NA,29,low,39,Male,Asian,United States,United States,NA,127.99999999999989,1,low
30,30,496,TRUE,2022-11-04T14:25:43Z,yes,390x844,42.443,42.443,338.522,1,5.989,15.559,16.265,12,4,7,5,7,3.501,3.501,4.038,1,100,4.293,6.745,7.165,4,6,Other,I have read this text carefully,HR technology,No,NA,30,high,26,Female,White,United Kingdom,United Kingdom,Full-Time,417.9999999999997,1,high
32,32,322,TRUE,2022-11-04T14:26:18Z,yes,390x844,9.706,237.235,239.548,2,3.085,12.628,13.391,9,6,6,6,7,9.821,9.821,10.325,1,90,2.17,8.374,9.215,3,5,Other,I have read this text carefully.,HR technology,No,NA,32,high,30,Female,White,Canada,Canada,Part-Time,608.0000000000003,1,high
34,34,244,TRUE,2022-11-04T14:26:32Z,yes,1366x768,6.022,6.022,145.853,1,3.198,13.778,14.917,6,7,7,7,7,3.271,3.271,4.557,1,100,8.088,8.088,9.253,1,7,Other,I have read this text carefully,HR technology,No,NA,34,high,52,Female,White,United Kingdom,United Kingdom,Part-Time,125.9999999999997,1,high
37,37,494,TRUE,2022-11-04T14:26:44Z,yes,360x800,25.13,361.573,363.326,4,6.902,19.253,20.202,11,2,3,3,5,2.782,2.782,3.401,1,30,10.701,11.406,12.3,2,3,Other,I have read this text carefully,HR technology,No,NA,37,high,69,Female,White,United Kingdom,United Kingdom,Other,294.0000000000002,1,high
39,39,143,TRUE,2022-11-04T14:27:16Z,yes,1920x1080,8.038,8.038,79.176,1,3.081,8.944,9.99,4,5,6,3,6,2.265,2.265,2.861,1,73,3.676,3.676,4.386,1,5,Other,I have read this text carefully,HR technology,No,NA,39,high,30,Female,White,United Kingdom,United Kingdom,Full-Time,62.999999999999424,1,high
42,42,257,TRUE,2022-11-04T14:27:30Z,yes,1536x864,5.719,5.719,158.947,1,2.4,10.188,11.103,4,5,6,5,7,1.831,2.902,5.349,3,72,8.245,8.245,11.36,1,5,Other,I have read this text carefully,HR technology,No,NA,42,high,24,Female,Mixed,United Kingdom,United Kingdom,Part-Time,120.99999999999973,1,high
43,43,394,TRUE,2022-11-04T14:27:31Z,yes,414x896,9.168,258.687,259.642,3,4.823,17.274,19.551,5,2,2,7,2,3.809,6.591,7.541,2,39,9.059,11.865,12.917,3,4,Other,I have read this text carefully,HR technology,No,NA,43,low,62,Female,White,United Kingdom,United Kingdom,Part-Time,235.9999999999999,1,low
45,45,310,TRUE,2022-11-04T14:27:39Z,yes,1920x1080,6.839,6.839,112.218,1,38.791,53.15,54.397,5,5,7,5,7,2.834,2.834,3.408,1,100,29.124,29.124,29.764,1,6,Other,I have read this text carefully,HR technology,No,NA,45,high,30,Male,White,France,France,Full-Time,176.99999999999991,1,high
48,48,302,TRUE,2022-11-04T14:27:59Z,yes,1920x1080,10.552,10.552,176.193,1,2.057,16.451,17.958,6,3,5,4,5,3.429,3.429,4.202,1,66,9.489,9.489,10.284,1,5,Other,I have read this text carefully,HR technology,No,NA,48,low,28,Male,Mixed,Germany,Germany,NA,164.00000000000017,1,low
50,50,213,TRUE,2022-11-04T14:28:21Z,yes,414x896,14.155,14.155,100.849,1,4.999,23.599,24.17,12,2,4,2,4,4.033,5.875,6.755,2,11,8.291,8.824,10.1,2,4,Other,I have read this text carefully,HR technology,No,NA,50,low,36,Female,White,United Kingdom,United Kingdom,Part-Time,301.00000000000034,1,low
52,52,294,TRUE,2022-11-04T14:29:02Z,yes,1280x720,12.407,12.407,206.213,1,3.805,12.882,13.543,4,6,7,3,7,3.679,3.679,4.387,1,92,4.297,4.297,5.15,1,6,Other,'I have read this text carefully,HR technology,No,NA,52,high,48,Female,White,United Kingdom,Poland,Full-Time,186.99999999999983,1,high
53,53,587,TRUE,2022-11-04T14:29:20Z,yes,1280x800,11.591,11.591,433.611,1,7.066,30.714,32.122,4,3,4,4,6,6.579,6.579,11.248,1,64,12.285,12.285,13.38,1,5,Other,I have read this text carefully,HR technology,No,NA,53,high,67,Male,White,Israel,United States,Unemployed (and job seeking),417.00000000000006,1,high
54,54,160,TRUE,2022-11-04T14:29:20Z,yes,1280x720,7.067,7.067,106.89,1,1.601,7.642,8.718,4,1,1,5,1,2.767,2.767,3.963,1,1,3.293,3.293,4.246,1,4,Other,I have read this text carefully,HR technology,No,NA,54,low,47,Male,White,United States,United States,NA,95.9999999999999,1,low
55,55,541,TRUE,2022-11-04T14:29:26Z,yes,1360x768,51.348,51.348,371.442,1,16.96,30.041,30.88,4,2,2,5,3,6.748,6.748,8.129,1,62,14.875,14.875,16.547,1,3,Other,I have read this text carefully,HR technology,No,NA,55,low,38,Male,White,Israel,Israel,Full-Time,302.9999999999996,1,low
56,56,172,TRUE,2022-11-04T14:29:38Z,yes,1920x1080,2.134,7.051,69.098,9,26.651,30.906,31.335,4,7,6,3,7,1.617,1.617,2.021,1,100,4.359,4.359,4.945,1,6,Other,I have read this text carefully,HR technology,No,NA,56,high,30,Male,White,United Kingdom,United Kingdom,Full-Time,77.99999999999933,1,high
57,57,172,TRUE,2022-11-04T14:29:38Z,yes,1366x768,8.655,8.655,95.071,1,10.238,17.414,18.392,4,5,6,6,7,3.77,3.77,4.816,1,100,6.588,6.588,7.498,1,7,Other,I have ready this text carefully,HR technology,No,NA,57,high,38,Female,White,United Kingdom,United Kingdom,Full-Time,81,1,high
58,58,265,TRUE,2022-11-04T14:29:42Z,yes,1920x1080,16.596,16.596,173.371,1,5.747,14.003,14.583,5,2,2,3,2,2.877,2.877,3.599,1,9,6.05,6.05,6.733,1,5,Other,I have read this text carefully,HR technology,No,NA,58,low,30,Male,White,United Kingdom,United Kingdom,Full-Time,159.99999999999983,1,low
59,59,286,TRUE,2022-11-04T14:29:44Z,yes,1920x1080,6.03,6.03,128.687,1,3.052,12.598,13.978,5,2,3,4,2,7.209,7.209,8.24,1,35,6.666,6.666,7.682,1,4,Other,I have read this text carefully,HR technology,No,NA,59,low,60,Male,White,United Kingdom,United Kingdom,NA,115.00000000000013,1,low
60,60,415,TRUE,2022-11-04T14:29:53Z,yes,1366x768,12.142,12.142,264.616,1,9.821,26.437,27.645,4,4,5,5,5,7.894,7.894,9.385,1,69,18.15,18.15,19.401,1,6,Other,I have read this text carefully,HR technology,No,NA,60,high,51,Female,White,United Kingdom,United Kingdom,Full-Time,240.0000000000002,1,high
61,61,491,TRUE,2022-11-04T14:29:59Z,yes,768x1024,20.814,20.814,339.651,1,8.644,25.44,31.461,6,6,6,3,5,6.512,6.512,7.362,1,76,10.87,10.87,11.931,1,5,Other,I have read this text carefully,HR technology,No,NA,61,low,61,Female,White,United Kingdom,United Kingdom,"Not in paid work (e.g. homemaker', 'retired or disabled)",178.00000000000043,1,low
62,62,728,TRUE,2022-11-04T14:30:12Z,yes,375x812,22.773,22.773,521.479,1,7.78,35.369,36.513,9,2,2,4,2,4.423,4.423,6.759,1,8,8.473,8.99,11.379,2,4,Other,I have read this text carefully,HR technology,No,NA,62,low,54,Male,White,United Kingdom,United Kingdom,NA,690,1,low
65,65,428,TRUE,2022-11-04T14:31:11Z,yes,1920x1080,10.331,278.671,280.265,2,4.479,26.013,28.815,8,2,5,4,5,6.362,6.362,7.271,1,18,12.32,12.32,13.597,1,5,Other,I have read this text carefully,HR technology,No,NA,65,low,54,Female,White,France,France,Full-Time,235.9999999999999,1,low
68,68,264,TRUE,2022-11-04T14:31:21Z,yes,360x760,7.003,161.252,161.711,4,8.147,18.93,20.369,11,5,6,6,6,3.54,3.54,4.202,1,39,6.834,7.761,8.232,3,6,Other,I have read this text carefully,HR technology,No,NA,68,low,24,Female,Asian,United Kingdom,United Kingdom,Full-Time,137.00000000000017,1,low
69,69,166,TRUE,2022-11-04T14:31:29Z,yes,1536x864,11.754,11.754,43.191,1,9.969,14.33,15.551,4,7,7,1,7,4.615,4.615,5.878,1,76,4.59,4.59,5.779,1,6,Other,I have read this text carefully,HR technology,No,NA,69,low,64,Female,White,United Kingdom,United Kingdom,"Not in paid work (e.g. homemaker', 'retired or disabled)",42.99999999999955,0.67,low
70,70,444,TRUE,2022-11-04T14:31:45Z,yes,2560x1440,305.917,305.917,306.456,1,9.089,27.377,28.25,5,2,3,4,7,3.421,4.921,5.709,2,10,13.799,13.799,14.453,1,2,Other,I have read this text carefully,HR technology,No,NA,70,low,46,Male,White,Israel,Israel,NA,289.99999999999983,1,low
71,71,391,TRUE,2022-11-04T14:32:19Z,yes,360x800,13.591,13.591,243.516,1,5.4,31.78,32.691,21,6,6,5,6,8.296,8.296,8.808,1,59,12.797,15.162,16.353,2,3,Other,I have read this text carefully,HR technology,No,NA,71,high,41,Male,White,United Kingdom,United Kingdom,Full-Time,145.99999999999957,1,high
72,72,286,TRUE,2022-11-04T14:32:21Z,yes,1920x1200,6.744,6.744,153.528,1,6.172,15.958,16.796,5,2,5,5,4,3.51,3.51,4.335,1,67,45.659,45.659,46.695,1,3,Other,I have read this text carefully,HR technology,No,NA,72,low,50,Male,White,United Kingdom,United Kingdom,NA,169.99999999999974,1,low
73,73,116,TRUE,2022-11-04T14:32:30Z,yes,1920x1080,2.053,2.053,66.602,1,2.84,7.857,8.817,4,5,3,3,3,2.492,2.492,3.347,1,54,3.483,4.251,4.92,2,3,Other,I have read this text carefully,HR technology,No,NA,73,low,29,Male,White,United Kingdom,United Kingdom,Full-Time,59.999999999999616,1,low
78,78,257,TRUE,2022-11-04T14:32:56Z,yes,820x1180,36.06,36.06,163.53,1,3.39,13.228,13.914,9,3,4,3,7,3.524,4.412,5.309,2,59,9.605,9.605,10.266,1,5,Other,I have read this text carefully,HR technology,No,NA,78,low,43,Male,Black,United Kingdom,United Kingdom,Part-Time,95.00000000000026,1,low
79,79,236,TRUE,2022-11-04T14:32:58Z,yes,1602x784,11.157,13.973,133.752,2,4.701,18.383,19.041,7,3,4,3,6,5.195,5.195,6.011,1,32,5.728,6.117,7.055,2,5,Other,I have read this text carefully,HR technology,No,NA,79,high,27,Female,White,United Kingdom,Italy,Full-Time,112.00000000000031,1,high
82,82,320,TRUE,2022-11-04T14:33:13Z,yes,1280x720,10.58,10.58,215.507,1,4.019,20.851,21.931,7,2,2,2,3,3.263,3.263,5.892,1,25,7.247,7.247,8.413,1,4,Other,I have read this text carefully,HR technology,No,NA,82,low,66,Female,White,United Kingdom,United Kingdom,Part-Time,184.00000000000006,0.92,low
83,83,251,TRUE,2022-11-04T14:33:21Z,yes,1920x1080,12.283,12.283,146.585,1,3.593,11.929,12.976,4,7,5,2,5,2.314,4.023,6.244,2,11,4.358,4.358,5.504,1,5,Other,I have read this text carefully,HR technology,No,NA,83,low,76,Male,White,United Kingdom,United Kingdom,"Not in paid work (e.g. homemaker', 'retired or disabled)",130.9999999999997,1,low
85,85,187,TRUE,2022-11-04T14:33:38Z,yes,1920x1080,1.504,1.504,3.69,1,53.299,133.332,134.568,4,5,5,3,5,1.805,2.421,3.063,3,93,3.142,3.142,3.848,1,5,Other,I have read this text carefully,HR technology,No,NA,85,high,36,Male,White,United Kingdom,United Kingdom,Full-Time,47.999999999999524,1,high
86,86,816,TRUE,2022-11-04T14:33:41Z,yes,1440x900,18.985,18.985,323.082,1,12.657,26.124,27.747,4,2,2,6,3,9.406,9.406,11.113,1,74,19.18,22.464,23.721,2,5,Other,I have read this text carefully,HR technology,No,NA,86,low,60,Male,Asian,United Kingdom,United Kingdom,NA,572,1,low
87,87,390,TRUE,2022-11-04T14:33:42Z,yes,1440x900,16.514,16.514,94.954,1,5.043,12.235,13.186,4,2,3,4,1,3.826,3.826,4.772,1,38,7.435,7.435,8.248,1,2,Other,I have read this text carefully,HR technology,No,NA,87,low,38,Female,White,United Kingdom,Spain,NA,262.0000000000002,1,low
88,88,549,TRUE,2022-11-04T14:33:48Z,yes,375x667,3.542,15.591,348.792,2,3.303,31.986,33.101,18,5,7,3,5,3.625,15.049,16.225,8,51,5.742,7.61,8.69,3,5,Other,I have read this text carefully,HR technology,No,NA,88,high,45,Female,White,United Kingdom,United Kingdom,Full-Time,657.9999999999999,1,high
91,91,115,TRUE,2022-11-04T14:34:20Z,yes,375x812,0.479,26.663,59.246,3,2.606,11.701,12.312,11,6,6,5,5,1.09,1.09,1.502,1,65,2.892,3.691,4.313,3,5,Other,I have read this text carefully,HR technology,No,NA,91,high,34,Male,White,United Kingdom,United Kingdom,Full-Time,56.99999999999981,0.75,high
93,93,119,TRUE,2022-11-04T14:34:42Z,yes,1920x1080,3.824,3.824,12.687,1,54.113,60.586,62.206,4,5,6,5,6,3.854,3.854,5.771,1,61,4.885,4.885,5.786,1,5,Other,I have read this text carefully,HR technology,No,NA,93,high,31,Male,White,United Kingdom,United Kingdom,NA,47.999999999999524,1,high
95,95,253,TRUE,2022-11-04T14:34:55Z,yes,1366x768,21.882,21.882,129.441,1,2.649,37.969,39.266,10,2,5,5,4,3.09,3.09,3.92,1,67,4.83,4.83,5.701,1,5,Other,I have read this text carefully,HR technology,No,NA,95,low,32,Male,White,United Kingdom,United Kingdom,NA,95.9999999999999,1,low
96,96,239,TRUE,2022-11-04T14:35:07Z,yes,1366x768,12.453,12.453,147.621,1,8.27,26.705,27.825,9,4,7,5,7,4.978,4.978,6.036,1,62,7.124,7.124,8.016,1,6,Other,I have read this text carefully,HR technology,No,NA,96,low,35,Female,White,United Kingdom,United Kingdom,NA,127.99999999999989,1,low
99,99,276,TRUE,2022-11-04T14:35:14Z,yes,1920x1080,9.049,9.049,134.484,1,5.558,13.503,14.459,5,5,6,5,5,29.927,32.417,33.074,2,87,10.71,10.71,11.93,1,5,Other,I have read this text carefully,HR technology,No,NA,99,high,40,Male,White,Canada,Canada,NA,124.00000000000041,1,high
101,101,174,TRUE,2022-11-04T14:35:40Z,yes,1920x1080,11.222,21.027,21.254,2,1.59,5.187,6.248,4,7,5,5,6,2.038,2.038,2.84,1,87,1.088,1.088,1.987,1,7,Other,I have read this text carefully,HR technology,No,NA,101,low,32,Male,Asian,Canada,Canada,Full-Time,35.999999999999424,1,low
102,102,207,TRUE,2022-11-04T14:36:02Z,yes,1280x800,9.025,9.025,115.94,1,3.063,9.143,9.761,4,4,5,5,5,2.72,2.72,3.143,1,100,5.084,5.084,5.722,1,5,Other,I have read this text carefully,HR technology,No,NA,102,low,40,Female,White,United Kingdom,United Kingdom,Part-Time,137.9999999999998,1,low
103,103,261,TRUE,2022-11-04T14:36:04Z,yes,360x800,3.85,3.85,186.501,1,3.493,13.679,14.733,8,6,5,5,5,1.799,1.799,2.377,1,75,7.103,8.323,8.754,2,6,Other,I have read this text carefully,HR technology,No,NA,103,high,33,Female,White,United Kingdom,United Kingdom,Full-Time,176.99999999999991,1,high
106,106,143,TRUE,2022-11-04T14:36:08Z,yes,1536x864,9.793,9.793,55.933,1,2.017,25.676,27.117,6,3,7,7,2,3.254,3.254,4.207,1,81,5.111,5.111,7.369,1,6,Other,I have read this text carefully,HR technology,No,NA,106,low,21,Male,White,United Kingdom,United Kingdom,Other,35.999999999999424,0.67,low
107,107,137,TRUE,2022-11-04T14:36:13Z,yes,360x800,12.657,12.657,83.912,1,1.75,8.696,9.229,11,6,3,3,5,1.674,1.674,2.138,1,30,3.042,3.337,3.873,2,4,Other,I have read this text carefully,HR technology,No,NA,107,low,25,Female,Mixed,United Kingdom,United Kingdom,Full-Time,45.99999999999935,1,low
108,108,539,TRUE,2022-11-04T14:36:17Z,yes,1715x965,14.454,14.454,361.647,1,7.582,31.903,35.334,4,5,6,2,7,12.598,12.598,13.957,1,31,12.956,12.956,14.84,1,5,Other,I have read this text carefully.,HR technology,No,NA,108,high,69,Female,White,Israel,Israel,Part-Time,341.00000000000006,1,high
110,110,223,TRUE,2022-11-04T14:36:27Z,yes,1920x1080,7.902,14.379,20.681,2,104.943,111.271,113.431,5,6,6,4,6,3.014,3.014,3.801,1,79,6.179,6.179,9.218,1,5,Other,I have read this text carefully,HR technology,No,NA,110,high,42,Female,White,United Kingdom,United Kingdom,Part-Time,107.00000000000034,1,high
111,111,713,TRUE,2022-11-04T14:36:28Z,yes,1920x1080,18.591,18.591,249.829,1,178.847,231.768,233.102,4,4,5,3,4,4.873,4.873,5.801,1,25,146.475,146.475,147.401,1,4,Other,i have read this text carefully,HR technology,No,NA,111,high,38,Female,White,United Kingdom,United Kingdom,Part-Time,216,1,high
112,112,292,TRUE,2022-11-04T14:36:40Z,yes,1676x943,58.514,58.514,207.505,1,3.924,8.675,9.401,4,5,5,3,5,6.478,6.478,7.13,1,38,5.453,6.499,7.419,3,4,Other,I have read this text carefully,HR technology,No,NA,112,high,32,Male,Mixed,Canada,Canada,NA,140.9999999999996,1,high
113,113,490,TRUE,2022-11-04T14:36:41Z,yes,1920x1080,9.104,9.104,69.652,1,7.787,30.436,33.189,4,5,6,5,5,8.978,8.978,11.149,1,38,5.509,5.509,6.976,1,5,Other,I have read this text carefully,HR technology,No,NA,113,high,70,Male,White,United Kingdom,United Kingdom,"Not in paid work (e.g. homemaker', 'retired or disabled)",284.0000000000003,1,high
115,115,353,TRUE,2022-11-04T14:36:56Z,yes,1536x864,17.683,17.683,238.718,1,3.801,13.23,14.204,4,1,2,6,4,3.188,4.886,5.776,2,61,6.535,9.588,10.791,3,4,Other,I have read this text carefully,HR technology,No,NA,115,low,65,Female,White,United Kingdom,Italy,Part-Time,206.00000000000006,1,low
117,117,362,TRUE,2022-11-04T14:37:18Z,yes,1280x800,0,0,142.473,0,6.63,34.502,36.711,16,4,4,5,5,2.819,2.819,4.627,1,44,9.379,100.441,101.069,2,5,Other,I have read this text carefully,HR technology,No,NA,117,low,23,Male,White,United Kingdom,United Kingdom,NA,191.9999999999998,1,low
118,118,231,TRUE,2022-11-04T14:37:19Z,yes,1536x864,9.659,9.659,151.446,1,2.999,9.638,10.657,5,2,5,3,6,2.488,3.277,4.146,2,35,11.726,12.764,13.758,2,6,Other,I have read this text carefully,HR technology,No,NA,118,low,32,Female,White,Germany,Germany,NA,134.00000000000034,1,low
120,120,498,TRUE,2022-11-04T14:37:38Z,yes,1440x900,35.414,35.414,271.459,1,5.521,17.379,23.106,4,5,6,6,6,3.619,3.619,80.659,1,70,9.35,9.35,10.53,1,6,Other,I have read this text carefully,HR technology,No,NA,120,low,26,Male,Black,United Kingdom,Nigeria,Part-Time,297.99999999999966,0.92,low
122,122,506,TRUE,2022-11-04T14:37:48Z,yes,1920x1080,4.299,5.418,321.361,2,9.803,31.051,32.202,5,2,6,6,5,8.655,10.218,10.997,2,35,9.683,9.683,10.515,1,5,Other,I have read this text carefully,HR technology,No,NA,122,low,59,Male,White,United Kingdom,United Kingdom,Part-Time,289.99999999999983,0.92,low
123,123,572,TRUE,2022-11-04T14:38:12Z,yes,1920x1080,1.427,1.427,84.486,1,4.559,169.821,170.411,5,3,5,6,7,2.475,2.475,3.338,1,91,134.658,134.658,135.458,1,4,Other,I have read this text carefully,HR technology,No,NA,123,high,27,Male,White,United Kingdom,United Kingdom,Full-Time,40.99999999999939,1,high
126,126,583,TRUE,2022-11-04T14:38:59Z,yes,1164x655,23.743,23.743,328.489,1,10.996,23.4,25.026,4,5,4,3,6,7.433,7.433,8.931,1,75,12.492,12.492,13.763,1,6,Other,I have read this text carefully,HR technology,No,NA,126,high,69,Female,White,United Kingdom,United Kingdom,"Not in paid work (e.g. homemaker', 'retired or disabled)",205.0000000000004,1,high
127,127,1199,TRUE,2022-11-04T14:39:05Z,yes,1920x1080,37.775,39.057,357.436,3,4.551,16.628,36.868,12,3,5,5,3,0.911,3.063,3.427,7,67,0.973,10.125,10.44,14,5,Other,I have read this text carefully,HR technology,No,NA,127,low,36,Male,White,Germany,Germany,NA,85.99999999999997,1,low
130,130,741,TRUE,2022-11-04T14:39:14Z,yes,1366x768,24.371,24.371,360.134,1,18.435,39.569,41.617,9,5,5,4,5,7.09,10.319,12.866,2,44,2.69,17.335,18.7,6,5,Other,I have read this text carefully,HR technology,No,NA,130,high,45,Male,White,Germany,Germany,Full-Time,441.0000000000003,1,high
132,132,247,TRUE,2022-11-04T14:39:28Z,yes,1366x768,8.124,8.124,159.751,1,6.098,14.73,15.958,4,3,5,3,6,3.966,3.966,4.809,1,62,7.892,7.892,9.08,1,5,Other,I have read this text carefully,HR technology,No,NA,132,low,41,Male,White,United Kingdom,United Kingdom,NA,132.99999999999983,1,low
133,133,264,TRUE,2022-11-04T14:39:47Z,yes,414x736,24.235,24.235,166.863,1,4.55,17.001,18.135,12,6,7,5,6,2.942,3.724,4.515,2,91,1.551,5.338,6.36,5,6,Other,I have read this text carefully,HR technology,No,NA,133,low,66,Male,White,United Kingdom,United Kingdom,Full-Time,245.99999999999983,0.92,low
134,134,356,TRUE,2022-11-04T14:39:50Z,yes,1366x768,12.61,12.61,233.87,1,3.418,10.862,12.089,4,2,4,5,3,2.866,4.368,5.992,2,20,4.833,4.833,5.841,1,5,Other,I have read this text carefully,HR technology,No,NA,134,low,63,Female,White,United Kingdom,United Kingdom,NA,215.00000000000034,1,low
135,135,329,TRUE,2022-11-04T14:39:51Z,yes,1440x900,17.324,17.324,155.691,1,9.7,32.545,37.287,7,6,2,4,7,3.929,5.122,8.838,2,17,11.296,11.296,19.293,1,5,Other,'I have read this text carefully' below,HR technology,No,NA,135,low,36,Male,White,Canada,Canada,Full-Time,125.9999999999997,1,low
136,136,538,TRUE,2022-11-04T14:39:59Z,yes,1280x720,11.415,315.436,319.463,2,11.779,33.75,34.818,6,4,6,6,6,9.274,9.274,10.63,1,65,13.707,13.707,15.957,1,4,Other,I have read this text carefully,HR technology,No,NA,136,high,62,Male,White,Canada,Canada,NA,373.99999999999966,1,high
137,137,652,TRUE,2022-11-04T14:40:18Z,yes,1440x900,13.7,13.7,363.343,1,12.368,24.472,26.821,4,1,1,4,3,5.162,5.162,7.997,1,17,37.766,37.766,41.834,1,2,Other,I have read this text carefully,HR technology,No,NA,137,low,73,Male,White,United Kingdom,United Kingdom,"Not in paid work (e.g. homemaker', 'retired or disabled)",414.99999999999994,1,low
141,141,381,TRUE,2022-11-04T14:40:46Z,yes,1920x1080,11.404,11.404,264.085,1,7.593,17.941,19.546,4,5,5,6,5,7.129,7.129,8.996,1,11,11.94,11.94,13.231,1,6,Other,I have read this text carefully,HR technology,No,NA,141,high,71,Male,White,United Kingdom,United Kingdom,"Not in paid work (e.g. homemaker', 'retired or disabled)",245.99999999999983,1,high
142,142,414,TRUE,2022-11-04T14:40:54Z,yes,1512x982,7.189,7.189,333.187,1,4.875,10.392,11.101,4,4,6,4,5,5.925,5.925,6.853,1,78,6.288,6.288,9.127,1,5,Other,'I have read this text carefully',HR technology,No,NA,142,high,44,Female,White,United Kingdom,United Kingdom,Full-Time,321.99999999999983,1,high
143,143,371,TRUE,2022-11-04T14:41:06Z,yes,1680x1050,11.2,11.2,288.818,1,4.739,11.268,12.01,4,4,4,5,4,3.545,3.545,4.238,1,93,10.459,11.474,12.218,2,3,Other,I have read this text carefully,HR technology,No,NA,143,high,49,Male,White,United Kingdom,France,Full-Time,265.00000000000006,1,high
144,144,655,TRUE,2022-11-04T14:41:15Z,yes,1366x768,19.531,19.531,362.362,1,8.883,28.414,29.373,6,4,5,3,5,3.663,3.663,4.639,1,80,9.771,9.771,11.163,1,6,Other,I have read this text carefully,HR technology,No,NA,144,high,42,Female,White,France,France,Other,196.99999999999977,1,high
145,145,322,TRUE,2022-11-04T14:41:19Z,yes,1396x785,45.625,106.822,107.574,2,12.344,69.23,122.786,15,2,3,5,5,2.603,4.717,5.314,2,45,6.005,6.005,7.298,1,5,Other,I have read this text carefully,HR technology,No,NA,145,low,45,Male,White,United States,United States,NA,130.00000000000003,1,low
146,146,785,TRUE,2022-11-04T14:41:38Z,yes,1920x1080,8.142,8.142,328.601,1,3.806,13.382,14.192,4,2,5,4,1,5.744,7.263,7.991,2,59,8.366,8.366,9.52,1,6,Other,I have read this text carefully,HR technology,No,NA,146,low,31,Male,White,United Kingdom,United Kingdom,Full-Time,63.99999999999994,0.5,low
147,147,353,TRUE,2022-11-04T14:41:42Z,yes,1536x864,59.46,59.46,162.688,1,16.625,68.736,69.236,11,5,4,4,6,3.808,5.968,6.458,2,92,7.815,7.815,8.535,1,5,Other,I have read this text carefully,HR technology,No,NA,147,high,20,Male,White,Canada,Canada,Due to start a new job within the next month,110.00000000000016,1,high
148,148,549,TRUE,2022-11-04T14:42:42Z,yes,1920x1080,11.266,11.266,319.662,1,7.531,67.867,69.231,4,6,6,5,6,7.341,7.341,8.32,1,46,9.325,9.325,10.433,1,3,Other,I have read this text carefully,HR technology,No,NA,148,high,36,Female,Black,United States,United States,Full-Time,279.99999999999994,1,high
150,150,491,TRUE,2022-11-04T14:43:50Z,yes,1366x768,12.839,287.656,290.135,4,6.858,14.997,16.506,6,4,5,4,5,4.223,4.223,6.556,1,65,5.094,5.094,6.487,1,5,Other,I have read this text carefully,HR technology,No,NA,150,high,38,Male,Black,United Kingdom,Nigeria,NA,145.99999999999957,1,high
151,151,522,TRUE,2022-11-04T14:44:19Z,yes,1280x1024,16.409,16.409,382.261,1,7.021,20.444,23.796,4,2,3,2,5,3.799,3.799,5.102,1,14,18.783,18.783,19.992,1,3,Other,I have read this text carefully,HR technology,No,NA,151,high,66,Female,White,United Kingdom,United Kingdom,"Not in paid work (e.g. homemaker', 'retired or disabled)",353.99999999999983,1,high
152,152,684,TRUE,2022-11-04T14:44:23Z,yes,1280x720,39.993,39.993,361.391,1,3.104,30.329,31.318,4,4,6,5,5,3.538,3.538,4.352,1,79,37.379,37.379,38.273,1,6,Other,I have read this text carefully,HR technology,No,NA,152,low,28,Female,White,Canada,Canada,Full-Time,432,0.92,low
153,153,572,TRUE,2022-11-04T14:45:12Z,yes,1920x1080,37.777,37.777,242.963,1,3.052,57.244,178.857,5,4,5,6,6,10.621,12.557,23.763,2,30,16.602,20.853,22.015,3,3,Other,I have read this text carefully,HR technology,No,NA,153,low,39,Male,White,United Kingdom,Italy,Full-Time,152.00000000000009,0.83,low
154,154,687,TRUE,2022-11-04T14:45:19Z,yes,1920x1080,14.418,14.418,315.758,1,17.654,24.778,26.017,4,5,4,4,3,3.919,3.919,4.813,1,46,9.303,9.303,10.218,1,5,Other,I have read this text carefully,HR technology,No,NA,154,low,43,Male,Other,Canada,Canada,Full-Time,184.99999999999966,1,low
155,155,468,TRUE,2022-11-04T14:45:25Z,yes,1280x800,5.4,5.4,326.112,1,7.618,26.714,28.767,8,7,5,2,7,9.421,18.044,19.096,3,16,9.866,9.866,11.124,1,6,Other,I have read this text carefully,HR technology,No,NA,155,high,49,Female,White,United Kingdom,United Kingdom,"Not in paid work (e.g. homemaker', 'retired or disabled)",311.0000000000002,1,high
156,156,829,TRUE,2022-11-04T14:47:18Z,yes,1536x864,11.139,11.139,330.757,1,3.926,11.68,12.57,4,6,7,5,6,3.842,3.842,13.684,1,87,11.859,11.859,13.592,1,7,Other,I have read this text carefully,HR technology,No,NA,156,high,29,Female,White,United Kingdom,United Kingdom,NA,286.0000000000004,1,high
158,158,1698,TRUE,2022-11-04T14:54:51Z,yes,1280x720,15.913,15.913,333.256,1,9.783,19.284,20.127,4,6,6,3,6,326.933,326.933,327.912,1,61,8.385,8.385,9.287,1,5,Other,I have read this text carefully,HR technology,No,NA,158,high,27,Male,White,United Kingdom,United Kingdom,Full-Time,394.0000000000004,0.92,high
