ID,IP_address,duration_study,finished,recordeddate,consent,browser_info_resolution,timer_pitch_deck_first click,timer_pitch_deck_last click,timer_pitch_deck_page submit,timer_pitch_deck_click count,timer_mc_quality_first click,timer_mc_quality_last click,timer_mc_quality_page submit,timer_mc_quality_click count,intell_prop,hum_cap,commerc,legitim,quality,timer_mc_potential_first click,timer_mc_potential_last click,timer_mc_potential_page submit,timer_mc_potential_click count,fluency,timer_mc_flu_first click,timer_mc_flu_last click,timer_mc_flu_page submit,timer_mc_flu_click count,attention_check,attention_check_text,comprehension_check,similar_study,similar_study_text,PROLIFIC_PID,quality_condition,device,age,sex,ethnicity,country,nationality,employment,duration_pitch_deck,completion,treatment
1,1,347,TRUE,2022-11-12T14:06:41Z,yes,1920x1200,8.356,8.356,167.382,1,28.55,97.646,98.454,4,1,5,6,4,4,16.086,16.086,16.849,1,17,4.446,4.446,5.076,1,Other,I have read this text carefully,HR technology,No,NA,1,high,NA,31,Male,Asian,United Kingdom,United Kingdom,Full-Time,215.00000000000034,1,high
2,2,331,TRUE,2022-11-12T14:08:50Z,yes,444x985,9.94,9.94,136.459,1,4.713,18.178,19.088,11,3,4,3,4,4,2.698,2.698,3.404,1,13,2.275,2.275,3.251,1,Other,I have read this text carefully,HR technology,No,NA,2,low,mobile,41,Female,White,United Kingdom,United Kingdom,Part-Time,117.99999999999994,1,low
3,3,259,TRUE,2022-11-12T14:09:23Z,yes,1280x800,5.506,184.927,186.243,2,5.217,13.373,13.997,7,5,6,7,6,6,2.874,2.874,3.916,1,38,3.462,4.933,6.017,2,Other,I have read this text carefully,HR technology,No,NA,3,high,NA,25,Female,White,United Kingdom,Lithuania,Part-Time,169.00000000000014,1,high
5,5,229,TRUE,2022-11-12T14:11:10Z,yes,1440x900,17.415,17.415,35.029,1,1.325,77.232,78.183,6,7,6,6,5,6,3.646,3.646,4.601,1,59,4.733,4.733,5.705,1,Other,I have read this text carefully,HR technology,No,NA,5,low,NA,22,Female,White,Israel,Israel,Part-Time,74.99999999999952,1,low
7,7,629,TRUE,2022-11-12T14:11:58Z,yes,1138x640,19.649,25.705,328.445,2,6.641,103.975,105.394,8,5,5,4,3,2,5.885,5.885,7.429,1,20,7.172,7.172,8.991,1,Other,I have read this text carefully,HR technology,No,NA,7,low,NA,62,Female,White,United Kingdom,United Kingdom,Part-Time,388.99999999999955,1,low
8,8,144,TRUE,2022-11-12T14:13:05Z,yes,375x812,5.929,6.862,74.479,2,7.326,12.153,12.482,10,5,6,6,5,6,0.565,4.938,5.31,4,82,2.42,2.42,2.848,1,Other,I have read this text carefully,HR technology,No,NA,8,high,mobile,27,Female,White,United States,United States,Due to start a new job within the next month,59.999999999999616,0.92,high
9,9,243,TRUE,2022-11-12T14:13:27Z,yes,1440x900,0,0,164.98,0,4.101,13.016,14.615,4,4,6,5,5,5,2.039,2.039,3.203,1,59,3.003,3.003,4.201,1,Other,I have read this text carefully,HR technology,No,NA,9,low,NA,25,Female,White,United States,United States,Full-Time,157.00000000000003,1,low
10,10,414,TRUE,2022-11-12T14:13:32Z,yes,1920x1080,12.574,12.574,294.33,1,9.75,27.342,28.313,5,6,7,6,6,5,7,7,7.703,1,57,3.476,7.067,7.791,2,Other,I have read this text carefully,HR technology,No,NA,10,high,NA,33,Male,White,United States,United States,NA,174.0000000000001,1,high
11,11,294,TRUE,2022-11-12T14:13:40Z,yes,1440x900,0,0,65.019,0,113.511,123.899,125.297,5,5,6,5,6,6,4.862,4.862,5.733,1,63,3.64,3.64,4.679,1,Other,I have read this text carefully,HR technology,No,NA,11,high,NA,24,Female,White,Germany,Italy,"Not in paid work (e.g. homemaker', 'retired or disabled)",159.0000000000002,1,high
12,12,270,TRUE,2022-11-12T14:13:43Z,yes,1536x864,11.811,12.857,170.109,2,7.506,18.859,19.202,7,5,3,4,6,4,4.398,4.398,5.749,1,45,3.11,3.11,4.154,1,Other,I have read this text carefully,HR technology,No,NA,12,low,NA,40,Male,White,United Kingdom,United Kingdom,Full-Time,124.00000000000041,1,low
14,14,290,TRUE,2022-11-12T14:13:54Z,yes,2048x1152,11.537,11.537,26.96,1,43.787,104.411,105.566,5,3,7,5,6,5,6.43,6.43,25.622,1,86,6.746,6.746,7.234,1,Other,I have read this text carefully,HR technology,No,NA,14,high,NA,30,Male,White,Israel,Israel,NA,145.99999999999957,1,high
15,15,235,TRUE,2022-11-12T14:14:18Z,yes,375x667,1.252,157.478,158.556,3,2.394,18.711,19.741,19,4,4,5,3,3,2.374,3.457,4.337,3,85,1.638,1.638,2.773,1,Other,I have read this text carefully,HR technology,No,NA,15,low,mobile,46,Male,White,United Kingdom,United Kingdom,Full-Time,216,1,low
16,16,308,TRUE,2022-11-12T14:15:03Z,yes,1920x1080,11.705,11.705,206.132,1,19.412,30.745,31.626,5,1,5,4,5,3,4.787,4.787,5.684,1,75,4.541,4.541,5.285,1,Other,I have read this text carefully,HR technology,No,NA,16,low,NA,46,Male,White,United Kingdom,Portugal,Full-Time,178.00000000000043,1,low
20,20,225,TRUE,2022-11-12T14:16:46Z,yes,2560x1080,4.25,4.25,154.784,1,6.35,15.68,16.435,4,3,4,5,5,4,2.678,2.678,3.457,1,13,3.412,3.412,4.536,1,Other,I have read this text carefully,HR technology,No,NA,20,low,NA,36,Male,White,Canada,Canada,Full-Time,147.0000000000001,1,low
21,21,415,TRUE,2022-11-12T14:16:59Z,yes,1366x768,19.307,19.307,299.515,1,9.776,19.208,20.252,4,6,7,6,7,6,5.287,5.287,6.108,1,100,4.111,4.111,5.035,1,Other,I have read this text carefully,HR technology,No,NA,21,high,NA,55,Male,White,United Kingdom,Portugal,Full-Time,269.00000000000034,1,high
23,23,118,TRUE,2022-11-12T14:17:46Z,yes,412x915,0,0,1.653,0,6.579,17.651,18.5,10,5,5,5,5,4,18.002,18.002,19.151,1,33,3.211,3.211,4.09,1,Other,I have read this text carefully,HR technology,No,NA,23,low,mobile,41,Female,White,United Kingdom,United Kingdom,Part-Time,74.99999999999952,1,low
24,24,351,TRUE,2022-11-12T14:18:33Z,yes,1280x720,18.761,18.761,197.634,1,11.625,29.034,30.124,4,3,4,5,5,5,3.691,3.691,4.7,1,17,7.856,7.856,8.959,1,Other,I have read this text carefully,HR technology,No,NA,24,high,NA,53,Female,White,United Kingdom,United Kingdom,Full-Time,174.0000000000001,1,high
25,25,486,TRUE,2022-11-12T14:18:48Z,yes,1440x900,15.228,15.228,357.019,1,28.504,46.908,48.131,4,5,6,5,6,6,7.078,7.078,8.101,1,38,8.425,8.425,9.747,1,Other,I have read this text carefully,HR technology,No,NA,25,high,NA,22,Male,White,United Kingdom,United Kingdom,Full-Time,351,1,high
28,28,265,TRUE,2022-11-12T14:19:04Z,yes,1536x864,9.165,9.165,161.066,1,4.846,33.255,34.277,5,6,5,4,4,3,6.16,8.539,9.501,2,0,1.852,1.852,3.14,1,Other,I have read this text carefully,HR technology,No,NA,28,low,NA,22,Female,Asian,United Kingdom,Malaysia,Full-Time,156.0000000000004,1,low
29,29,225,TRUE,2022-11-12T14:19:38Z,yes,412x915,9.125,9.125,150.679,1,2.295,12.379,13.083,14,5,7,6,5,5,3.462,3.462,4.251,1,96,1.879,1.879,2.544,1,Other,I have read this text carefully,HR technology,No,NA,29,high,mobile,43,Female,White,United Kingdom,United Kingdom,NA,100.00000000000021,1,high
32,32,486,TRUE,2022-11-12T14:21:13Z,yes,1536x864,23.193,23.193,326.189,1,8.079,20.738,22.125,5,4,5,6,5,5,4.751,4.751,5.587,1,36,2.441,2.441,3.382,1,Other,I have read this text carefully,HR technology,No,NA,32,low,NA,35,Female,White,United Kingdom,United Kingdom,Full-Time,240.99999999999986,1,low
33,33,194,TRUE,2022-11-12T14:21:30Z,yes,1440x900,8.076,8.076,96.383,1,5.703,26.421,27.329,4,4,5,5,5,5,2.99,2.99,4.098,1,63,3.314,5.02,5.878,2,Other,I have read this text carefully,HR technology,No,NA,33,high,NA,34,Male,White,United Kingdom,United Kingdom,Full-Time,86.99999999999963,1,high
37,37,330,TRUE,2022-11-12T14:22:48Z,yes,414x896,5.952,5.952,25.128,1,1.738,147.094,149.147,33,4,4,5,5,5,1.674,6.002,6.951,3,42,5.546,5.546,6.26,1,Other,I have read this text carefully,HR technology,No,NA,37,high,mobile,38,Female,White,United Kingdom,United Kingdom,Part-Time,358.00000000000017,1,high
38,38,225,TRUE,2022-11-12T14:23:24Z,yes,1680x1050,0,0,10.348,0,168.619,175.791,176.68,4,5,6,5,6,5,2.056,2.056,2.813,1,87,1.552,2.381,3.275,2,Other,I have read this text carefully,HR technology,No,NA,38,high,NA,28,Male,White,United States,United States,NA,164.9999999999998,1,high
39,39,281,TRUE,2022-11-12T14:23:44Z,yes,1920x1080,9.841,9.841,218.686,1,8.279,18.332,18.878,4,3,5,5,6,5,4.603,5.096,5.445,2,58,4.597,4.597,5.179,1,Other,I have read this text carefully,HR technology,No,NA,39,high,NA,40,Male,White,United States,United States,NA,206.00000000000006,1,high
40,40,208,TRUE,2022-11-12T14:24:02Z,yes,1440x900,18.843,18.843,93.27,1,5.881,16.446,17.308,5,4,5,5,5,4,2.512,5.813,6.839,2,74,3.78,3.78,4.805,1,Other,I have read this text carefully,HR technology,No,NA,40,low,NA,26,Female,White,United Kingdom,United Kingdom,Full-Time,69.99999999999955,1,low
41,41,288,TRUE,2022-11-12T14:24:24Z,yes,360x780,5.502,13.016,203.656,4,5.282,21.212,22.18,20,3,5,4,4,4,3.499,4.482,4.802,3,64,3.879,3.879,4.702,1,Other,I have read this text carefully,HR technology,No,NA,41,low,mobile,32,Female,White,United Kingdom,United Kingdom,Full-Time,176.99999999999991,1,low
43,43,166,TRUE,2022-11-12T14:24:44Z,yes,428x926,14.865,14.865,62.298,1,7.125,19.471,20.157,11,4,5,4,4,4,2.2,3.319,4.282,2,6,3.675,3.675,4.912,1,Other,I have read this text carefully,HR technology,No,NA,43,high,mobile,33,Male,White,United Kingdom,United Kingdom,Full-Time,35.999999999999424,0.92,high
44,44,401,TRUE,2022-11-12T14:25:09Z,yes,360x740,4.569,5.122,296.087,2,4.758,19.848,20.406,19,4,6,4,5,4,6.514,6.831,7.535,2,20,3.439,3.439,4.361,1,Other,I have read this text carefully,HR technology,No,NA,44,high,mobile,28,Male,NA,United Kingdom,United Kingdom,NA,277.9999999999998,1,high
46,46,206,TRUE,2022-11-12T14:25:47Z,yes,390x844,12.394,12.394,89.479,1,9.124,33.324,34.184,15,3,5,3,2,3,6.307,8.242,8.263,4,19,4.795,7.347,8.485,5,Other,I have read this text carefully,HR technology,No,NA,46,low,mobile,23,Female,White,United States,United States,NA,181.00000000000023,1,low
47,47,393,TRUE,2022-11-12T14:25:48Z,yes,1920x1080,39.753,39.753,293.19,1,7.121,24.162,24.832,7,4,5,5,4,4,4.292,4.292,4.968,1,65,4.523,4.523,5.2,1,Other,I have read this text carefully,HR technology,No,NA,47,low,NA,36,Male,Asian,United Kingdom,United Kingdom,NA,235.9999999999999,1,low
49,49,628,TRUE,2022-11-12T14:26:12Z,yes,1280x800,6.33,6.33,79.996,1,4.574,16.977,17.686,5,3,5,5,6,3,2.825,2.825,3.489,1,57,2.395,2.395,2.922,1,Other,I have read this text carefully,HR technology,No,NA,49,low,NA,23,Female,White,United Kingdom,United Kingdom,Other,60.99999999999927,1,low
52,52,552,TRUE,2022-11-12T14:26:47Z,yes,1922x943,16.528,326.525,327.885,3,3.925,18.654,19.423,8,3,6,5,4,5,5.254,5.943,7.054,2,18,3.389,7.797,8.019,5,Other,I have read this text carefully,HR technology,No,NA,52,high,NA,22,Male,White,France,France,Full-Time,405.99999999999966,0.92,high
53,53,386,TRUE,2022-11-12T14:26:50Z,yes,1536x864,6.305,6.305,262.335,1,10.506,37.742,38.643,11,3,7,6,4,5,11.408,11.408,12.759,1,73,4.95,7.691,8.642,2,Other,I have read this text carefully,HR technology,No,NA,53,high,NA,40,Male,White,Canada,Canada,NA,245.00000000000017,1,high
54,54,387,TRUE,2022-11-12T14:27:03Z,yes,414x896,11.676,11.676,294.517,1,3.09,13.986,14.778,11,6,6,7,7,6,3.999,3.999,4.813,1,60,7.309,10.758,11.462,2,Other,I have read this text carefully.,HR technology,No,NA,54,high,mobile,39,Male,White,United Kingdom,United Kingdom,Full-Time,270,1,high
55,55,521,TRUE,2022-11-12T14:27:04Z,yes,375x667,2.085,7.969,330.125,4,15.594,67.048,68.16,23,4,4,5,4,4,8.211,8.725,10.006,2,56,4.775,9.041,10.229,5,Other,I have read this text carefully,HR technology,No,NA,55,low,mobile,55,Male,White,Germany,Germany,Full-Time,304.9999999999998,1,low
58,58,347,TRUE,2022-11-12T14:27:32Z,yes,1920x1080,9.619,9.619,255.454,1,7.595,17.379,18.463,5,4,4,2,3,2,4.422,4.422,5.289,1,22,3.451,3.451,4.863,1,Other,I have read this text carefully,HR technology,No,NA,58,low,NA,61,Female,White,United Kingdom,United Kingdom,NA,221.99999999999963,1,low
60,60,213,TRUE,2022-11-12T14:28:17Z,yes,1792x1120,7.45,7.45,68.514,1,30.579,56.303,57.656,5,3,5,4,4,4,3.267,3.267,4.304,1,18,3.688,3.688,5.071,1,Other,I have read this text carefully,HR technology,No,NA,60,high,NA,49,Female,Asian,United States,United States,Full-Time,115.99999999999979,1,high
61,61,614,TRUE,2022-11-12T14:28:50Z,yes,1366x768,7.396,7.396,217.615,1,276.967,300.788,301.836,5,3,5,5,6,4,3.766,10.388,11.828,3,47,2.676,2.676,4.071,1,Other,I have read this text carefully,HR technology,No,NA,61,low,NA,26,Female,Black,United Kingdom,United Kingdom,NA,210.00000000000037,1,low
62,62,686,TRUE,2022-11-12T14:28:56Z,yes,1536x864,485.383,490.774,605.069,2,9.316,25.948,26.896,7,2,4,6,5,5,2.307,2.307,3.423,1,87,1.444,2.926,3.635,2,Other,I have read this text carefully.,HR technology,No,NA,62,low,NA,22,Male,White,United Kingdom,United Kingdom,Full-Time,102.00000000000037,1,low
65,65,278,TRUE,2022-11-12T14:29:21Z,yes,1600x900,3.448,3.448,122.7,1,5.635,15.925,16.795,4,5,5,5,5,5,4.065,4.065,4.668,1,36,6.414,6.414,7.318,1,Other,I have read this text carefully,HR technology,No,NA,65,low,NA,24,Male,White,United Kingdom,United Kingdom,NA,117.00000000000028,1,low
66,66,210,TRUE,2022-11-12T14:29:23Z,yes,414x736,4.539,12.642,118.459,2,6.964,23.781,25.389,10,5,6,3,4,3,2.517,4.317,5.049,3,3,3.164,3.164,3.99,1,Other,I have read this text carefully.,HR technology,No,NA,66,high,mobile,44,Female,White,United Kingdom,United Kingdom,NA,189.00000000000003,0.92,high
69,69,357,TRUE,2022-11-12T14:29:29Z,yes,414x896,12.416,12.416,271.731,1,4.308,19.46,19.491,19,5,5,4,3,4,2.208,2.966,4.392,3,40,3.405,4.656,5.089,2,Other,I have read this text carefully,HR technology,No,NA,69,low,mobile,23,Female,White,United Kingdom,United Kingdom,Full-Time,331.9999999999998,1,low
70,70,547,TRUE,2022-11-12T14:29:40Z,yes,1920x1080,0,0,314.919,0,3.504,14.479,15.296,5,4,5,6,3,5,1.39,1.39,2.772,1,33,2.709,6.708,7.489,3,Other,I have read this text carefully,HR technology,No,NA,70,low,NA,29,Female,White,United Kingdom,United Kingdom,Full-Time,294.99999999999983,1,low
71,71,216,TRUE,2022-11-12T14:29:51Z,yes,1920x1080,0,0,127.366,0,0,0,17.177,0,3,5,5,5,5,0,0,4.118,0,75,4.041,4.041,5.313,1,Other,I have read this text carefully,HR technology,No,NA,71,low,NA,31,Male,White,United Kingdom,United Kingdom,Part-Time,110.00000000000016,1,low
73,73,242,TRUE,2022-11-12T14:30:08Z,yes,1536x864,11.822,11.822,114.178,1,29.289,35.802,36.604,4,4,5,4,5,5,4.875,4.875,5.491,1,39,3.194,4.056,4.75,2,Other,I have read this text carefully,HR technology,No,NA,73,high,NA,31,Male,Other,Canada,Canada,Full-Time,134.00000000000034,1,high
74,74,457,TRUE,2022-11-12T14:30:10Z,yes,414x896,11.234,11.234,345.587,1,4.796,18.928,19.648,10,7,5,6,5,6,6.297,7.094,7.644,2,42,6.044,10.735,12.014,6,Other,I have read this text carefully,HR technology,No,NA,74,low,mobile,68,Female,White,United Kingdom,United Kingdom,"Not in paid work (e.g. homemaker', 'retired or disabled)",523.9999999999997,1,low
75,75,330,TRUE,2022-11-12T14:30:13Z,yes,1920x1080,7.925,231.313,231.702,6,8.205,18.746,19.884,5,6,6,6,5,5,3.872,3.872,4.648,1,73,1.301,1.961,2.633,3,Other,i have read this text carefully,HR technology,No,NA,75,high,NA,35,Male,White,United Kingdom,Italy,NA,203.9999999999999,0.92,high
76,76,398,TRUE,2022-11-12T14:30:33Z,yes,1366x768,10.436,10.436,275.572,1,8.585,26.836,27.948,5,4,4,5,6,5,3.874,3.874,5.016,1,68,3.736,3.736,4.534,1,Other,I have read this text carefully,HR technology,No,NA,76,low,NA,25,Female,White,Canada,Canada,Full-Time,260.9999999999997,1,low
77,77,250,TRUE,2022-11-12T14:30:38Z,yes,1920x1200,20.339,21.543,139.97,2,1.509,16.445,17.519,5,4,4,3,4,3,3.382,3.382,4.2,1,32,6.254,6.254,7.438,1,Other,I have read this text carefully,HR technology,No,NA,77,high,NA,32,Female,Asian,United Kingdom,China,NA,110.00000000000016,1,high
78,78,533,TRUE,2022-11-12T14:30:40Z,yes,1280x720,14.712,14.712,318.363,1,8.552,26.687,27.503,8,5,5,5,4,4,4.327,4.327,5.418,1,66,10.688,10.688,11.57,1,Other,I have read this text carefully,HR technology,No,NA,78,high,NA,52,Female,White,United Kingdom,United Kingdom,Part-Time,319.99999999999966,1,high
79,79,678,TRUE,2022-11-12T14:31:12Z,yes,1366x768,26.478,26.478,331.708,1,10.418,42.768,44.633,7,6,7,6,7,6,14.927,14.927,15.838,1,81,12.163,12.163,16.202,1,Other,I have read this text carefully,HR technology,No,NA,79,high,NA,42,Male,White,United Kingdom,United Kingdom,NA,414.0000000000003,1,high
82,82,305,TRUE,2022-11-12T14:32:09Z,yes,1440x900,10.562,10.562,185.842,1,1.199,31.533,34.266,7,3,5,6,3,4,5.473,6.272,8.167,2,8,5.301,5.301,6.398,1,Other,I have read this text carefully,HR technology,No,NA,82,low,NA,25,Male,White,France,France,Unemployed (and job seeking),159.0000000000002,1,low
83,83,341,TRUE,2022-11-12T14:32:12Z,yes,1536x864,9.828,9.828,180.992,1,7.969,23.505,24.741,6,4,4,5,5,5,5.581,5.581,6.584,1,46,6.163,6.163,7.343,1,Other,I have read this text carefully,HR technology,No,NA,83,low,NA,50,Female,White,United Kingdom,United Kingdom,NA,166.0000000000003,1,low
85,85,293,TRUE,2022-11-12T14:32:26Z,yes,1366x768,10.121,10.121,148.538,1,8.992,33.99,55.878,4,5,6,6,5,6,9.405,9.405,10.373,1,65,7.245,7.245,8.063,1,Other,I have read this text carefully,HR technology,No,NA,85,high,NA,63,Female,White,United Kingdom,United Kingdom,NA,142.99999999999977,1,high
88,88,571,TRUE,2022-11-12T14:32:32Z,yes,1680x1050,221.897,221.897,423.934,1,36.78,43.38,44.729,4,4,4,5,4,5,6.61,6.61,7.662,1,45,6.925,6.925,8.208,1,Other,I have read this text carefully,HR technology,No,NA,88,high,NA,49,Male,White,United Kingdom,United Kingdom,Unemployed (and job seeking),201.00000000000009,1,high
89,89,229,TRUE,2022-11-12T14:32:50Z,yes,1512x982,11.653,11.653,62.98,1,5.445,16.521,17.442,6,2,6,6,5,4,4.859,4.859,5.693,1,64,3.742,3.742,4.538,1,Other,I have read this text carefully,HR technology,No,NA,89,high,NA,30,Female,White,United Kingdom,United Kingdom,Full-Time,120.0000000000001,0.92,high
90,90,272,TRUE,2022-11-12T14:32:54Z,yes,1512x982,2.816,2.816,204.564,1,3.665,13.725,15.09,5,5,5,5,6,6,3.168,3.168,4.086,1,66,3.669,3.669,4.5,1,Other,I have read this text carefully,HR technology,No,NA,90,high,NA,34,Male,White,United States,United States,Full-Time,194.9999999999996,1,high
91,91,292,TRUE,2022-11-12T14:32:57Z,yes,1920x1080,10.7,10.7,184.829,1,9.838,26.403,28.426,7,4,4,4,4,4,4.924,4.924,6.421,1,44,5.406,9.956,11.467,2,Other,I have read this text carefully,HR technology,No,NA,91,high,NA,56,Female,White,United Kingdom,United Kingdom,"Not in paid work (e.g. homemaker', 'retired or disabled)",162,1,high
94,94,350,TRUE,2022-11-12T14:33:17Z,yes,1920x1080,15.172,15.172,126.035,1,24.193,75.203,76.07,4,3,6,2,4,3,4.923,4.923,5.554,1,37,3.688,3.688,4.915,1,Other,I have read this text carefully,HR technology,No,NA,94,high,NA,34,Male,White,United States,United States,Unemployed (and job seeking),135,1,high
95,95,421,TRUE,2022-11-12T14:33:23Z,yes,375x812,10.2,16.931,313.57,2,6.038,18.328,19.354,9,6,5,4,5,2,6.01,6.745,7.625,2,29,3.984,3.984,4.767,1,Other,I have read this text,HR technology,No,NA,95,low,mobile,43,Male,White,United Kingdom,United Kingdom,Full-Time,292.00000000000006,1,low
96,96,429,TRUE,2022-11-12T14:33:32Z,yes,1543x732,18.491,18.491,290.012,1,14.835,24.675,28.093,4,4,6,5,6,5,5.291,5.291,7.011,1,69,10.204,10.204,11.24,1,Other,I have read this text carefully,HR technology,No,NA,96,low,NA,80,Male,White,United Kingdom,United Kingdom,NA,262.9999999999999,1,low
97,97,364,TRUE,2022-11-12T14:33:40Z,yes,1920x1080,2.983,2.983,236.825,1,6.669,19.242,21.127,4,5,6,5,5,5,5.25,5.25,5.888,1,71,4.204,4.204,4.776,1,Other,I have read this text carefully,HR technology,No,NA,97,low,NA,21,Male,Other,United Kingdom,United Kingdom,Full-Time,238.9999999999997,1,low
98,98,394,TRUE,2022-11-12T14:33:45Z,yes,2560x1440,29.146,54.254,269.961,2,12.586,32.941,33.71,4,7,6,6,6,7,5.499,5.499,6.786,1,63,5.403,8.929,9.895,2,Other,I have read this text carefully,HR technology,No,NA,98,high,NA,35,Female,Black,Canada,Canada,Full-Time,210.00000000000037,1,high
99,99,291,TRUE,2022-11-12T14:33:46Z,yes,1366x768,14.265,14.265,169.41,1,9.966,19.057,19.969,4,2,4,3,4,4,4.041,4.041,4.944,1,0,3.154,3.154,4.178,1,Other,'I have read this text carefully',HR technology,No,NA,99,low,NA,60,Female,White,United Kingdom,United Kingdom,Full-Time,135,1,low
100,100,274,TRUE,2022-11-12T14:33:56Z,yes,1920x1080,4.509,4.509,191.52,1,5.245,12.165,13.145,4,4,4,5,4,4,1.508,1.508,2.304,1,53,3.954,4.71,5.596,2,Other,I have read this text carefully,HR technology,No,NA,100,high,NA,21,Male,Asian,United Kingdom,United Kingdom,Full-Time,181.00000000000023,1,high
101,101,704,TRUE,2022-11-12T14:34:00Z,yes,1300x731,1.358,22.675,326.652,2,20.055,61.858,62.847,8,4,5,6,5,5,6.046,6.657,7.602,2,8,11.074,11.764,13.088,2,Other,I have read this text carefully,HR technology,No,NA,101,high,NA,52,Male,White,Canada,Canada,Other,429.0000000000002,1,high
102,102,459,TRUE,2022-11-12T14:34:02Z,yes,1536x864,15.559,15.559,306.382,1,17.401,44.282,45.306,7,4,4,5,3,3,12.572,13.987,14.995,2,31,3.842,3.842,4.958,1,Other,I have read this text carefully,HR technology,No,NA,102,high,NA,51,Female,White,United Kingdom,United Kingdom,Full-Time,287.00000000000006,1,high
103,103,337,TRUE,2022-11-12T14:34:20Z,yes,768x1024,12.424,12.424,161.434,1,3.153,37.536,38.088,10,5,6,6,5,5,6.791,6.791,7.301,1,7,4.515,6.913,10.199,2,Other,I have read this text carefully,HR technology,No,NA,103,low,NA,45,Female,White,United Kingdom,United Kingdom,Full-Time,39.999999999999744,0.92,low
104,104,426,TRUE,2022-11-12T14:34:21Z,yes,1440x900,26.333,26.333,311.576,1,5.408,20.609,22.268,5,6,6,5,6,5,4.899,4.899,8.201,1,33,4.623,4.623,6.046,1,Other,I have read this text carefully,HR technology,No,NA,104,high,NA,55,Male,White,United Kingdom,Germany,Full-Time,257.0000000000002,1,high
106,106,190,TRUE,2022-11-12T14:34:56Z,yes,1536x864,15.194,15.194,94.303,1,12.667,15.466,16.248,4,4,5,5,6,6,0.84,0.84,1.542,1,75,1.894,1.894,2.59,1,Other,I have read this text carefully,HR technology,No,NA,106,low,NA,42,Male,White,United Kingdom,Portugal,Full-Time,36.999999999999936,0.5,low
107,107,335,TRUE,2022-11-12T14:35:06Z,yes,1536x864,15.65,15.65,209.974,1,8.831,17.197,18.705,4,4,4,4,4,4,4.926,4.926,6.103,1,22,9.408,9.408,10.333,1,Other,i have read this text carefully,HR technology,No,NA,107,low,NA,53,Male,White,United Kingdom,United Kingdom,NA,149.9999999999999,1,low
108,108,265,TRUE,2022-11-12T14:35:08Z,yes,1280x720,5.156,155.788,157.591,3,5.465,20.003,22.209,7,5,4,5,3,4,2.995,2.995,4.059,1,81,2.27,2.27,3.274,1,Other,I have read this text carefully,HR technology,No,NA,108,low,NA,37,Male,White,United Kingdom,United Kingdom,Full-Time,135,1,low
109,109,266,TRUE,2022-11-12T14:35:09Z,yes,385x854,5.688,8.012,106.339,2,6.445,62.363,62.724,15,5,6,6,5,5,2.954,2.954,3.832,1,41,3.339,3.339,5.257,1,Other,I have read this text carefully,HR technology,No,NA,109,high,mobile,32,Male,White,United Kingdom,United Kingdom,Full-Time,110.99999999999982,1,high
110,110,311,TRUE,2022-11-12T14:35:19Z,yes,1920x1080,11.528,11.528,223.349,1,9.041,20.52,21.389,6,4,6,4,2,2,3.816,3.816,5.883,1,10,3.034,3.034,3.961,1,Other,I have read this text carefully,HR technology,No,NA,110,high,NA,32,Male,White,France,France,Full-Time,191.9999999999998,1,high
112,112,707,TRUE,2022-11-12T14:35:29Z,yes,1600x900,93.72,93.72,400.448,1,5.596,29.896,31.827,6,5,6,5,5,5,6.409,6.409,7.502,1,62,5.214,6.88,8.694,2,Other,I have read this text carefully,HR technology,No,NA,112,low,NA,48,Male,Asian,United Kingdom,United Kingdom,NA,466.9999999999998,1,low
113,113,496,TRUE,2022-11-12T14:35:37Z,yes,1366x768,8.153,8.153,345.747,1,6.931,22.986,24.249,7,5,7,6,5,4,8.022,8.022,9.475,1,28,7.382,7.382,8.687,1,Other,I have read this text carefully,HR technology,No,NA,113,low,NA,74,Female,White,United Kingdom,United Kingdom,"Not in paid work (e.g. homemaker', 'retired or disabled)",302.9999999999996,1,low
114,114,433,TRUE,2022-11-12T14:35:37Z,yes,384x854,5.497,268.059,270.03,3,9.24,46.43,48.402,15,5,4,4,5,4,4.763,4.763,6.473,1,66,4.204,4.204,6.288,1,Other,I have read this text carefully,HR technology,No,NA,114,low,mobile,47,Male,White,United Kingdom,United Kingdom,NA,85.99999999999997,1,low
116,116,687,TRUE,2022-11-12T14:36:04Z,yes,1680x1050,19.449,19.449,491.643,1,8.793,27.886,31.705,4,2,4,4,3,4,8.905,8.905,12.938,1,71,9.411,9.411,11.475,1,Other,I have read this text carefully,HR technology,No,NA,116,low,NA,57,Male,White,United Kingdom,United Kingdom,Part-Time,412.9999999999998,1,low
117,117,339,TRUE,2022-11-12T14:36:10Z,yes,360x780,2.588,7.432,239.552,2,4.169,19.003,21.56,14,7,7,7,7,6,11.062,11.657,12.384,2,95,3.629,3.629,4.923,1,Other,I have read this text carefully,HR technology,No,NA,117,high,mobile,51,Female,White,United Kingdom,United Kingdom,Full-Time,211.9999999999997,1,high
121,121,168,TRUE,2022-11-12T14:36:52Z,yes,384x854,8.905,8.905,96.506,1,3.602,10.014,10.403,14,4,5,5,5,3,1.101,2.142,2.664,3,67,1.757,1.757,2.333,1,Other,I have read this text carefully,HR technology,No,NA,121,low,mobile,34,Male,Asian,Canada,Canada,Full-Time,81.99999999999964,1,low
126,126,513,TRUE,2022-11-12T14:37:23Z,yes,2048x1152,11.471,11.471,230.989,1,35.045,139.004,140.775,4,2,5,5,4,3,46.164,46.164,48.992,1,8,4.349,6.431,8.585,2,Other,I have read this text carefully,HR technology,No,NA,126,low,NA,68,Male,White,United Kingdom,United Kingdom,NA,316.9999999999999,1,low
128,128,429,TRUE,2022-11-12T14:38:18Z,yes,1366x768,15.867,15.867,256.871,1,18.6,52.161,53.968,13,4,5,5,4,4,6.742,6.742,8.17,1,58,9.545,11.514,15.582,2,Other,I have read this text carefully,HR technology,No,NA,128,low,NA,67,Female,White,United Kingdom,United Kingdom,Full-Time,225.00000000000028,1,low
130,130,297,TRUE,2022-11-12T14:38:44Z,yes,1536x864,8.512,8.512,176.798,1,6.426,24.142,26.012,7,3,4,3,4,4,6.277,6.277,8.546,1,87,3.34,7.626,8.657,5,Other,I have read this text carefully,HR technology,No,NA,130,high,NA,55,Male,White,United Kingdom,United Kingdom,Full-Time,162.99999999999966,1,high
131,131,239,TRUE,2022-11-12T14:38:45Z,yes,1366x768,13.763,13.763,141.96,1,5.195,10.126,24.807,5,7,7,7,7,7,6.211,6.942,7.419,2,100,2.097,2.097,3.232,1,Other,I have read the text carefully,HR technology,No,NA,131,high,NA,41,Female,White,Canada,Canada,NA,105.00000000000018,1,high
132,132,595,TRUE,2022-11-12T14:38:46Z,yes,1920x1080,4.433,22.1,347.421,5,2.811,15.922,17.773,4,4,7,4,4,2,6.429,6.429,8.35,1,100,3.832,3.832,4.56,1,Other,I have read this text carefully,HR technology,No,NA,132,high,NA,31,Male,Mixed,Canada,Canada,NA,439.99999999999983,1,high
133,133,573,TRUE,2022-11-12T14:39:01Z,yes,1280x720,17.334,17.334,292.22,1,17.879,36.421,37.334,7,4,7,7,7,6,4.432,4.432,5.536,1,100,2.875,3.625,4.673,2,Other,I have read this  text carefully,HR technology,No,NA,133,low,NA,39,Female,White,United Kingdom,United Kingdom,Full-Time,208.00000000000023,1,low
135,135,418,TRUE,2022-11-12T14:39:15Z,yes,1920x1080,14.85,19.899,63.904,3,149.715,242.426,245.575,8,3,5,5,3,3,42.881,44.105,44.71,3,12,3.172,3.172,4.03,1,Other,I have read this text carefully,HR technology,No,NA,135,low,NA,41,Male,Asian,United Kingdom,United Kingdom,NA,265.99999999999966,1,low
136,136,297,TRUE,2022-11-12T14:39:16Z,yes,1280x720,14.177,14.177,128.759,1,29.664,56.796,57.501,4,5,5,5,5,6,2.025,2.025,2.751,1,44,2.033,2.033,2.854,1,Other,I have read this text carefully,HR technology,No,NA,136,high,NA,21,Male,White,United Kingdom,United Kingdom,Unemployed (and job seeking),107.00000000000034,1,high
137,137,497,TRUE,2022-11-12T14:39:16Z,yes,390x844,12.772,20.942,285.774,3,4.459,55.368,56.464,15,5,5,5,5,4,6.731,7.29,8.298,2,21,9.911,9.911,10.984,1,Other,I have read this text carefully,HR technology,No,NA,137,low,mobile,38,Female,White,United Kingdom,United Kingdom,Full-Time,510.9999999999999,1,low
138,138,499,TRUE,2022-11-12T14:39:16Z,yes,390x844,8.168,212.96,214.648,3,6.406,24.073,24.834,13,5,6,5,5,5,4.068,4.552,5.226,2,62,4.275,4.275,4.931,1,Other,I have read this text carefully,HR technology,No,NA,138,high,mobile,40,Male,White,United Kingdom,United Kingdom,Full-Time,324,1,high
140,140,335,TRUE,2022-11-12T14:40:04Z,yes,1366x768,2.507,2.507,205.093,1,5.915,17.302,17.883,5,3,4,5,4,3,3.467,5.663,6.825,2,0,5.341,5.341,6.263,1,Other,I have read this text carefully,HR technology,No,NA,140,low,NA,36,Male,White,United Kingdom,United Kingdom,Full-Time,186.0000000000002,1,low
141,141,558,TRUE,2022-11-12T14:40:25Z,yes,1366x768,1.052,14.617,316.052,2,1.064,20.122,21.048,8,4,5,6,5,6,2.794,3.948,4.896,2,46,3.255,4.201,5.499,2,Other,I have read this text carefully,HR technology,No,NA,141,high,NA,37,Female,White,United Kingdom,United Kingdom,NA,336.9999999999998,1,high
142,142,465,TRUE,2022-11-12T14:40:50Z,yes,1366x768,40.738,40.738,305.834,1,18.442,37.52,39.34,5,4,6,5,3,5,5.726,5.726,7.104,1,23,7.024,7.024,9.736,1,Other,I have read this text carefully,HR technology,No,NA,142,low,NA,53,Male,Other,Canada,Canada,Full-Time,260.00000000000006,1,low
144,144,864,TRUE,2022-11-12T14:42:03Z,yes,1366x768,14.149,14.149,323.508,1,67.517,135.792,137.244,19,7,6,5,6,6,140.036,141.108,144.183,2,34,5.351,11.63,14.002,4,Other,I have read this text carefully,HR technology,No,NA,144,high,NA,58,Female,White,United Kingdom,United Kingdom,"Not in paid work (e.g. homemaker', 'retired or disabled)",375.99999999999983,1,high
145,145,848,TRUE,2022-11-12T14:42:04Z,yes,1536x864,152.782,152.782,706.216,1,9.9,33.653,35.591,6,5,6,6,5,6,4.326,4.326,5.164,1,65,5.805,5.805,7.53,1,Other,I have read this text carefully,HR technology,No,NA,145,low,NA,32,Male,Black,United Kingdom,United States,Full-Time,270.99999999999966,1,low
146,146,582,TRUE,2022-11-12T14:42:18Z,yes,1536x864,6.346,6.346,341.307,1,4.746,13.417,14.217,6,5,4,3,4,3,2.274,3.141,4.438,2,75,2.869,2.869,3.987,1,Other,I have read this text carefully.,HR technology,No,NA,146,high,NA,42,Male,White,United States,Australia,Part-Time,147.99999999999974,1,high
147,147,586,TRUE,2022-11-12T14:42:24Z,yes,1366x768,18.935,18.935,345.614,1,7.298,23.354,24.327,6,6,6,5,6,5,5.512,5.512,6.823,1,81,5.866,5.866,7.419,1,Other,I have read this text carefully,HR technology,No,NA,147,high,NA,71,Male,White,Canada,Canada,Other,419.0000000000003,1,high
148,148,731,TRUE,2022-11-12T14:43:08Z,yes,414x896,0,0,33.594,0,113.749,122.359,125.153,13,5,5,5,5,5,1.33,2.939,3.574,3,72,1.49,2.149,3.22,2,Other,I have read this text carefully,HR technology,No,NA,148,low,mobile,24,Female,Asian,United Kingdom,United Kingdom,Full-Time,62.999999999999424,1,low
149,149,729,TRUE,2022-11-12T14:43:22Z,yes,1440x900,20.266,20.266,344.319,1,16.449,38.216,39.341,4,4,6,5,6,5,5.717,5.717,6.893,1,40,7.159,9.341,10.845,2,Other,I have read this text carefully,HR technology,No,NA,149,low,NA,61,Female,White,United Kingdom,United Kingdom,"Not in paid work (e.g. homemaker', 'retired or disabled)",510.9999999999999,1,low
150,150,561,TRUE,2022-11-12T14:43:32Z,yes,2560x1440,24.291,24.291,339.507,1,4.2,21.768,22.619,6,6,6,6,6,6,6.644,6.644,7.476,1,62,6.609,6.609,7.525,1,Other,I have read this text carefully,HR technology,No,NA,150,high,NA,46,Male,White,United Kingdom,United Kingdom,Part-Time,355.99999999999994,1,high
152,152,1441,TRUE,2022-11-12T14:45:46Z,yes,1280x720,12.761,26.729,334.93,2,102.949,240.564,243.965,4,4,3,7,3,5,10.089,10.089,11.459,1,100,5.923,5.923,7.477,1,Other,I have read this text carefully,HR technology,No,NA,152,low,NA,66,Female,White,United Kingdom,United Kingdom,Part-Time,297.99999999999966,1,low
153,153,905,TRUE,2022-11-12T14:45:58Z,yes,1280x720,7.324,7.324,100.794,1,2.916,10.745,11.801,5,4,6,5,4,4,1.316,1.316,2.452,1,36,2.433,2.433,3.2,1,Other,I have read this text carefully,HR technology,No,NA,153,low,NA,47,Female,White,United States,United States,NA,90.99999999999994,1,low
155,155,254,TRUE,2022-11-12T14:49:39Z,yes,1024x768,12.164,12.164,153.214,1,8.202,24.122,25.889,4,3,4,2,4,3,4.357,4.357,5.345,1,9,3.084,3.084,4.013,1,Other,I have read this text carefully,HR technology,No,NA,155,low,NA,60,Male,White,United Kingdom,United Kingdom,Full-Time,117.99999999999994,1,low
157,157,199,TRUE,2022-11-12T15:04:08Z,yes,1440x900,47.141,47.709,138.35,2,3.704,9.79,11.058,5,2,2,6,2,5,0.949,3.263,3.947,2,100,2.213,2.213,2.703,1,Other,I have read this text carefully,HR technology,No,NA,157,low,NA,33,Male,White,United Kingdom,United Kingdom,Unemployed (and job seeking),83.99999999999982,1,low
160,160,789,TRUE,2022-11-12T15:13:45Z,yes,1024x1366,34.158,465.407,468.188,3,10.449,138.216,139.311,13,5,6,6,4,5,9.839,25.832,26.568,2,58,6.813,6.813,8.822,1,Other,I have read this text carefully,HR technology,No,NA,160,high,NA,63,Male,White,United Kingdom,United Kingdom,Part-Time,404.00000000000034,1,high
162,162,1029,TRUE,2022-11-12T15:18:11Z,yes,412x915,16.844,16.844,319.348,1,15.388,44.458,45.511,9,6,6,7,6,5,10.001,10.001,11.195,1,64,11,11,12.934,1,Other,I have read this text carefully,HR technology,No,NA,162,high,mobile,46,Male,Asian,United Kingdom,United Kingdom,Full-Time,314.00000000000006,1,high
165,165,135,TRUE,2022-11-12T17:05:34Z,yes,428x926,3.483,3.483,32.533,1,0.76,24.49,25.721,17,4,4,5,5,5,3.128,3.128,17.778,1,67,3.515,3.515,4.072,1,Other,I have read this text carefully,HR technology,No,NA,165,high,mobile,31,Male,White,United Kingdom,United Kingdom,Full-Time,144.00000000000028,0.92,high
166,166,308,TRUE,2022-11-12T17:08:42Z,yes,1366x768,10.995,10.995,204.764,1,3.837,19.896,20.808,7,2,5,5,4,4,7.066,7.066,7.99,1,36,3.811,3.811,4.925,1,Other,I have read this text carefully,HR technology,No,NA,166,low,NA,46,Female,White,United Kingdom,United Kingdom,"Not in paid work (e.g. homemaker', 'retired or disabled)",181.9999999999999,1,low
168,168,299,TRUE,2022-11-12T17:08:50Z,yes,414x896,19.638,19.638,124.044,1,3.76,42.273,43.107,11,6,5,6,5,6,5.172,5.172,6.052,1,85,4.664,4.664,5.342,1,Other,I have read this text carefully,HR technology,No,NA,168,high,mobile,28,Male,Black,Germany,Togo,Part-Time,334.9999999999996,1,high
169,169,360,TRUE,2022-11-12T17:09:30Z,yes,1920x1080,14.255,14.255,239.921,1,6.2,19.363,20.354,4,3,4,3,3,2,4.876,4.876,5.98,1,38,5.866,5.866,6.951,1,Other,I have read this text carefully,HR technology,No,NA,169,high,NA,66,Male,White,United Kingdom,United Kingdom,"Not in paid work (e.g. homemaker', 'retired or disabled)",186.99999999999983,1,high
170,170,437,TRUE,2022-11-12T17:10:42Z,yes,1707x960,14.077,14.077,318.013,1,6.136,17.733,18.234,6,5,5,4,5,3,3.833,3.833,4.826,1,55,3.774,3.774,4.536,1,Other,I have read this text carefully,HR technology,No,NA,170,high,NA,43,Male,White,United Kingdom,Ukraine,Part-Time,345.00000000000034,1,high
171,171,445,TRUE,2022-11-12T17:10:50Z,yes,1440x900,10.538,10.538,178.47,1,16.681,37.721,38.55,4,4,6,5,3,5,3.537,3.537,4.582,1,81,3.292,3.292,4.1,1,Other,I have read this text carefully,HR technology,No,NA,171,low,NA,48,Male,White,United Kingdom,United Kingdom,NA,139.0000000000003,1,low
