ID,IP_address,duration_study,finished,recordeddate,consent,browser_info_resolution,timer_pitch_deck_first click,timer_pitch_deck_last click,timer_pitch_deck_page submit,timer_pitch_deck_click count,timer_mc_design_first click,timer_mc_design_last click,timer_mc_design_page submit,timer_mc_design_click count,contrast,clarity,simplicity,symmetry,timer_mc_flu_first click,timer_mc_flu_last click,timer_mc_flu_page submit,timer_mc_flu_click count,fluency,timer_mc_quality_first click,timer_mc_quality_last click,timer_mc_quality_page submit,timer_mc_quality_click count,quality,attention_check,attention_check_text,comprehension_check,PROLIFIC_PID,fluency_condition,device,age,sex,ethnicity,country,nationality,employment,duration_pitch_deck,completion,treatment
1,1,401,TRUE,2022-12-19T13:37:33Z,yes,2560x1440,17.605,17.605,261.528,1,5.955,22.758,29.963,5,2,2,5,2,4.283,5.285,6.544,2,14,9.626,31.834,32.631,2,5,Other,I have read this text carefully,Medical innovation,1,low,NA,38,Female,White,United Kingdom,United Kingdom,Full-Time,233.00000000000006,1,low
3,3,285,TRUE,2022-12-19T13:41:01Z,yes,1366x768,17.26,17.26,159.818,1,6.152,21.55,22.972,6,2,3,2,6,5.962,5.962,8.279,1,19,9.613,11.4,13.134,2,6,Other,I have read this text carefully,Medical innovation,3,low,NA,60,Female,White,Canada,Canada,Full-Time,142.00000000000014,1,low
5,5,244,TRUE,2022-12-19T13:41:34Z,yes,2560x1440,6.857,8.377,154.285,2,12.863,27.398,28.21,5,6,7,4,7,4.032,4.032,4.692,1,87,7.447,7.447,10.73,1,7,Other,I have read this text carefully,Medical innovation,5,high,NA,40,Female,White,United States,United States,NA,139.0000000000003,1,high
7,7,345,TRUE,2022-12-19T13:42:11Z,yes,1280x720,19.595,19.595,239.203,1,3.259,14.195,16.725,6,5,7,5,5,4.433,4.433,5.625,1,71,16.559,16.559,18.616,1,6,Other,I have read this text carefully,Medical innovation,7,low,NA,25,Male,White,United States,United States,Unemployed (and job seeking),211.00000000000003,1,low
9,9,257,TRUE,2022-12-19T13:43:02Z,yes,360x747,0.679,16.182,176.231,4,7.59,21.433,21.902,19,2,4,5,2,3.503,3.503,4.005,1,45,4.173,6.077,6.767,3,5,Other,I have read this text carefully,Medical innovation,9,low,mobile,25,Female,White,United Kingdom,United Kingdom,Full-Time,95.9999999999999,1,low
10,10,187,TRUE,2022-12-19T13:43:43Z,yes,1280x720,15.456,17.406,60.005,2,4.01,31.663,32.949,10,6,7,5,3,3.685,3.685,4.421,1,76,4.748,4.748,5.679,1,6,Other,I have read this text carefully,Medical innovation,10,high,NA,27,Female,White,United Kingdom,United Kingdom,Full-Time,42.99999999999955,1,high
11,11,283,TRUE,2022-12-19T13:44:40Z,yes,1920x1080,5.701,5.701,214.997,1,2.786,11.411,12.336,10,3,5,7,7,2.24,2.24,3.301,1,94,4.632,9.633,10.102,6,6,Other,I have read this text carefully,Medical innovation,11,low,NA,44,Male,White,Canada,Canada,Full-Time,203.9999999999999,1,low
12,12,241,TRUE,2022-12-19T13:45:17Z,yes,1366x768,14.864,14.864,113.493,1,4.574,16.938,18.177,6,5,5,3,6,3.675,3.675,4.339,1,95,3.973,3.973,5.468,1,6,Other,I have read this text carefully,Medical innovation,12,high,NA,47,Female,White,United Kingdom,United Kingdom,Full-Time,90.99999999999994,1,high
13,13,336,TRUE,2022-12-19T13:45:24Z,yes,1536x960,13.647,13.647,221.827,1,6.582,18.192,19.424,4,5,4,3,5,4.179,4.179,4.999,1,78,5.977,7.373,8.659,2,6,Other,I have read this text carefully,Medical innovation,13,low,NA,55,Female,White,United Kingdom,United Kingdom,Full-Time,201.99999999999974,1,low
15,15,400,TRUE,2022-12-19T13:46:14Z,yes,1280x720,19.939,19.939,281.782,1,5.349,21.303,22.336,4,5,5,3,4,6.245,6.245,9.676,1,60,7.229,7.9,8.85,2,6,Other,I have read this text carefully,Medical innovation,15,high,NA,62,Female,White,United Kingdom,United Kingdom,Other,248.99999999999963,1,high
16,16,238,TRUE,2022-12-19T13:47:16Z,yes,1440x960,8.099,8.099,152.063,1,2.455,12.726,15.481,5,5,5,3,4,2.284,4.541,5.521,2,73,3.304,4.5,5.506,2,6,Other,I have read this text carefully,Medical innovation,16,high,NA,44,Female,Mixed,Canada,Canada,Full-Time,130.9999999999997,1,high
19,19,202,TRUE,2022-12-19T13:48:58Z,yes,1440x900,18.031,111.125,112.544,3,2.857,13.364,14.201,5,1,1,2,1,3.375,3.375,4.525,1,9,12.309,12.309,13.068,1,5,Other,I have read this text carefully,Medical innovation,19,low,NA,37,Female,White,United Kingdom,United Kingdom,Part-Time,105.99999999999984,1,low
20,20,346,TRUE,2022-12-19T13:49:18Z,yes,810x1080,19.094,19.094,244.646,1,9.584,21.597,22.118,7,3,4,3,7,4.429,4.429,5.664,1,42,7.109,7.741,8.285,2,7,Other,I have read this text carefully,Medical innovation,20,high,NA,64,Female,White,United Kingdom,United Kingdom,"Not in paid work (e.g. homemaker', 'retired or disabled)",210.00000000000037,1,high
22,22,491,TRUE,2022-12-19T13:49:50Z,yes,375x667,4.699,280.936,306.296,4,7.627,38.401,39.452,24,4,5,4,5,5.211,8.276,9.708,2,39,11.001,13.552,14.982,5,6,Other,I have read this text carefully,Medical innovation,22,low,mobile,39,Female,White,United States,Costa Rica,NA,537.9999999999998,1,low
23,23,333,TRUE,2022-12-19T13:50:18Z,yes,1440x900,24.012,24.012,229.772,1,4.613,16.139,16.89,7,1,2,2,5,2.842,4.402,5.753,4,21,6.322,6.821,7.678,2,4,Other,I have read this text carefully,Medical innovation,23,low,NA,24,Male,White,Germany,Germany,Due to start a new job within the next month,169.99999999999974,1,low
27,27,154,TRUE,2022-12-19T13:51:23Z,yes,1440x900,4.15,4.15,71.123,1,4.529,14.187,15.594,4,5,5,2,4,4.844,4.844,5.822,1,26,6.546,6.546,7.348,1,6,Other,I have read this text carefully,Medical innovation,27,low,NA,24,Female,White,Canada,Croatia,Unemployed (and job seeking),56.99999999999981,1,low
29,29,222,TRUE,2022-12-19T13:51:58Z,yes,1512x982,7.513,7.513,123.563,1,9.052,24.392,25.089,7,7,6,5,5,2.446,2.446,3.333,1,21,19.08,19.08,19.904,1,6,Other,I have read this text carefully,Medical innovation,29,high,NA,63,Female,Asian,United Kingdom,United Kingdom,Full-Time,79.99999999999949,1,high
30,30,236,TRUE,2022-12-19T13:52:13Z,yes,414x896,3.369,142.657,144.243,3,2.009,30.038,31.322,21,2,2,7,5,3.074,3.074,3.564,1,96,5.169,6.442,7.141,3,6,Other,I have read this text carefully,Medical innovation,30,low,mobile,57,Female,White,United Kingdom,United Kingdom,NA,927.9999999999965,1,low
31,31,297,TRUE,2022-12-19T13:52:17Z,yes,1536x864,12.784,12.784,203.947,1,2.635,11.517,12.549,7,4,7,2,7,2.718,2.718,4.375,1,53,6.582,6.582,7.974,1,4,Other,I have read this text carefully,Medical innovation,31,high,NA,21,Male,Other,United States,United States,NA,181.9999999999999,1,high
32,32,173,TRUE,2022-12-19T13:52:23Z,yes,1920x1080,12.336,12.336,95.927,1,6.728,14.479,15.535,6,5,5,5,6,3.83,3.83,4.828,1,18,6.764,6.764,7.561,1,4,Other,I have read this text carefully,Medical innovation,32,high,NA,27,Male,White,France,France,Full-Time,78.99999999999984,0.58,high
33,33,349,TRUE,2022-12-19T13:52:30Z,yes,1440x900,28.371,28.371,113.801,1,5.789,30.6,31.414,6,4,6,5,6,5.257,7.416,8.712,2,12,9.475,9.475,10.425,1,6,Other,I have read this text carefully,Medical innovation,33,high,NA,54,Female,White,United Kingdom,United Kingdom,Full-Time,191.00000000000014,1,high
34,34,896,TRUE,2022-12-19T13:52:38Z,yes,1680x1050,11.825,11.825,454.15,1,1.495,11.299,12.136,5,5,6,3,6,2.052,3.373,4.964,3,6,1.463,3.941,4.881,4,5,Other,I have read this text carefully,Medical innovation,34,high,NA,33,Female,White,United Kingdom,United Kingdom,Full-Time,388.99999999999955,1,high
37,37,276,TRUE,2022-12-19T13:52:54Z,yes,1184x666,21.422,21.422,157.154,1,7.666,14.074,16.127,4,5,5,2,5,4.972,4.972,6.394,1,7,13.012,13.012,14.661,1,4,Other,I have read this text carefully,Medical innovation,37,high,NA,65,Male,Asian,Canada,Canada,Part-Time,120.0000000000001,1,high
38,38,224,TRUE,2022-12-19T13:53:04Z,yes,1680x1050,14.263,16.996,151.344,2,3.781,14.315,15.253,5,3,3,4,2,3.767,3.767,4.537,1,32,4.714,4.714,5.367,1,6,Other,I have read this text carefully,Medical innovation,38,low,NA,35,Female,White,United Kingdom,United Kingdom,Full-Time,120.99999999999973,1,low
40,40,350,TRUE,2022-12-19T13:53:37Z,yes,820x1180,10,207.72,208.971,5,2.588,17.263,18.304,13,5,3,1,3,3.3,8.899,9.962,3,3,20.852,20.852,22.04,1,3,Other,I have read this text carefully,Medical innovation,40,low,NA,26,Female,Asian,United Kingdom,Philippines,Full-Time,98.99999999999972,1,low
42,42,412,TRUE,2022-12-19T13:53:47Z,yes,390x844,4.234,285.562,286.421,7,3.031,12.746,13.423,15,5,6,5,6,1.885,4.285,4.687,4,94,5.192,6.692,7.299,3,5,Other,I have read this text carefully,Medical innovation,42,high,mobile,32,Male,White,France,France,NA,360.0000000000003,1,high
44,44,380,TRUE,2022-12-19T13:54:01Z,yes,1366x768,11.87,46.345,58.745,2,5.352,106.692,111.222,5,5,7,6,7,3.699,5.529,6.61,2,93,31.357,31.357,32.555,1,7,Other,I have read this text carefully.,Medical innovation,44,high,NA,21,Female,Black,Canada,Nigeria,Unemployed (and job seeking),152.00000000000009,1,high
45,45,317,TRUE,2022-12-19T13:54:06Z,yes,360x800,3.754,14.046,185.701,6,5.719,27.323,28.539,24,5,5,2,5,3.028,4.117,5.779,2,36,7.479,9.484,10.436,4,6,Other,I have read this text carefully,Medical innovation,45,low,mobile,68,Female,White,United Kingdom,United Kingdom,"Not in paid work (e.g. homemaker', 'retired or disabled)",88.00000000000013,1,low
46,46,476,TRUE,2022-12-19T13:54:09Z,yes,1920x1080,25.856,25.856,329.39,1,10.078,21.413,22.354,4,4,5,4,4,6.919,10.463,11.619,2,75,9.678,10.901,12.497,2,6,Other,I have read this text carefully,Medical innovation,46,low,NA,57,Male,White,United Kingdom,Romania,Full-Time,287.9999999999997,1,low
47,47,446,TRUE,2022-12-19T13:54:25Z,yes,1920x1080,10.784,10.784,289.859,1,9.109,22.461,25.011,4,3,3,4,5,7.328,7.328,9.909,1,65,9.365,9.365,11.066,1,5,Other,' I have read this text carefully',Medical innovation,47,low,NA,63,Male,White,United Kingdom,United Kingdom,"Not in paid work (e.g. homemaker', 'retired or disabled)",269.00000000000034,1,low
52,52,332,TRUE,2022-12-19T13:56:04Z,yes,1440x900,13.385,13.385,200.595,1,3.827,15.3,15.99,6,4,3,3,6,3.727,3.727,4.471,1,45,25.023,26.898,27.374,4,5,Other,I have read this text carefully,Medical innovation,52,low,NA,25,Female,White,Israel,Israel,Full-Time,164.00000000000017,1,low
56,56,524,TRUE,2022-12-19T13:56:41Z,yes,1920x1080,21.065,21.065,339.167,1,1.243,17.308,18.368,7,7,5,5,6,4.531,6.213,6.868,2,37,8.165,8.165,13.874,1,6,Other,I have read this text carefully,Medical innovation,56,high,NA,29,Female,Asian,United Kingdom,Vietnam,NA,297,1,high
59,59,377,TRUE,2022-12-19T13:57:27Z,yes,1920x1080,54.668,54.668,160.536,1,3.993,24.935,27.682,8,3,6,4,2,4.455,4.455,37.356,1,28,64.35,64.35,65.102,1,5,Other,I have read this text carefully,Medical innovation,59,low,NA,33,Female,White,Canada,Canada,NA,132.0000000000002,0.58,low
60,60,165,TRUE,2022-12-19T13:57:30Z,yes,1920x1080,10.49,10.49,69.651,1,4.769,10.833,12.82,5,6,6,6,5,2.949,2.949,3.763,1,78,5.558,6.097,6.869,2,5,Other,I have read this text carefully,Medical innovation,60,high,NA,42,Female,Black,United Kingdom,United Kingdom,NA,55.9999999999993,1,high
61,61,221,TRUE,2022-12-19T13:57:42Z,yes,1920x1080,23.626,23.626,117.454,1,5.887,27.407,28.396,8,4,4,1,3,4.778,4.778,5.853,1,32,7.339,7.339,8.59,1,4,Other,I have read this text carefullly,Medical innovation,61,high,NA,57,Female,White,United Kingdom,United Kingdom,Part-Time,84.99999999999945,0.92,high
62,62,110,TRUE,2022-12-19T13:57:44Z,yes,375x667,0.858,0.858,2.662,1,5.247,20.313,21.201,15,6,3,2,4,1.773,5.004,6.011,4,20,7.773,10.272,11.474,4,6,Other,I have read this text carefully,Medical innovation,62,low,mobile,48,Female,White,United Kingdom,United Kingdom,Other,687.9999999999998,1,low
63,63,374,TRUE,2022-12-19T13:58:52Z,yes,1536x864,19.116,19.116,267.9,1,3.826,24.466,28.762,7,4,3,1,4,3.284,3.284,5.129,1,11,10.271,11.429,14.649,2,4,Other,I have read this text carefully,Medical innovation,63,high,NA,50,Female,White,United Kingdom,United Kingdom,Part-Time,223.99999999999977,1,high
64,64,325,TRUE,2022-12-19T13:58:59Z,yes,1440x900,12.031,12.031,214.249,1,5.901,14.208,14.994,5,4,6,5,5,3.782,3.782,4.787,1,66,9.127,9.824,10.735,2,5,Other,I have read this text carefully,Medical innovation,64,low,NA,32,Female,White,United Kingdom,United Kingdom,"Not in paid work (e.g. homemaker', 'retired or disabled)",193.99999999999994,1,low
65,65,307,TRUE,2022-12-19T13:59:13Z,yes,414x896,5.078,9.695,213.73,2,2.262,18.543,19.3,19,6,7,4,7,3.449,3.449,5.046,1,83,6.224,7.509,8.077,3,7,Other,I have read this text carefully,Medical innovation,65,high,mobile,24,Female,White,United Kingdom,Greece,Full-Time,346,1,high
68,68,172,TRUE,2022-12-19T13:59:41Z,yes,1440x900,15.961,15.961,62.106,1,4.243,32.646,33.541,7,6,5,3,4,4.341,4.341,5.626,1,19,6.142,6.142,7.002,1,5,Other,I have read this text carefully,Medical innovation,68,low,NA,39,Male,White,United Kingdom,Ireland,Unemployed (and job seeking),49.00000000000003,1,low
70,70,159,TRUE,2022-12-19T13:59:51Z,yes,1366x768,12.58,12.58,81.627,1,2.328,9.752,10.699,5,7,7,1,7,3.624,4.977,6.259,3,64,5.751,5.751,6.665,1,6,Other,I have read this text carefully,Medical innovation,70,high,NA,22,Female,White,United States,United States,Unemployed (and job seeking),65.99999999999923,1,high
71,71,245,TRUE,2022-12-19T14:00:01Z,yes,414x896,5.332,8.162,124.801,3,3.115,22.911,24.322,12,4,2,3,5,3.559,5.6,6.739,3,27,7.694,12.526,13.787,6,5,Other,I have read this text carefully,Medical innovation,71,low,mobile,69,Male,White,United Kingdom,United Kingdom,"Not in paid work (e.g. homemaker', 'retired or disabled)",98.00000000000006,1,low
73,73,142,TRUE,2022-12-19T14:00:12Z,yes,1680x1050,4.773,19.278,20.698,2,6.107,29.188,30.203,5,5,3,5,6,3.64,3.64,4.657,1,16,30.872,31.566,32.63,2,2,Other,I have read this text carefully,Medical innovation,73,high,NA,31,Male,Asian,Canada,Canada,NA,42.99999999999955,1,high
74,74,255,TRUE,2022-12-19T14:00:25Z,yes,1600x1200,8.037,8.037,156.941,1,4.672,16.815,18.617,8,6,7,7,6,3.002,3.002,3.92,1,100,4.947,4.947,5.826,1,6,Other,I have read this text carefully,Medical innovation,74,high,NA,51,Male,White,United Kingdom,United Kingdom,Full-Time,137.9999999999998,0.92,high
75,75,195,TRUE,2022-12-19T14:00:28Z,yes,1920x1080,4.636,4.636,116.043,1,5.749,20.858,21.511,6,4,7,6,5,3.585,4.101,4.387,2,85,7.79,8.049,9.108,2,5,Other,I have read this text carefully,Medical innovation,75,low,NA,29,Female,White,United Kingdom,United Kingdom,Full-Time,108.99999999999964,1,low
76,76,500,TRUE,2022-12-19T14:00:34Z,yes,1366x768,20.287,20.287,311.004,1,8.374,20.02,21.109,11,5,6,3,4,3.917,3.917,5.357,1,29,7.484,7.484,8.28,1,5,Other,I have read this text carefully.,Medical innovation,76,high,NA,40,Female,Asian,Canada,Canada,Full-Time,274.00000000000034,1,high
77,77,178,TRUE,2022-12-19T14:00:50Z,yes,360x780,6.055,9.067,30.151,2,3.249,16.125,16.77,16,4,3,2,3,6.24,6.24,6.786,1,23,8.358,9.394,10.128,2,4,Other,I have read this text carefully,Medical innovation,77,low,mobile,37,Female,White,United Kingdom,United Kingdom,Full-Time,36.999999999999936,1,low
79,79,291,TRUE,2022-12-19T14:01:15Z,yes,1280x1024,8.591,8.591,186.104,1,6.997,22.788,23.73,10,4,5,2,5,3.496,3.496,4.344,1,37,5.8,5.8,6.693,1,4,Other,I have read this text carefully,Medical innovation,79,high,NA,36,Male,White,United Kingdom,United Kingdom,Full-Time,154.99999999999986,1,high
81,81,149,TRUE,2022-12-19T14:01:32Z,yes,412x915,7.494,7.494,41.548,1,1.811,18.249,18.584,13,6,2,5,2,2.736,2.736,3.771,1,27,5.652,6.077,6.606,2,3,Other,I have read this text carefully,Medical innovation,81,low,mobile,34,Female,White,Canada,Canada,Full-Time,42.99999999999955,1,low
83,83,226,TRUE,2022-12-19T14:01:58Z,yes,1280x720,1.069,123.693,124.534,4,4.489,15.337,16.307,4,5,6,6,6,10.996,10.996,11.979,1,88,9.217,9.217,10.447,1,6,Other,'I have read this text carefully',Medical innovation,83,high,NA,41,Male,White,United Kingdom,United Kingdom,Full-Time,97.00000000000043,1,high
84,84,341,TRUE,2022-12-19T14:02:08Z,yes,390x844,6.919,12.601,248.249,2,8.933,22.375,23.418,13,4,6,2,3,2.562,4.268,5.087,3,22,5.322,9.246,9.767,2,5,Other,I have read this text carefully,Medical innovation,84,low,mobile,38,Female,White,United Kingdom,United Kingdom,Full-Time,230.00000000000026,1,low
87,87,297,TRUE,2022-12-19T14:02:41Z,yes,1366x768,9.711,191.055,194.334,2,6.232,17.667,19.276,4,5,3,3,4,5.196,5.196,6.248,1,44,5.841,5.841,6.828,1,6,Other,I have read this text carefully,Medical innovation,87,low,NA,48,Female,White,United Kingdom,United Kingdom,Part-Time,171.99999999999994,1,low
90,90,373,TRUE,2022-12-19T14:02:49Z,yes,1366x768,12.345,12.345,280.375,1,7.906,22.531,23.597,6,5,6,6,6,2.653,2.653,3.68,1,84,5.933,5.933,6.937,1,7,Other,I have read this text carefully,Medical innovation,90,low,NA,40,Male,White,United Kingdom,United Kingdom,Full-Time,250.00000000000014,1,low
92,92,328,TRUE,2022-12-19T14:03:14Z,yes,1440x900,12.477,12.477,183.975,1,8.33,22.266,23.355,5,4,4,3,4,2.49,3.196,5.855,2,44,15.598,15.598,16.5,1,5,Other,I have read this text carefully,Medical innovation,92,low,NA,43,Male,Black,United States,United States,NA,164.00000000000017,1,low
93,93,362,TRUE,2022-12-19T14:03:15Z,yes,414x896,7.384,252.948,258.776,3,8.146,25.528,27.031,11,5,6,4,7,5.687,7.987,9.512,3,70,5.589,8.482,9.536,3,5,Other,I have read this text carefully,Medical innovation,93,high,mobile,34,Female,White,United Kingdom,United Kingdom,"Not in paid work (e.g. homemaker', 'retired or disabled)",427.99999999999966,0.92,high
95,95,453,TRUE,2022-12-19T14:03:30Z,yes,1366x768,9.987,11.547,313.852,2,6.525,23.674,24.809,6,5,5,2,6,5.207,5.207,6.65,1,16,8.098,8.098,10.16,1,6,Other,I have read this text carefully,Medical innovation,95,high,NA,59,Male,White,United Kingdom,United Kingdom,NA,294.0000000000002,1,high
99,99,182,TRUE,2022-12-19T14:04:13Z,yes,384x854,1.275,5.081,127.016,2,2.023,9.989,10.772,17,1,1,1,1,1.046,1.046,1.702,1,0,4.79,6.63,7.279,3,4,Other,I have read this text carefully,Medical innovation,99,low,mobile,36,Male,White,United States,United States,Full-Time,64.99999999999959,1,low
100,100,159,TRUE,2022-12-19T14:04:16Z,yes,390x844,0.505,1.824,72.511,2,2.467,18.944,19.62,16,4,5,6,4,2.669,3.187,3.725,2,80,5.528,9.52,10.073,7,6,Other,I have read this text carefully,Medical innovation,100,high,mobile,30,Female,White,United Kingdom,United Kingdom,Full-Time,144.99999999999991,1,high
105,105,236,TRUE,2022-12-19T14:04:50Z,yes,1366x768,3.726,14.418,146.816,4,4.201,18.351,19.041,5,5,7,3,7,2.252,2.252,2.754,1,100,28.333,28.333,29.101,1,5,Other,I have read this text carefully,Medical innovation,105,high,NA,29,Female,Mixed,United States,United States,Part-Time,98.99999999999972,1,high
106,106,174,TRUE,2022-12-19T14:04:52Z,yes,1440x900,16.975,16.975,87.933,1,5.161,14.903,15.675,6,5,6,2,4,4.01,4.01,4.901,1,26,6.396,6.396,7.634,1,5,Other,I have read this text carefully,Medical innovation,106,high,NA,37,Female,White,United Kingdom,United Kingdom,Part-Time,64.99999999999959,1,high
108,108,246,TRUE,2022-12-19T14:05:20Z,yes,1536x864,2.356,2.356,144.535,1,3.888,13.848,14.761,4,4,5,2,5,3.991,7.52,8.39,4,42,5.51,5.51,6.625,1,5,Other,I have read this text carefully,Medical innovation,108,high,NA,24,Female,White,United Kingdom,United Kingdom,Full-Time,130.00000000000003,1,high
110,110,344,TRUE,2022-12-19T14:05:27Z,yes,1440x900,24.419,24.419,244.322,1,3.435,12.686,15.195,6,4,2,5,5,2.682,9.465,10.172,2,58,5.462,5.462,6.57,1,6,Other,I have read this text carefully,Medical innovation,110,low,NA,27,Male,White,United Kingdom,United Kingdom,Full-Time,223.0000000000001,1,low
112,112,378,TRUE,2022-12-19T14:05:42Z,yes,1366x768,17.736,248.703,250.644,2,4.92,19.362,20.66,6,5,6,2,5,6.183,8.911,11.157,2,26,6.605,6.605,7.96,1,5,Other,"""I have read this text carefully""",Medical innovation,112,low,NA,55,Female,White,Canada,Canada,Unemployed (and job seeking),200.00000000000043,1,low
114,114,342,TRUE,2022-12-19T14:05:55Z,yes,1536x864,9.371,9.371,266.527,1,6.001,19.769,21.015,5,3,5,3,4,2.098,2.515,4.259,2,1,7.045,9.102,9.524,4,6,Other,I have read this text carefully,Medical innovation,114,high,NA,47,Female,Asian,United Kingdom,United Kingdom,"Not in paid work (e.g. homemaker', 'retired or disabled)",245.99999999999983,1,high
115,115,256,TRUE,2022-12-19T14:05:59Z,yes,1366x768,29.399,164.34,165.97,2,3.847,20.751,21.474,9,5,6,5,6,2.567,7.073,7.803,3,71,8.386,8.386,9.024,1,5,Other,I have read this text carefully,Medical innovation,115,high,NA,40,Male,White,United States,United States,Full-Time,120.0000000000001,1,high
117,117,296,TRUE,2022-12-19T14:06:07Z,yes,2560x1440,13.202,13.202,158.387,1,4.312,20.508,21.454,15,4,7,7,5,3.408,3.408,4.168,1,62,7.6,8.384,9.054,2,4,Other,I have read this text carefully,Medical innovation,117,low,NA,28,Female,White,United Kingdom,United Kingdom,Full-Time,142.00000000000014,1,low
118,118,600,TRUE,2022-12-19T14:06:10Z,yes,1440x900,2.323,2.323,312.688,1,7.016,20.811,21.558,7,5,5,2,5,3.301,3.301,4.119,1,25,6.364,6.364,7.096,1,5,Other,I have read this text carefully,Medical innovation,118,low,NA,44,Male,Asian,United Kingdom,Pakistan,NA,456.00000000000017,1,low
119,119,281,TRUE,2022-12-19T14:06:13Z,yes,768x1024,12.616,12.616,184.898,1,3.888,11.302,11.89,5,6,6,2,6,2.792,2.792,3.659,1,20,32.734,32.734,33.464,1,6,Other,I have read this text carefully,Medical innovation,119,high,mobile,50,Female,White,United Kingdom,United Kingdom,Full-Time,164.9999999999998,0.92,high
122,122,134,TRUE,2022-12-19T14:06:52Z,yes,1280x721,6.803,43.2,45.449,2,14.213,21.536,21.933,6,5,6,4,6,2.699,2.699,3.278,1,88,5.407,5.407,6.276,1,4,Other,I have read this text carefully,Medical innovation,122,high,NA,47,Male,White,Canada,Canada,Full-Time,42.99999999999955,1,high
123,123,332,TRUE,2022-12-19T14:06:53Z,yes,414x896,10.327,13.968,202.857,3,2.523,24.548,25.642,21,4,2,5,2,3.934,3.934,5.084,1,26,6.954,15.591,16.137,6,4,Other,I have read this text carefully,Medical innovation,123,low,mobile,40,Female,White,United Kingdom,United Kingdom,Full-Time,181.9999999999999,1,low
127,127,286,TRUE,2022-12-19T14:07:25Z,yes,1920x1080,13.341,13.341,181.05,1,7.403,24.026,25.257,6,4,6,4,6,4.121,4.121,5.179,1,80,10.057,10.057,11.106,1,5,Other,I have read this text carefully,Medical innovation,127,high,NA,64,Male,White,United Kingdom,United Kingdom,NA,151.00000000000043,1,high
128,128,246,TRUE,2022-12-19T14:07:26Z,yes,1366x768,3.814,9.103,156.318,2,3.864,17.201,18.392,9,2,3,2,3,2.423,3.776,4.501,2,31,5.339,5.339,6.062,1,5,Other,I have read this text carefully,Medical innovation,128,low,NA,52,Female,White,Israel,Israel,Part-Time,139.0000000000003,1,low
129,129,542,TRUE,2022-12-19T14:07:29Z,yes,1920x1080,11.542,11.542,463.043,1,4.187,12.435,13.056,6,6,5,2,5,5.44,5.44,6.228,1,39,5.002,5.002,5.616,1,5,Other,I have read this text carefully,Medical innovation,129,low,NA,38,Male,Mixed,United Kingdom,United Kingdom,Other,434.99999999999983,1,low
130,130,378,TRUE,2022-12-19T14:07:38Z,yes,1536x864,25.776,25.776,233.98,1,4.264,30.202,32.401,8,4,4,3,3,5.879,5.879,8.402,1,25,8.549,14.363,16.186,3,5,Other,I have read this text carefully,Medical innovation,130,high,NA,40,Female,White,United Kingdom,United Kingdom,Full-Time,194.9999999999996,1,high
131,131,268,TRUE,2022-12-19T14:07:47Z,yes,1366x768,9.737,12.997,176.156,2,5.204,15.094,17.066,4,5,5,6,5,5.809,5.809,7.346,1,38,7.693,7.693,8.684,1,6,Other,I have read this text carefully,Medical innovation,131,low,NA,58,Male,White,United Kingdom,United Kingdom,"Not in paid work (e.g. homemaker', 'retired or disabled)",147.99999999999974,1,low
132,132,211,TRUE,2022-12-19T14:08:11Z,yes,1440x900,4.972,9.239,14.969,5,134.493,142.409,143.31,6,3,3,3,6,2.689,2.689,3.567,1,6,5.471,6.404,7.082,3,5,Other,I have read this text carefully,Medical innovation,132,high,NA,29,Female,White,United Kingdom,United Kingdom,Part-Time,125.9999999999997,1,high
134,134,326,TRUE,2022-12-19T14:08:16Z,yes,1920x1080,5.353,14.448,213.957,2,9.146,28.205,28.497,10,3,4,3,2,4.57,4.57,7.763,1,18,8.308,8.708,9.782,2,5,Other,I have read this text carefully,Medical innovation,134,low,NA,23,Male,Asian,United States,United States,Due to start a new job within the next month,210.00000000000037,1,low
135,135,231,TRUE,2022-12-19T14:08:24Z,yes,1280x720,2.736,9.291,154.783,2,2.955,14.875,15.656,8,5,4,5,4,4.044,4.044,5.066,1,60,4.783,5.492,6.578,2,4,Other,I have read this text carefully,Medical innovation,135,low,NA,24,Female,White,United Kingdom,United Kingdom,NA,140.9999999999996,1,low
136,136,324,TRUE,2022-12-19T14:08:27Z,yes,414x896,32.912,38.354,145.4,3,9.751,32.504,33.334,13,3,4,3,6,10.832,10.832,12.186,1,51,12.156,14.437,17.624,4,5,Other,I have read this text carefully,Medical innovation,136,low,mobile,38,Female,White,United Kingdom,United Kingdom,NA,95.00000000000026,0.92,low
137,137,330,TRUE,2022-12-19T14:08:31Z,yes,1536x864,14.28,14.28,235.835,1,6.105,19.41,20.333,8,5,6,6,6,2.417,2.417,3.112,1,100,5.481,6.305,6.68,2,7,Other,I have read this text carefully,Medical innovation,137,low,NA,42,Male,White,United Kingdom,United Kingdom,Full-Time,216,1,low
139,139,535,TRUE,2022-12-19T14:08:49Z,yes,1366x768,10.448,343.334,344.675,2,5.872,14.13,16.903,5,5,5,5,4,2.736,2.736,4.028,1,65,4.674,4.674,5.86,1,5,Other,I have read this text carefully,Medical innovation,139,high,NA,64,Female,White,France,United Kingdom,Part-Time,363.9999999999998,1,high
140,140,216,TRUE,2022-12-19T14:09:04Z,yes,1440x900,4.768,4.768,80.488,1,5.533,18.496,19.731,4,3,4,2,4,3.159,3.992,5.694,2,34,7.194,7.194,8.158,1,4,Other,have read this text carefully,Medical innovation,140,low,NA,29,Female,White,Germany,Ukraine,NA,81.99999999999964,1,low
141,141,357,TRUE,2022-12-19T14:09:09Z,yes,1920x1080,21.285,21.285,230.785,1,8.717,24.054,25.51,4,5,6,3,4,5.919,5.919,7.094,1,41,8.424,8.424,9.559,1,5,Other,I have read the text carefully,Medical innovation,141,high,NA,65,Male,White,United Kingdom,United Kingdom,"Not in paid work (e.g. homemaker', 'retired or disabled)",201.99999999999974,1,high
142,142,324,TRUE,2022-12-19T14:09:14Z,yes,414x896,1.752,4.797,193.457,2,5.191,36.493,37.568,14,3,7,3,4,5.017,5.017,5.723,1,38,7.723,9.031,9.972,3,5,Other,I have read this text carefully,Medical innovation,142,high,mobile,22,Male,White,United Kingdom,United Kingdom,Part-Time,410.99999999999966,1,high
144,144,322,TRUE,2022-12-19T14:09:43Z,yes,1920x1200,10.234,10.234,196.366,1,4.191,18.225,19.742,7,2,2,2,3,2.793,2.793,3.625,1,35,9.292,9.292,12.671,1,5,Other,I have read this text carefully,Medical innovation,144,low,NA,53,Male,White,United Kingdom,United Kingdom,NA,172.9999999999996,1,low
145,145,263,TRUE,2022-12-19T14:10:12Z,yes,1536x864,16.935,16.935,170.879,1,4.744,15.856,16.801,6,6,6,4,5,5.226,5.226,6.194,1,48,7.888,7.888,10.645,1,4,Other,I have read this text carefully,Medical innovation,145,low,NA,55,Male,White,United Kingdom,United Kingdom,NA,137.9999999999998,1,low
147,147,572,TRUE,2022-12-19T14:10:50Z,yes,390x844,4.972,27.97,403.07,4,3.004,15.295,16.041,12,5,6,6,6,4.7,4.7,5.713,1,86,5.635,7.091,7.885,2,6,Other,I have read this text carefully,Medical innovation,147,high,mobile,67,Male,White,United States,"Venezuela, Bolivarian Republic of",Other,473.0000000000002,1,high
148,148,316,TRUE,2022-12-19T14:11:02Z,yes,1920x1080,10.902,10.902,124.781,1,4.198,16.573,17.004,6,2,4,4,4,3.71,3.71,4.65,1,35,8.004,8.004,8.913,1,4,Other,I have read this text carefully,Medical innovation,148,low,NA,41,Female,White,United Kingdom,United Kingdom,Full-Time,105.99999999999984,1,low
149,149,424,TRUE,2022-12-19T14:11:07Z,yes,1920x1200,3.683,221.471,223.113,5,13.414,58.046,62.944,10,3,5,6,2,3.734,4.119,7.173,2,74,31.659,32.219,44.094,2,6,Other,I have read this text carefully,Medical innovation,149,low,NA,30,Male,White,United Kingdom,United Kingdom,Unemployed (and job seeking),240.0000000000002,1,low
150,150,495,TRUE,2022-12-19T14:11:25Z,yes,1366x768,10.548,10.548,208.088,1,3.201,83.442,84.439,6,4,5,6,5,8.958,8.958,9.988,1,74,28.327,28.327,38.392,1,5,Other,I have read this text carefully,Medical innovation,150,high,NA,26,Female,Black,United Kingdom,United Kingdom,Other,181.9999999999999,1,high
151,151,537,TRUE,2022-12-19T14:12:23Z,yes,390x844,2.777,10.045,257.631,2,1.387,14.006,15.298,16,2,5,2,5,2.058,2.058,2.645,1,19,5.632,7.832,9.952,3,5,Other,I have read this text carefully,Medical innovation,151,high,mobile,38,Male,White,Canada,Canada,Full-Time,221.99999999999963,0.92,high
153,153,647,TRUE,2022-12-19T14:12:40Z,yes,1440x900,19.689,19.689,99.545,1,5.769,17.446,18.255,5,5,6,3,5,4.404,4.404,6.038,1,47,9.334,10.827,12.168,3,4,Other,'I have read this text carefully',Medical innovation,153,high,NA,34,Female,Black,United Kingdom,United Kingdom,Unemployed (and job seeking),370.0000000000002,1,high
155,155,727,TRUE,2022-12-19T14:12:49Z,yes,1920x1080,14.959,14.959,334.706,1,13.64,33.2,33.861,5,1,6,1,1,8.542,8.542,9.432,1,15,28.621,28.621,29.471,1,6,Other,I have read this text carefully,Medical innovation,155,low,NA,61,Female,White,United Kingdom,United Kingdom,"Not in paid work (e.g. homemaker', 'retired or disabled)",478.0000000000002,1,low
156,156,64,TRUE,2022-12-19T14:17:30Z,yes,820x1180,0,0,1.761,0,1.734,8.099,9.231,7,3,2,2,3,1.823,4.163,4.711,4,15,1.952,2.468,2.982,2,4,Other,I have read this text carefully,Medical innovation,156,high,NA,22,Male,White,United Kingdom,United Kingdom,Part-Time,43.9999999999992,1,high
157,157,1787,TRUE,2022-12-19T14:28:31Z,yes,1440x900,221.222,221.222,292.199,1,6.054,18.936,19.907,4,7,7,5,7,5.125,5.125,6.014,1,100,22.98,22.98,24.081,1,6,Other,I have read this text carefully,Medical innovation,157,high,NA,37,Female,Black,Germany,Ghana,Full-Time,95.00000000000026,1,high
158,158,173,TRUE,2022-12-19T14:33:16Z,yes,1280x720,10.145,10.145,87.64,1,6.823,16.812,18.729,5,5,5,6,4,3.421,3.421,4.392,1,70,6.747,6.747,8.041,1,4,Other,I have read this text carefully,Medical innovation,158,high,NA,53,Male,White,United Kingdom,United Kingdom,Full-Time,70.99999999999919,0.67,high
159,159,461,TRUE,2022-12-19T14:42:53Z,yes,1366x768,27.479,27.479,336.213,1,10.488,22.93,24.347,4,2,4,2,3,3.813,3.813,4.99,1,24,12.093,12.093,12.929,1,5,Other,I have read this text carefully.,Medical innovation,159,low,NA,58,Female,White,United Kingdom,United Kingdom,Part-Time,286.0000000000004,1,low
160,160,348,TRUE,2022-12-19T14:47:25Z,yes,1440x900,13.92,13.92,247.13,1,5.114,18.735,22.085,4,5,5,3,4,4.379,4.379,5.434,1,70,9.478,10.676,11.778,2,6,Other,I have read this text carefully,Medical innovation,160,high,NA,61,Female,White,United Kingdom,United Kingdom,Part-Time,223.99999999999977,1,high
161,161,456,TRUE,2022-12-19T14:49:28Z,yes,768x1024,12.017,12.017,317.873,1,9.18,23.366,24.525,5,3,5,4,3,6.762,6.762,7.2,1,60,8.301,8.301,9.178,1,5,Other,I have read this text carefully,Medical innovation,161,low,mobile,38,Male,White,United Kingdom,United Kingdom,Full-Time,292.9999999999997,1,low
162,162,337,TRUE,2022-12-19T14:51:58Z,yes,1920x1200,7.289,7.289,257.557,1,11.433,22.188,23.41,5,5,6,5,6,5.254,5.254,6.3,1,67,4.978,5.699,7.132,2,5,Other,I have read this text carefully,Medical innovation,162,high,NA,32,Female,White,United Kingdom,United Kingdom,Unemployed (and job seeking),120.0000000000001,1,high
163,163,309,TRUE,2022-12-19T14:54:45Z,yes,1920x1080,10.771,10.771,212.529,1,4.908,20.616,23.261,9,1,2,2,5,3.683,3.683,5.335,1,21,4.878,5.79,7.579,2,5,Other,I have read this text carefully,Medical innovation,163,low,NA,66,Male,White,United Kingdom,United Kingdom,Part-Time,189.00000000000003,1,low
164,164,817,TRUE,2022-12-19T14:54:59Z,yes,1512x982,22.432,22.432,326.465,1,4.223,19.265,20.408,9,5,5,1,6,3.22,3.22,3.91,1,27,6.34,8.57,8.879,3,4,Other,I have read this text carefully,Medical innovation,164,low,NA,37,Male,White,United Kingdom,Italy,Full-Time,422.00000000000006,1,low
166,166,343,TRUE,2022-12-19T14:59:50Z,yes,1920x1080,11.325,11.325,199.019,1,6.851,25.554,27.206,7,7,6,3,7,3.397,3.397,5.462,1,81,15.416,15.416,16.441,1,6,Other,I have read this text carefully,Medical innovation,166,high,NA,30,Male,White,United Kingdom,United Kingdom,Part-Time,162,1,high
167,167,196,TRUE,2022-12-19T15:11:01Z,yes,412x892,19.907,19.907,73.71,1,2.608,19.012,21.169,17,5,6,3,6,3.55,8.476,9.41,3,50,4.745,6.068,8.706,2,5,Other,I have read this text carefully,Medical innovation,167,high,mobile,53,Female,White,United Kingdom,United Kingdom,NA,32.999999999999616,1,high
