ID,IP_address,duration_study,finished,recordeddate,consent,browser_info_resolution,timer_pitch_deck_first click,timer_pitch_deck_last click,timer_pitch_deck_page submit,timer_pitch_deck_click count,timer_mc_quality_first click,timer_mc_quality_last click,timer_mc_quality_page submit,timer_mc_quality_click count,intell_prop,hum_cap,commerc,legitim,quality,timer_mc_potential_first click,timer_mc_potential_last click,timer_mc_potential_page submit,timer_mc_potential_click count,fluency,timer_mc_flu_first click,timer_mc_flu_last click,timer_mc_flu_page submit,timer_mc_flu_click count,attention_check,attention_check_text,comprehension_check,PROLIFIC_PID,quality_condition,device,age,sex,ethnicity,country,nationality,employment,duration_pitch_deck,completion,treatment
2,2,299,TRUE,2022-12-19T15:23:49Z,yes,1536x864,16.822,16.822,192.431,1,4.292,18.723,20.474,5,6,5,6,5,6,3.421,3.421,5.122,1,85,4.108,4.108,5.146,1,Other,I have read this text carefully,Medical innovation,2,low,NA,62,Female,White,United Kingdom,United Kingdom,NA,162,1,low
4,4,304,TRUE,2022-12-19T15:26:32Z,yes,1920x1080,6.678,6.678,194.734,1,12.618,21.843,23.131,6,5,5,6,4,6,2.703,2.703,3.464,1,3,4.006,7.125,8.061,2,Other,I have read this text carefully,Medical innovation,4,high,NA,43,Male,White,United Kingdom,United Kingdom,NA,161.00000000000037,1,high
5,5,267,TRUE,2022-12-19T15:28:19Z,yes,2560x1440,1.287,1.287,120.163,1,2.419,8.439,10.081,9,6,5,5,6,5,1.164,2.517,4.248,5,35,1.548,1.548,2.18,1,Other,I have read this text carefully,Medical innovation,5,high,NA,28,Male,Asian,United States,United States,NA,112.99999999999997,1,high
7,7,224,TRUE,2022-12-19T15:30:16Z,yes,1280x720,2.015,2.015,162.123,1,4.347,13.653,14.279,8,4,6,3,5,5,2.993,5.696,6.169,5,45,2.569,2.569,3.39,1,Other,I have read this text carefully,Medical innovation,7,low,NA,23,Female,White,Canada,Canada,NA,140.9999999999996,1,low
9,9,441,TRUE,2022-12-19T15:31:14Z,yes,2240x1260,14.809,14.809,308.995,1,13.386,32.968,33.837,4,4,6,5,5,5,5.849,7.099,8.044,2,68,10.809,10.809,11.719,1,Other,I have read this text carefully,Medical innovation,9,low,NA,68,Female,White,United Kingdom,United Kingdom,"Not in paid work (e.g. homemaker', 'retired or disabled)",282.0000000000001,1,low
10,10,371,TRUE,2022-12-19T15:31:17Z,yes,1680x1050,14.063,14.063,278.81,1,7.666,23.997,24.721,6,7,7,6,4,6,3.389,3.389,4.245,1,34,5.278,6.628,7.466,2,Other,I have read this text carefully,Medical innovation,10,high,NA,32,Female,White,Canada,Canada,Full-Time,211.00000000000003,1,high
11,11,284,TRUE,2022-12-19T15:31:56Z,yes,360x800,3.583,11.12,168.67,4,2.53,25.237,26.145,27,6,7,5,6,6,4.603,5.107,6.164,2,64,4.938,4.938,5.708,1,Other,I have read this text carefully,Medical innovation,11,high,mobile,40,Male,White,United States,United States,NA,147.99999999999974,1,high
12,12,418,TRUE,2022-12-19T15:32:29Z,yes,1280x800,9.103,243.708,244.264,2,1.424,35.019,36.69,13,4,3,3,2,5,4.395,4.395,6.103,1,37,4.163,4.163,4.953,1,Other,I have read this text carefully,Medical innovation,12,low,mobile,51,Male,White,United States,United States,Full-Time,178.00000000000043,1,low
13,13,222,TRUE,2022-12-19T15:32:58Z,yes,412x915,9.809,73.053,159.915,2,3.77,16.607,17.27,12,5,6,7,5,6,1.666,2.079,2.402,2,35,2.532,4.257,4.941,2,Other,I have read this text carefully,Medical innovation,13,high,mobile,45,Female,Black,United States,United States,Full-Time,122.99999999999991,1,high
14,14,375,TRUE,2022-12-19T15:33:00Z,yes,390x844,7.407,13.092,207.612,2,5.924,57.709,59.219,18,6,7,5,5,5,4.776,10.094,10.919,4,64,2.935,2.935,3.62,1,Other,I have read this text carefully.,Medical innovation,14,high,mobile,35,Male,White,United Kingdom,United Kingdom,NA,721.9999999999999,1,high
15,15,259,TRUE,2022-12-19T15:33:15Z,yes,1366x768,6.715,6.715,17.253,1,176.598,182.157,183.204,4,7,6,7,7,7,3.678,4.142,4.895,2,90,2.578,4.371,5.027,2,Other,I have read this text carefully,Medical innovation,15,high,NA,22,Male,Asian,United Kingdom,United Kingdom,Part-Time,157.00000000000003,1,high
18,18,259,TRUE,2022-12-19T15:33:55Z,yes,1440x900,7.842,7.842,182.695,1,4.873,17.686,19.701,6,6,7,6,6,6,2.917,2.917,3.921,1,97,2.474,4.076,5.632,3,Other,I have read this text carefully,Medical innovation,18,high,NA,39,Male,White,Canada,Canada,Full-Time,157.9999999999997,1,high
21,21,306,TRUE,2022-12-19T15:35:40Z,yes,390x844,5.589,129.79,130.79,2,3.794,14.146,14.655,9,6,6,5,6,5,69.339,70.506,71.561,3,69,3.783,3.783,4.735,1,Other,I have read this text carefully,Medical innovation,21,high,mobile,46,Male,White,United States,United States,NA,103.99999999999969,0.92,high
22,22,307,TRUE,2022-12-19T15:36:42Z,yes,1366x768,12.102,12.102,161.693,1,8.001,17.101,17.823,9,6,6,6,6,6,2.293,2.293,3.088,1,20,4.205,6.804,7.815,2,Other,I have read this text carefully,Medical innovation,22,high,NA,43,Female,White,Canada,Canada,Part-Time,125.9999999999997,1,high
24,24,588,TRUE,2022-12-19T15:38:14Z,yes,1440x900,10.936,10.936,89.885,1,5.308,19.81,21.607,6,5,4,4,4,5,4.077,4.077,5.272,1,34,2.973,5.438,6.6,3,Other,I have read this text carefully,Medical innovation,24,high,NA,38,Male,Asian,United Kingdom,Bangladesh,Full-Time,448.00000000000045,0.92,high
26,26,402,TRUE,2022-12-19T15:39:02Z,yes,1440x900,9.941,248.124,249.475,3,32.099,63.197,65.581,10,4,6,6,6,6,6.258,6.258,7.028,1,67,5.796,5.796,6.828,1,Other,I have read this text carefully,Medical innovation,26,high,NA,67,Female,White,United Kingdom,Ireland,NA,348.9999999999999,1,high
27,27,317,TRUE,2022-12-19T15:39:13Z,yes,390x844,1.841,10.221,218.724,3,2.036,26.196,27.305,21,4,6,5,4,5,1.262,4.501,5.273,6,85,1.971,3.975,4.578,3,Other,I have read this text carefully.,Medical innovation,27,low,mobile,29,Male,White,United Kingdom,United Kingdom,Full-Time,200.00000000000043,0.92,low
29,29,202,TRUE,2022-12-19T15:40:41Z,yes,1536x864,7.148,7.148,126.241,1,3.093,16.976,17.986,5,5,5,4,5,4,3.072,4.24,5.365,2,28,3.886,6.707,7.919,2,Other,I have read this text carefully,Medical innovation,29,high,NA,31,Male,Asian,United Kingdom,India,Full-Time,77.99999999999933,1,high
30,30,218,TRUE,2022-12-19T15:40:44Z,yes,1920x1080,10.277,10.277,135.467,1,8.62,21.294,22.15,9,5,5,4,5,4,1.96,1.96,2.778,1,0,2.864,2.864,3.83,1,Other,I have read this text carefully,Medical innovation,30,low,NA,40,Male,White,Canada,Canada,Full-Time,120.99999999999973,0.75,low
31,31,283,TRUE,2022-12-19T15:40:52Z,yes,1920x1080,7.879,200.451,201.744,2,8.541,20.345,21.346,4,4,5,4,3,5,2.703,2.703,3.577,1,55,4.292,4.292,5.157,1,Other,i have read this text carefully,Medical innovation,31,low,NA,49,Female,NA,United Kingdom,United Kingdom,NA,174.99999999999972,0.92,low
32,32,472,TRUE,2022-12-19T15:41:08Z,yes,1920x1080,219.698,219.698,374.408,1,4.263,9.231,9.775,9,6,6,5,5,6,46.232,46.529,47.037,2,69,1.625,1.625,2.18,1,Other,I have read this text carefully,Medical innovation,32,high,NA,27,Male,White,Canada,Canada,Full-Time,137.00000000000017,1,high
35,35,235,TRUE,2022-12-19T15:41:46Z,yes,1366x768,6.663,6.663,160.417,1,6.486,13.908,14.928,4,5,5,6,4,5,2.062,2.062,2.937,1,74,3.623,3.623,4.491,1,Other,I have read this text carefully,Medical innovation,35,high,NA,50,Female,White,United Kingdom,United Kingdom,Full-Time,142.00000000000014,1,high
36,36,237,TRUE,2022-12-19T15:41:54Z,yes,1920x1080,8.648,12.48,43.872,3,17.377,78.588,79.215,8,3,6,3,3,3,1.228,7.198,7.654,7,31,3.572,3.572,4.494,1,Other,I have read this text carefully,Medical innovation,36,low,NA,25,Male,White,Israel,Israel,Full-Time,108.99999999999964,1,low
37,37,302,TRUE,2022-12-19T15:42:37Z,yes,1536x864,13.087,69.65,71.276,2,12.43,38.774,40.106,8,7,7,7,5,6,129.144,129.144,130.436,1,41,3.325,3.325,5.014,1,Other,I have read this text carefully,Medical innovation,37,high,NA,28,Male,White,United States,United States,NA,56.99999999999981,1,high
38,38,195,TRUE,2022-12-19T15:42:57Z,yes,1366x768,3.654,3.654,125.83,1,3.654,31.804,32.866,8,6,4,5,6,5,2.193,2.193,3.166,1,24,2.455,2.455,3.572,1,Other,I have read this text carefully,Medical innovation,38,high,NA,24,Female,White,United States,United States,Full-Time,132.0000000000002,1,high
40,40,292,TRUE,2022-12-19T15:43:36Z,yes,1280x720,6.328,65.239,162.13,3,11.737,33.233,34.253,8,4,5,5,5,5,3.104,3.493,4.446,2,7,2.6,4.051,5.382,2,Other,I have read this text carefully,Medical innovation,40,low,NA,NA,Male,White,Germany,Germany,NA,149.9999999999999,1,low
41,41,106,TRUE,2022-12-19T15:44:01Z,yes,360x780,1.561,1.561,3.076,1,5.346,22.727,23.702,15,5,6,6,4,6,3.586,4.969,5.757,3,29,5.608,5.608,6.579,1,Other,I have read this text carefully,Medical innovation,41,high,mobile,62,Female,White,United Kingdom,United Kingdom,"Not in paid work (e.g. homemaker', 'retired or disabled)",68.9999999999999,0.92,high
43,43,169,TRUE,2022-12-19T15:44:24Z,yes,1920x1080,6.713,6.713,114.853,1,2.23,6.233,6.81,4,6,6,6,6,6,2.335,2.335,3.132,1,64,2.365,2.365,4.056,1,Other,i have read this text carefully,Medical innovation,43,high,NA,31,Female,White,Canada,Canada,Full-Time,98.00000000000006,1,high
44,44,230,TRUE,2022-12-19T15:44:36Z,yes,1920x1080,5.968,5.968,159.276,1,3.112,15.513,16.469,6,4,1,3,4,3,2.329,3.777,4.46,2,81,3.163,3.163,3.805,1,Other,I have read this text carefully,Medical innovation,44,low,NA,51,Male,White,United Kingdom,United Kingdom,Full-Time,129.00000000000037,1,low
47,47,272,TRUE,2022-12-19T15:44:55Z,yes,375x812,3.148,181.228,182.228,3,4.774,19.364,21.753,15,4,7,5,6,5,5.977,7.076,8.872,3,25,3.142,3.142,3.63,1,Other,I have read this text carefully,Medical innovation,47,high,mobile,24,Male,Asian,United Kingdom,United Kingdom,Full-Time,252.99999999999994,1,high
48,48,617,TRUE,2022-12-19T15:45:01Z,yes,1280x720,19.423,19.423,328.719,1,12.733,24.903,26.848,4,6,5,6,5,6,4.966,4.966,7.191,1,26,8.579,8.579,11.085,1,Other,I have read this text carefully,Medical innovation,48,high,NA,68,Male,White,United Kingdom,United Kingdom,Other,252.00000000000028,1,high
50,50,350,TRUE,2022-12-19T15:45:37Z,yes,1440x900,14.471,14.471,226.16,1,8.291,30.828,32.35,5,5,4,5,5,5,5.053,5.053,6.027,1,61,8.786,8.786,9.601,1,Other,I have read this text carefully,Medical innovation,50,low,NA,34,Female,White,United Kingdom,United Kingdom,NA,201.00000000000009,1,low
51,51,365,TRUE,2022-12-19T15:46:01Z,yes,375x812,7.882,12.293,260.636,3,3.161,28.136,29.407,21,4,5,4,4,5,15.89,17.28,18.185,4,15,2.643,2.643,3.018,1,Other,I have read this text carefully,Medical innovation,51,low,mobile,27,Male,Mixed,United Kingdom,United Kingdom,NA,328.99999999999994,1,low
52,52,173,TRUE,2022-12-19T15:46:04Z,yes,1517x853,9.449,9.449,113.329,1,3.985,14.894,15.103,10,7,4,5,5,5,2.736,4.818,5.578,6,26,3.007,4.578,5.334,4,Other,I have read this text carefully,Medical innovation,52,low,NA,37,Male,Black,United States,United States,Full-Time,93.0000000000001,1,low
53,53,93,TRUE,2022-12-19T15:46:22Z,yes,1440x900,7.295,7.295,48.199,1,2.817,8.408,9.026,6,6,6,6,6,6,2.212,3.037,3.519,2,41,3.243,3.243,4.035,1,Other,I have read this text carefully,Medical innovation,53,high,NA,25,Female,White,United States,United States,Full-Time,37.99999999999958,0.83,high
55,55,234,TRUE,2022-12-19T15:47:02Z,yes,1536x864,5.579,5.579,72.37,1,5.762,12.88,14.745,4,7,7,7,7,7,2.208,2.208,4.314,1,100,2.257,4.015,5.787,4,Other,I have read this text carefully,Medical innovation,55,low,NA,32,Female,White,Canada,Canada,Full-Time,78.99999999999984,1,low
56,56,307,TRUE,2022-12-19T15:47:03Z,yes,375x812,5.096,153.37,155.892,3,4.527,89.082,89.738,14,7,6,7,5,6,7.457,8.681,9.217,2,72,2.489,2.489,2.862,1,Other,I have read this text carefully,Medical innovation,56,high,mobile,24,Female,White,United States,United States,NA,294.99999999999983,1,high
57,57,167,TRUE,2022-12-19T15:47:19Z,yes,1920x1080,2.264,2.264,5.544,1,126.408,132.69,133.031,9,7,7,6,6,6,3.463,3.463,3.903,1,100,1.717,1.717,2.246,1,Other,I have read this text carefully,Medical innovation,57,low,NA,39,Male,White,United States,United States,Full-Time,90.99999999999994,0.92,low
61,61,196,TRUE,2022-12-19T15:47:48Z,yes,414x896,4.38,6.979,115.805,2,4.636,18.859,19.577,18,5,5,6,6,5,3.559,5.101,6.578,2,42,3.69,4.447,5.329,2,Other,I have read this text carefully,Medical innovation,61,high,mobile,39,Male,White,United Kingdom,United Kingdom,Full-Time,98.99999999999972,0.92,high
62,62,385,TRUE,2022-12-19T15:47:55Z,yes,1366x768,5.892,5.892,192.75,1,9.47,48.237,49.746,13,6,5,4,5,4,21.613,26.864,27.966,6,28,3.211,3.211,4.248,1,Other,I have read this text carefully,Medical innovation,62,high,NA,29,Male,White,Canada,Canada,Full-Time,105.99999999999984,1,high
63,63,162,TRUE,2022-12-19T15:47:56Z,yes,390x844,0.768,4.442,101.846,3,3.419,15.291,16.319,13,5,7,7,6,5,1.927,4.279,5.001,4,93,2.498,2.498,3.053,1,Other,I have read this text carefully,Medical innovation,63,high,mobile,29,Female,White,United Kingdom,United Kingdom,NA,86.99999999999963,0.92,high
67,67,469,TRUE,2022-12-19T15:48:40Z,yes,1920x1080,11.565,14.256,14.955,3,12.426,115.683,123.072,17,5,6,6,5,6,10.438,25.081,26.333,5,82,5.109,15.515,15.985,5,Other,I have read this text carefully,Medical innovation,67,high,NA,28,Male,White,Germany,Turkey,Part-Time,122.00000000000026,0.58,high
68,68,311,TRUE,2022-12-19T15:48:48Z,yes,1536x864,22.502,22.502,216.926,1,5.751,17.009,18.001,5,7,7,7,6,6,3.232,3.232,4.308,1,83,4.272,4.272,5.495,1,Other,I have read this text carefully,Medical innovation,68,low,NA,48,Female,White,United Kingdom,United Kingdom,NA,174.99999999999972,1,low
69,69,266,TRUE,2022-12-19T15:48:55Z,yes,1920x1080,18.66,18.66,151.172,1,15.719,39.033,40.329,7,5,5,6,6,6,6.172,9.187,10.048,3,77,5.227,5.227,6.171,1,Other,I have read this text carefully,Medical innovation,69,low,NA,36,Male,Asian,Canada,Canada,NA,127.00000000000023,1,low
70,70,519,TRUE,2022-12-19T15:49:08Z,yes,1536x864,23.927,23.927,384.756,1,7.275,22.152,23.647,8,6,5,6,6,5,6.664,6.664,7.76,1,73,4.554,4.554,5.607,1,Other,I have read this text carefully,Medical innovation,70,high,NA,64,Male,White,Canada,Canada,Part-Time,336.0000000000001,1,high
72,72,558,TRUE,2022-12-19T15:49:29Z,yes,1280x1024,15.863,15.863,329.217,1,6.392,19.943,21.125,4,7,4,6,5,6,4.082,4.082,5.089,1,36,5.242,5.242,6.365,1,Other,I have read this text carefully,Medical innovation,72,high,NA,67,Male,White,United Kingdom,United Kingdom,Full-Time,353.99999999999983,1,high
74,74,330,TRUE,2022-12-19T15:49:53Z,yes,412x915,13.901,207.258,208.249,4,3.243,25.928,26.394,20,5,4,6,5,4,4.975,6.377,7.057,3,28,3.03,4.306,4.99,2,Other,I have read this text carefully,Medical innovation,74,high,mobile,38,Female,Asian,United Kingdom,United Kingdom,Full-Time,108,1,high
75,75,224,TRUE,2022-12-19T15:50:07Z,yes,1920x1080,6.363,6.363,141.703,1,4.922,17.342,18.342,5,5,6,4,5,5,5.932,9.024,9.827,5,14,3.596,3.596,4.942,1,Other,I have read this text carefully,Medical innovation,75,low,NA,31,Female,White,United States,United States,Full-Time,122.00000000000026,1,low
77,77,196,TRUE,2022-12-19T15:50:20Z,yes,2560x1440,9.048,9.048,75.019,1,4.855,14.908,15.782,5,6,5,5,5,5,5.357,6.225,7.045,2,78,3.265,3.265,4.201,1,Other,I have read this text carefully,Medical innovation,77,low,NA,37,Female,Mixed,United Kingdom,NA,Full-Time,61.99999999999977,1,low
80,80,249,TRUE,2022-12-19T15:50:58Z,yes,1280x1024,17.493,17.493,165.095,1,6.126,17.334,18.014,5,7,5,7,5,6,5.755,5.755,6.433,1,73,2.639,2.639,3.197,1,Other,I have read this text carefully,Medical innovation,80,high,NA,35,Male,White,Canada,Canada,Full-Time,132.99999999999983,1,high
81,81,118,TRUE,2022-12-19T15:51:00Z,yes,1920x1080,2.742,36.561,37.964,5,14.993,26.873,28.027,7,5,5,4,5,4,3.019,3.643,3.897,2,15,2.117,2.117,2.784,1,Other,I have read this text carefully,Medical innovation,81,low,NA,28,Male,White,Germany,Turkey,NA,30.999999999999456,0.75,low
82,82,333,TRUE,2022-12-19T15:51:42Z,yes,1920x1080,9.1,9.1,254.074,1,5.553,15.097,16.082,4,6,7,4,5,4,3.122,3.122,4.086,1,45,3.229,7.22,8.376,3,Other,I have read this text carefully,Medical innovation,82,high,NA,57,Female,White,United Kingdom,United Kingdom,Full-Time,231.99999999999957,1,high
83,83,945,TRUE,2022-12-19T15:51:47Z,yes,1536x864,12.723,14.927,249.178,2,8.819,618.69,619.579,6,5,6,5,6,5,10.362,10.362,11.237,1,35,6.981,6.981,8.089,1,Other,I have read this text carefully,Medical innovation,83,high,NA,41,Female,Asian,Canada,Malaysia,Full-Time,270.99999999999966,1,high
86,86,162,TRUE,2022-12-19T15:52:02Z,yes,375x812,14.042,15.128,76.187,3,5.091,18.13,19.458,13,5,5,7,6,6,3.581,4.95,5.657,3,25,3.335,5.156,6.112,4,Other,I have read this text carefully,Medical innovation,86,high,mobile,33,Male,White,United Kingdom,United Kingdom,Full-Time,54,0.92,high
87,87,164,TRUE,2022-12-19T15:52:05Z,yes,1920x1080,9.925,17.885,48.625,2,48.892,58.148,59.151,6,4,4,2,3,3,6.563,6.563,7.286,1,20,3.283,3.283,4.089,1,Other,I have read this text carefully,Medical innovation,87,low,NA,28,Male,White,United Kingdom,United Kingdom,Full-Time,54,0.67,low
88,88,613,TRUE,2022-12-19T15:52:24Z,yes,1366x768,16.111,16.111,367.389,1,20.232,88.743,92.314,6,3,7,5,3,5,14.028,15.804,16.913,3,26,6.23,9.496,12.001,2,Other,I have read this text carefully,Medical innovation,88,low,NA,39,Male,White,United Kingdom,United Kingdom,Full-Time,399.0000000000004,1,low
89,89,254,TRUE,2022-12-19T15:52:28Z,yes,1564x1043,5.359,5.359,176.733,1,4.639,11.967,13.275,5,6,5,5,4,4,3.636,3.636,4.799,1,28,3.014,3.014,4.133,1,Other,I have read this text carefully,Medical innovation,89,high,NA,35,Female,White,United Kingdom,United Kingdom,Full-Time,164.00000000000017,1,high
91,91,301,TRUE,2022-12-19T15:53:00Z,yes,1920x1080,17.03,17.03,143.535,1,9.625,76.843,77.57,5,5,7,5,6,6,3.052,3.052,3.843,1,55,3.408,3.408,4.132,1,Other,I have read this text carefully,Medical innovation,91,high,NA,30,Male,Other,Canada,Canada,Due to start a new job within the next month,171.99999999999994,1,high
92,92,341,TRUE,2022-12-19T15:53:18Z,yes,1280x720,12.073,12.073,241.442,1,4.924,17.356,18.189,4,5,4,6,4,6,4.184,4.184,4.978,1,53,2.694,2.694,4.912,1,Other,I have read this text carefully,Medical innovation,92,low,NA,49,Female,White,United Kingdom,United Kingdom,Full-Time,211.9999999999997,1,low
94,94,256,TRUE,2022-12-19T15:53:24Z,yes,1920x1080,8.477,8.477,70.374,1,57.37,91.404,93.257,8,3,5,3,5,4,3.159,4.491,5.617,2,28,3.353,3.353,4.436,1,Other,I have read this text carefully,Medical innovation,94,low,NA,43,Male,White,United Kingdom,United Kingdom,Part-Time,118.99999999999957,1,low
98,98,170,TRUE,2022-12-19T15:53:52Z,yes,390x844,8.693,16.741,102.596,4,2.727,12.989,13.449,14,7,5,5,4,6,2.413,2.882,3.321,2,54,2.5,4.106,4.573,2,Other,I have read this text carefully,Medical innovation,98,high,mobile,29,Female,White,United Kingdom,United Kingdom,NA,76.00000000000004,0.92,high
99,99,1530,TRUE,2022-12-19T15:53:53Z,yes,1536x864,16.231,329.012,338.055,6,19.173,38.694,45.402,20,7,7,7,7,7,39.277,39.277,40.543,1,77,6.845,6.845,8.786,1,Other,I have read this text carefully,Medical innovation,99,high,NA,40,Female,Black,Canada,Nigeria,Unemployed (and job seeking),931.0000000000033,1,high
100,100,309,TRUE,2022-12-19T15:54:07Z,yes,1517x853,4.116,13.52,243.043,2,3.334,12.222,12.903,7,5,7,6,7,6,3.45,5.633,6.306,3,38,4.374,4.374,5.127,1,Other,I have read this text carefully,Medical innovation,100,high,NA,32,Male,White,United States,United States,NA,213.0000000000002,1,high
101,101,215,TRUE,2022-12-19T15:54:12Z,yes,1680x1050,13.474,13.474,93.716,1,6.448,19.659,20.577,10,6,6,5,5,5,2.743,2.743,5.046,1,83,5.85,5.85,7.452,1,Other,I have read this text carefully,Medical innovation,101,high,NA,55,Male,White,United Kingdom,United Kingdom,Full-Time,54,1,high
103,103,287,TRUE,2022-12-19T15:54:20Z,yes,1280x854,14.122,173.642,175.551,2,10.828,29.204,30.301,10,5,6,6,5,5,4.667,5.905,7.192,2,99,5.971,5.971,6.983,1,Other,I have read this text carefully,Medical innovation,103,low,NA,25,Female,White,Canada,Germany,Unemployed (and job seeking),142.99999999999977,1,low
104,104,197,TRUE,2022-12-19T15:54:22Z,yes,768x1024,8.288,16.545,111.194,2,3.38,13.802,14.792,10,5,5,5,5,5,2.501,2.501,3.548,1,64,2.906,2.906,4.498,1,Other,I have read this text carefully,Medical innovation,104,low,NA,60,Male,White,United Kingdom,United Kingdom,Full-Time,90.99999999999994,1,low
107,107,598,TRUE,2022-12-19T15:54:32Z,yes,1920x1080,3.741,64.734,446.917,4,13.945,38.463,41.296,6,5,5,5,6,5,7.421,7.421,8.932,1,76,5.415,5.415,6.866,1,Other,I have read this text carefully,Medical innovation,107,high,NA,35,Female,White,United Kingdom,United Kingdom,NA,326.99999999999983,1,high
108,108,260,TRUE,2022-12-19T15:54:35Z,yes,1280x720,6.789,6.789,185.106,1,3.89,15.68,16.739,6,4,6,7,6,6,1.903,2.74,3.744,2,66,3.187,3.187,5.023,1,Other,I have read this text carefully,Medical innovation,108,low,NA,40,Female,White,United Kingdom,United Kingdom,Full-Time,162,1,low
109,109,526,TRUE,2022-12-19T15:54:42Z,yes,1536x864,10.403,10.403,347.53,1,10.2,72.284,73.098,4,2,6,5,4,5,4.956,4.956,6.621,1,60,10.064,10.064,11.022,1,Other,I have read this text carefully,Medical innovation,109,low,NA,50,Female,White,United Kingdom,United Kingdom,Full-Time,351,1,low
110,110,476,TRUE,2022-12-19T15:54:48Z,yes,2560x1440,10.493,10.493,319.344,1,9.179,28.323,35.475,9,5,7,3,5,4,55.738,55.738,56.831,1,31,8.561,8.561,9.614,1,Other,I have read this text carefully,Medical innovation,110,high,NA,26,Male,White,United Kingdom,United Kingdom,Part-Time,277.0000000000001,1,high
112,112,145,TRUE,2022-12-19T15:55:08Z,yes,1920x1080,9.496,9.496,81.649,1,5.653,11.661,12.48,4,4,6,3,4,3,3.588,4.915,5.877,2,4,3.431,3.431,4.667,1,Other,I have read this text carefully,Medical innovation,112,high,NA,47,Male,Asian,United Kingdom,United Kingdom,Full-Time,61.99999999999977,1,high
113,113,234,TRUE,2022-12-19T15:55:09Z,yes,1536x864,11.847,11.847,176.072,1,5.829,13.881,16.079,4,6,5,4,4,5,3.798,3.798,5.436,1,40,3.437,3.437,4.422,1,Other,I have read this text carefully,Medical innovation,113,high,NA,27,Male,White,United States,United States,Unemployed (and job seeking),144.00000000000028,1,high
114,114,365,TRUE,2022-12-19T15:55:25Z,yes,1440x900,16.767,16.767,61.62,1,9.262,21.616,22.709,4,4,7,7,4,5,6.613,6.613,7.501,1,3,4.677,4.677,5.962,1,Other,I have read this text carefully,Medical innovation,114,high,NA,46,Female,White,United Kingdom,United Kingdom,Part-Time,205.0000000000004,1,high
115,115,448,TRUE,2022-12-19T15:55:45Z,yes,1920x1080,23.902,23.902,317.188,1,7.797,27.851,29.017,5,4,6,5,5,5,4.89,4.89,6.112,1,28,7.353,7.353,8.858,1,Other,I have read this text carefully,Medical innovation,115,low,NA,63,Female,White,United Kingdom,United Kingdom,Full-Time,289.99999999999983,1,low
116,116,477,TRUE,2022-12-19T15:55:45Z,yes,1366x768,20.948,20.948,298.855,1,13.31,38.054,41.873,5,4,7,4,5,5,6.781,6.781,9.015,1,6,3.559,10.36,13.601,4,Other,I have read this text carefully,Medical innovation,116,high,NA,69,Male,White,United Kingdom,United Kingdom,"Not in paid work (e.g. homemaker', 'retired or disabled)",255.99999999999977,1,high
117,117,133,TRUE,2022-12-19T15:55:48Z,yes,1512x982,8.475,8.475,49.588,1,4.658,30.373,31.169,9,5,5,5,5,5,1.638,3.855,4.886,4,29,3.002,5.64,6.626,2,Other,I have read this text carefully,Medical innovation,117,high,NA,34,Male,Asian,United Kingdom,United Kingdom,Full-Time,49.00000000000003,1,high
119,119,284,TRUE,2022-12-19T15:56:20Z,yes,1920x1080,20.484,20.484,176.468,1,6.349,16.697,17.759,4,4,6,4,3,4,3.407,4.036,4.855,2,92,3.14,6.04,6.819,2,Other,I have read this text carefully,Medical innovation,119,low,NA,53,Male,White,United Kingdom,United Kingdom,Full-Time,139.0000000000003,1,low
120,120,514,TRUE,2022-12-19T15:56:23Z,yes,1366x768,14.242,14.242,316.734,1,8.615,27.878,29.357,6,6,5,4,2,4,6.342,6.342,7.403,1,20,3.263,3.263,4.407,1,Other,I have read this text carefully,Medical innovation,120,high,NA,54,Male,White,United Kingdom,United Kingdom,"Not in paid work (e.g. homemaker', 'retired or disabled)",367.00000000000045,1,high
121,121,306,TRUE,2022-12-19T15:56:27Z,yes,1920x1080,13.435,13.435,219.676,1,8.128,17.739,18.513,4,6,4,6,5,6,3.699,3.699,4.408,1,59,3.203,3.203,4.026,1,Other,I have read this text carefully,Medical innovation,121,low,NA,52,Male,White,United Kingdom,United Kingdom,NA,201.99999999999974,1,low
122,122,254,TRUE,2022-12-19T15:56:31Z,yes,1536x864,28.325,28.325,130.412,1,5.036,18.537,19.749,4,6,6,6,7,6,5.48,5.48,7.731,1,86,4.362,7.664,9.143,2,Other,I have read this text carefully,Medical innovation,122,high,NA,45,Female,Mixed,Germany,Australia,Full-Time,79.99999999999949,1,high
123,123,506,TRUE,2022-12-19T15:56:39Z,yes,1536x864,12.8,12.8,333.194,1,8.718,25.177,26.293,4,4,5,5,4,4,7.167,8.044,10.702,2,71,7.785,7.785,8.554,1,Other,I have read this text carefully,Medical innovation,123,high,NA,31,Female,White,Canada,Canada,Full-Time,338.99999999999994,1,high
124,124,243,TRUE,2022-12-19T15:56:53Z,yes,1440x900,49.481,49.481,163.553,1,4.816,24.393,26.24,9,6,7,6,5,7,3.134,3.134,3.845,1,33,2.009,6.138,6.791,5,Other,I have read this text carefully,Medical innovation,124,high,NA,28,Female,White,Canada,Canada,Full-Time,47.999999999999524,0.58,high
125,125,244,TRUE,2022-12-19T15:56:56Z,yes,1440x900,17.19,17.19,135.704,1,8.168,23.264,24.357,6,5,5,4,5,5,4.679,4.679,5.542,1,24,3.283,3.283,4.486,1,Other,I have read this text carefully,Medical innovation,125,low,NA,75,Female,White,United Kingdom,United Kingdom,"Not in paid work (e.g. homemaker', 'retired or disabled)",98.99999999999972,1,low
128,128,375,TRUE,2022-12-19T15:57:11Z,yes,1600x900,23.564,23.564,247.817,1,8.003,23.304,24.232,4,5,6,5,5,5,9.466,9.466,10.581,1,64,5.903,5.903,7.072,1,Other,I have read this text carefully,Medical innovation,128,low,NA,61,Female,White,United Kingdom,United Kingdom,Part-Time,213.0000000000002,1,low
129,129,292,TRUE,2022-12-19T15:57:15Z,yes,1536x864,11.91,11.91,185.944,1,7,55.096,55.764,4,2,4,6,5,4,3.265,3.265,4.133,1,43,4.548,4.548,5.54,1,Other,I have read this text carefully,Medical innovation,129,low,NA,45,Female,White,United States,United States,Part-Time,125.00000000000007,1,low
130,130,241,TRUE,2022-12-19T15:57:16Z,yes,1536x864,14.216,95.723,98.156,2,11.826,23.946,24.909,6,4,4,4,4,5,3.44,3.44,4.32,1,19,3.988,3.988,4.973,1,Other,I have read this text carefully,Medical innovation,130,low,NA,67,Male,White,United Kingdom,United Kingdom,"Not in paid work (e.g. homemaker', 'retired or disabled)",110.00000000000016,1,low
131,131,330,TRUE,2022-12-19T15:57:22Z,yes,1920x1080,9.438,9.438,209.252,1,31.518,47.907,48.75,5,5,7,5,6,5,3.894,3.894,4.822,1,30,3.73,3.73,4.633,1,Other,I have read this text carefully,Medical innovation,131,high,NA,64,Male,White,United Kingdom,United Kingdom,Other,211.9999999999997,1,high
132,132,615,TRUE,2022-12-19T15:57:29Z,yes,1366x768,32.977,32.977,390.285,1,31.045,67.652,69.082,8,7,6,5,4,6,3.758,3.758,4.494,1,34,5.08,5.08,5.85,1,Other,I have read this text carefully,Medical innovation,132,high,NA,33,Male,Black,United Kingdom,France,Full-Time,394.0000000000004,1,high
133,133,266,TRUE,2022-12-19T15:57:39Z,yes,1920x1080,12.393,12.393,192.66,1,2.71,11.053,11.894,5,5,6,6,7,6,2.37,3.262,4.073,2,77,2.798,2.798,3.602,1,Other,I have read this text carefully.,Medical innovation,133,high,NA,68,Female,White,United Kingdom,United Kingdom,"Not in paid work (e.g. homemaker', 'retired or disabled)",86.99999999999963,1,high
134,134,339,TRUE,2022-12-19T15:57:41Z,yes,1366x768,25.39,215.486,216.395,2,6.848,23.534,25.495,5,1,3,1,2,1,2.289,2.825,4.537,2,67,9.84,18.947,19.951,8,Other,I have read this text carefully,Medical innovation,134,low,NA,30,Male,Other,United States,United States,NA,174.0000000000001,1,low
135,135,314,TRUE,2022-12-19T15:57:49Z,yes,1920x1080,5.085,5.085,201.09,1,17.029,57.901,58.57,6,2,5,5,3,3,3.979,5.306,6.006,2,34,2.379,2.379,3.23,1,Other,I have read this text carefully,Medical innovation,135,low,NA,28,Male,White,United Kingdom,United Kingdom,Part-Time,228.00000000000009,1,low
138,138,311,TRUE,2022-12-19T15:58:29Z,yes,1366x768,2.604,4.074,182.122,2,9.14,22.153,23.38,9,6,7,5,6,6,2.767,6.509,7.681,3,29,3.805,6.335,7.831,2,Other,I have read this text carefully,Medical innovation,138,high,NA,38,Male,White,United Kingdom,United Kingdom,Full-Time,166.99999999999997,1,high
139,139,770,TRUE,2022-12-19T15:58:55Z,yes,1366x768,1.195,125.003,126.036,3,27.463,36.66,37.392,7,7,4,3,4,5,2.286,2.286,3.259,1,15,2.381,2.381,3.489,1,Other,I have read this text carefully,Medical innovation,139,high,NA,44,Male,White,United Kingdom,United Kingdom,Full-Time,107.00000000000034,1,high
140,140,247,TRUE,2022-12-19T15:58:58Z,yes,1680x1050,15.807,15.807,159.859,1,9.724,17.739,18.37,4,7,7,7,7,5,4.329,4.329,5.22,1,72,3.844,3.844,4.789,1,Other,I have read this text carefully,Medical innovation,140,high,NA,47,Male,White,United Kingdom,United Kingdom,Full-Time,127.00000000000023,1,high
141,141,606,TRUE,2022-12-19T15:59:01Z,yes,375x667,2.603,11.237,203.592,4,1.584,15.467,15.959,13,6,5,6,5,6,2,3.117,3.606,2,33,1.999,3.514,4.201,4,Other,I have read this text carefully,Medical innovation,141,high,mobile,31,Male,White,United Kingdom,United Kingdom,Other,265.99999999999966,1,high
142,142,442,TRUE,2022-12-19T15:59:10Z,yes,1366x768,21.674,314.135,315.682,6,1.307,18.639,23.325,6,4,6,6,5,5,4.685,5.843,7.634,2,43,6.847,6.847,8.355,1,Other,I have read this text carefully,Medical innovation,142,high,NA,53,Female,White,United Kingdom,United Kingdom,Full-Time,242.00000000000034,1,high
143,143,491,TRUE,2022-12-19T15:59:41Z,yes,375x812,0.922,5.688,372.395,2,1.172,27.666,28.378,20,5,5,6,6,6,4.187,13.681,14.315,6,7,1.549,6.901,8.44,3,Other,I have read this text carefully,Medical innovation,143,high,mobile,28,Female,White,Germany,Germany,Full-Time,527.9999999999999,1,high
145,145,445,TRUE,2022-12-19T16:00:12Z,yes,2560x1080,31.577,31.577,331.943,1,6.048,29.76,30.925,4,5,7,7,5,6,4.187,4.187,5.316,1,20,4.773,5.909,9.637,2,Other,I have read this text carefully,Medical innovation,145,high,NA,35,Female,White,United Kingdom,United Kingdom,Full-Time,284.0000000000003,1,high
148,148,564,TRUE,2022-12-19T16:02:44Z,yes,1920x1080,35.533,35.533,338.692,1,4.842,23.853,24.945,5,6,5,4,6,4,10.098,10.098,10.822,1,100,3.216,3.216,3.878,1,Other,'I have read this text carefully',Medical innovation,148,high,NA,40,Female,White,United Kingdom,United Kingdom,NA,373.99999999999966,1,high
150,150,557,TRUE,2022-12-19T16:03:06Z,yes,1440x900,3.574,9.439,338.45,2,9.958,33.05,33.742,13,7,6,6,6,6,1.899,6.578,7.016,5,81,1.38,8.625,9.333,6,Other,I have read this text carefully,Medical innovation,150,low,NA,24,Female,Asian,United Kingdom,United Kingdom,NA,424.0000000000002,1,low
152,152,636,TRUE,2022-12-19T16:03:47Z,yes,1366x768,29.686,29.686,335.657,1,14.851,77.127,78.651,6,4,4,5,5,5,10.248,10.248,11.469,1,35,10.366,10.366,11.824,1,Other,I have read this text carefully,Medical innovation,152,low,NA,57,Male,White,United Kingdom,United Kingdom,Full-Time,277.9999999999998,1,low
153,153,1170,TRUE,2022-12-19T16:04:26Z,yes,1280x800,20.056,20.056,370.519,1,9.284,74.784,75.855,6,6,6,6,6,6,4.812,4.812,5.537,1,21,2.982,2.982,3.872,1,Other,I have read this text carefully,Medical innovation,153,high,NA,27,Female,White,Canada,Canada,Full-Time,181.00000000000023,1,high
154,154,759,TRUE,2022-12-19T16:04:57Z,yes,1366x768,19.105,19.105,285.222,1,3.363,25.792,26.704,8,7,7,7,7,6,5.526,5.526,11.461,1,80,2.828,2.828,6.776,1,Other,I have read this text carefully,Medical innovation,154,high,NA,42,Male,White,United Kingdom,United Kingdom,NA,233.99999999999972,1,high
158,158,245,TRUE,2022-12-19T16:14:17Z,yes,1280x1024,12.923,12.923,174.407,1,2.92,8.313,8.813,6,5,5,6,5,5,1.501,1.501,2.544,1,38,2.519,2.519,3.099,1,Other,I have read this text carefully,Medical innovation,158,low,NA,24,Female,White,United Kingdom,United Kingdom,NA,159.99999999999983,1,low
159,159,1524,TRUE,2022-12-19T16:17:01Z,yes,1114x627,1225.452,1225.452,1424.279,1,4.388,13.58,14.193,5,7,7,6,7,6,3.843,3.843,4.632,1,72,3.164,6.38,7.032,2,Other,I have read this text carefully,Medical innovation,159,low,NA,49,Male,White,United Kingdom,United Kingdom,Unemployed (and job seeking),189.99999999999963,1,low
162,162,495,TRUE,2022-12-19T16:23:30Z,yes,1366x768,13.743,306.514,308.138,3,6.154,20.658,22.566,6,6,6,5,7,5,11.489,12.262,13.244,2,39,3.934,3.934,5.06,1,Other,I have read this text carefully,Medical innovation,162,high,NA,49,Female,White,United Kingdom,United Kingdom,"Not in paid work (e.g. homemaker', 'retired or disabled)",267.99999999999983,1,high
166,166,416,TRUE,2022-12-19T16:38:06Z,yes,834x1194,13.619,13.619,313.446,1,7.365,17.936,18.91,7,5,4,3,5,5,1.969,1.969,2.557,1,39,4.307,4.307,5.226,1,Other,I have read this text carefully,Medical innovation,166,low,NA,61,Female,White,United Kingdom,United Kingdom,Full-Time,228.00000000000009,1,low
168,168,1132,TRUE,2022-12-19T16:52:30Z,yes,1920x1200,6.688,6.688,313.575,1,4.25,9.759,10.445,4,6,7,6,7,6,3.017,3.017,4.017,1,81,3.357,3.357,3.926,1,Other,I have read this text carefully,Medical innovation,168,high,NA,55,Male,White,United Kingdom,United Kingdom,Full-Time,122.00000000000026,1,high
