deck,set,startup,quality,fluency,contrast,simplicity,symmetry
01-servora-HQ-HF,Studies 3 and 4,Servora,HQ,HF,0.177,0.928,0.525
01-servora-HQ-LF,Studies 3 and 4,Servora,HQ,LF,0.128,0.882,0.178
01-servora-LQ-HF,Studies 3 and 4,Servora,LQ,HF,0.175,0.930,0.527
01-servora-LQ-LF,Studies 3 and 4,Servora,LQ,LF,0.128,0.883,0.181
02-curato-HQ-HF,Studies 3 and 4,Curato,HQ,HF,0.186,0.927,0.511
02-curato-HQ-LF,Studies 3 and 4,Curato,HQ,LF,0.131,0.871,0.187
02-curato-LQ-HF,Studies 3 and 4,Curato,LQ,HF,0.183,0.928,0.514
02-curato-LQ-LF,Studies 3 and 4,Curato,LQ,LF,0.130,0.872,0.194
03-ironhall-HQ-HF,Studies 3 and 4,Ironhall,HQ,HF,0.188,0.928,0.430
03-ironhall-HQ-LF,Studies 3 and 4,Ironhall,HQ,LF,0.131,0.869,0.165
03-ironhall-LQ-HF,Studies 3 and 4,Ironhall,LQ,HF,0.185,0.930,0.436
03-ironhall-LQ-LF,Studies 3 and 4,Ironhall,LQ,LF,0.130,0.871,0.166
04-foliant-HQ-HF,Studies 3 and 4,Foliant,HQ,HF,0.199,0.927,0.465
04-foliant-HQ-LF,Studies 3 and 4,Foliant,HQ,LF,0.132,0.879,0.177
04-foliant-LQ-HF,Studies 3 and 4,Foliant,LQ,HF,0.195,0.930,0.471
04-foliant-LQ-LF,Studies 3 and 4,Foliant,LQ,LF,0.131,0.882,0.178
05-pulsegrid-HQ-HF,Studies 3 and 4,Pulsegrid,HQ,HF,0.194,0.927,0.465
05-pulsegrid-HQ-LF,Studies 3 and 4,Pulsegrid,HQ,LF,0.123,0.871,0.207
05-pulsegrid-LQ-HF,Studies 3 and 4,Pulsegrid,LQ,HF,0.190,0.931,0.471
05-pulsegrid-LQ-LF,Studies 3 and 4,Pulsegrid,LQ,LF,0.121,0.874,0.224
06-paperloom-HQ-HF,Studies 3 and 4,Paperloom,HQ,HF,0.181,0.928,0.518
06-paperloom-HQ-LF,Studies 3 and 4,Paperloom,HQ,LF,0.121,0.880,0.182
06-paperloom-LQ-HF,Studies 3 and 4,Paperloom,LQ,HF,0.179,0.930,0.521
06-paperloom-LQ-LF,Studies 3 and 4,Paperloom,LQ,LF,0.120,0.882,0.186
07-sentyl-HQ-HF,Studies 3 and 4,Sentyl,HQ,HF,0.193,0.927,0.447
07-sentyl-HQ-LF,Studies 3 and 4,Sentyl,HQ,LF,0.126,0.861,0.197
07-sentyl-LQ-HF,Studies 3 and 4,Sentyl,LQ,HF,0.191,0.930,0.453
07-sentyl-LQ-LF,Studies 3 and 4,Sentyl,LQ,LF,0.125,0.865,0.195
08-axonmesh-HQ-HF,Studies 3 and 4,Axonmesh,HQ,HF,0.185,0.925,0.452
08-axonmesh-HQ-LF,Studies 3 and 4,Axonmesh,HQ,LF,0.132,0.875,0.182
08-axonmesh-LQ-HF,Studies 3 and 4,Axonmesh,LQ,HF,0.182,0.928,0.447
08-axonmesh-LQ-LF,Studies 3 and 4,Axonmesh,LQ,LF,0.131,0.877,0.180
Healthcare_Fluency_High_Quality_High,Studies 1 and 2,Brachytix,HQ,HF,0.184,0.905,0.511
Healthcare_Fluency_Low_Quality_High,Studies 1 and 2,Brachytix,HQ,LF,0.118,0.875,0.158
Healthcare_Fluency_High_Quality_Low,Studies 1 and 2,Brachytix,LQ,HF,0.181,0.91,0.513
Healthcare_Fluency_Low_Quality_Low,Studies 1 and 2,Brachytix,LQ,LF,0.117,0.88,0.159
Software_Fluency_High_Quality_High,Studies 1 and 2,PerkSouq,HQ,HF,0.181,0.926,0.537
Software_Fluency_Low_Quality_High,Studies 1 and 2,PerkSouq,HQ,LF,0.108,0.895,0.194
Software_Fluency_High_Quality_Low,Studies 1 and 2,PerkSouq,LQ,HF,0.177,0.93,0.542
Software_Fluency_Low_Quality_Low,Studies 1 and 2,PerkSouq,LQ,LF,0.107,0.899,0.199
