id,model,dimension,variant,raw_response
14,qwen,hc,b,I cannot determine
15,mistral,ol,a,I cannot determine
18,mistral,oq,a,I cannot determine
25,mistral,co,a,I cannot determine
28,qwen,oq,a,I cannot determine
43,qwen,ol,b,I cannot determine
50,qwen,oq,b,I cannot determine
51,mistral,hc,b,I cannot determine
57,mistral,hc,b,I cannot determine
63,mistral,oq,b,I cannot determine
70,qwen,co,a,I cannot determine
73,qwen,ip,a,I cannot determine
89,mistral,co,b,I cannot determine
112,qwen,ol,c,I cannot determine
127,mistral,ip,b,I cannot determine
131,mistral,ol,a,I cannot determine
137,mistral,oq,b,I cannot determine
148,mistral,co,a,I cannot determine
149,qwen,oq,c,I cannot determine
154,qwen,oq,c,I cannot determine
164,qwen,oq,c,I cannot determine
165,qwen,oq,a,I cannot determine
166,qwen,co,b,I cannot determine
197,mistral,co,c,I cannot determine
199,qwen,ol,a,I cannot determine
200,mistral,ol,a,I cannot determine
210,qwen,hc,b,I cannot determine
210,qwen,ol,c,I cannot determine
214,qwen,oq,c,I cannot determine
215,qwen,ip,b,I cannot determine
226,mistral,ol,b,I cannot determine
232,qwen,ol,c,I cannot determine
234,mistral,hc,a,I cannot determine
244,qwen,oq,b,I cannot determine
245,qwen,ip,a,I cannot determine
253,qwen,co,c,I cannot determine
255,mistral,ip,a,I cannot determine
259,mistral,hc,b,I cannot determine
270,qwen,ol,b,I cannot determine
271,qwen,ip,c,I cannot determine
291,mistral,co,b,I cannot determine
304,mistral,ip,a,I cannot determine
325,qwen,oq,c,I cannot determine
332,qwen,hc,c,I cannot determine
351,qwen,oq,b,I cannot determine
372,qwen,ip,b,I cannot determine
376,qwen,oq,b,I cannot determine
381,qwen,oq,c,I cannot determine
383,qwen,ol,c,I cannot determine
386,mistral,co,a,I cannot determine
388,mistral,hc,c,I cannot determine
397,qwen,co,b,I cannot determine
400,qwen,ip,a,I cannot determine
401,qwen,ip,c,I cannot determine
406,qwen,ip,a,I cannot determine
423,qwen,ol,c,I cannot determine
423,mistral,oq,a,I cannot determine
425,mistral,oq,b,I cannot determine
428,qwen,hc,b,I cannot determine
433,qwen,ip,b,I cannot determine
435,mistral,oq,a,I cannot determine
438,mistral,co,b,I cannot determine
441,qwen,co,a,I cannot determine
441,qwen,oq,b,I cannot determine
443,qwen,ol,a,I cannot determine
444,qwen,ip,a,I cannot determine
444,mistral,ol,a,I cannot determine
449,mistral,ol,a,I cannot determine
458,qwen,hc,b,I cannot determine
464,qwen,co,c,I cannot determine
482,qwen,co,c,I cannot determine
483,qwen,co,c,I cannot determine
493,mistral,hc,c,I cannot determine
501,mistral,hc,b,I cannot determine
502,mistral,oq,b,I cannot determine
505,mistral,hc,a,I cannot determine
527,qwen,oq,a,I cannot determine
535,mistral,ol,b,I cannot determine
536,mistral,hc,c,I cannot determine
537,mistral,hc,b,I cannot determine
539,mistral,hc,c,I cannot determine
549,qwen,oq,c,I cannot determine
566,mistral,hc,b,I cannot determine
571,mistral,ol,c,I cannot determine
573,mistral,ip,b,I cannot determine
579,mistral,ip,b,I cannot determine
585,mistral,oq,a,I cannot determine
599,mistral,hc,c,I cannot determine
601,qwen,ip,b,I cannot determine
603,mistral,ol,a,I cannot determine
616,mistral,ol,b,I cannot determine
620,mistral,ip,a,I cannot determine
632,mistral,hc,b,I cannot determine
635,mistral,ip,c,I cannot determine
637,mistral,co,b,I cannot determine
643,mistral,ol,b,I cannot determine
652,mistral,hc,a,I cannot determine
670,qwen,co,a,I cannot determine
687,mistral,oq,a,I cannot determine
702,qwen,ip,c,I cannot determine
714,qwen,ol,a,I cannot determine
716,qwen,oq,b,I cannot determine
719,qwen,ip,c,I cannot determine
723,mistral,co,b,I cannot determine
723,mistral,ip,b,I cannot determine
723,qwen,oq,a,I cannot determine
726,mistral,oq,c,I cannot determine
730,qwen,hc,a,I cannot determine
736,qwen,ol,c,I cannot determine
739,qwen,hc,a,I cannot determine
765,mistral,ol,b,I cannot determine
780,mistral,co,b,I cannot determine
780,qwen,ip,c,I cannot determine
781,qwen,hc,b,I cannot determine
783,qwen,co,c,I cannot determine
783,qwen,ol,a,I cannot determine
792,mistral,ip,c,I cannot determine
797,qwen,ol,b,I cannot determine
798,qwen,oq,b,I cannot determine
799,qwen,oq,a,I cannot determine
800,qwen,oq,c,I cannot determine
822,qwen,ip,b,I cannot determine
826,mistral,hc,b,I cannot determine
828,mistral,ol,a,I cannot determine
831,mistral,ip,c,I cannot determine
845,qwen,ip,c,I cannot determine
845,mistral,oq,a,I cannot determine
854,mistral,co,b,I cannot determine
856,mistral,ip,c,I cannot determine
859,qwen,co,a,I cannot determine
861,qwen,hc,a,I cannot determine
864,qwen,ol,b,I cannot determine
868,mistral,co,c,I cannot determine
869,mistral,hc,b,I cannot determine
881,qwen,oq,b,I cannot determine
883,qwen,ol,b,I cannot determine
884,qwen,ip,a,I cannot determine
885,mistral,ol,c,I cannot determine
903,mistral,ip,a,I cannot determine
920,qwen,oq,a,I cannot determine
926,mistral,hc,b,I cannot determine
927,qwen,co,b,I cannot determine
947,qwen,ip,b,I cannot determine
951,mistral,oq,b,I cannot determine
962,mistral,co,a,I cannot determine
971,mistral,ip,c,I cannot determine
973,qwen,co,a,I cannot determine
973,qwen,co,c,I cannot determine
981,mistral,ol,c,I cannot determine
988,mistral,oq,a,I cannot determine
989,mistral,ol,c,I cannot determine
993,mistral,ip,a,I cannot determine
997,mistral,co,b,I cannot determine
1015,mistral,ip,c,I cannot determine
1016,mistral,co,a,I cannot determine
1020,mistral,hc,c,I cannot determine
1022,qwen,hc,b,I cannot determine
1031,mistral,hc,c,I cannot determine
1040,mistral,ip,c,I cannot determine
1043,mistral,hc,b,I cannot determine
1044,qwen,co,a,I cannot determine
1059,qwen,co,a,I cannot determine
1061,qwen,oq,a,I cannot determine
1072,qwen,ip,b,I cannot determine
1082,mistral,hc,c,I cannot determine
1085,qwen,co,a,I cannot determine
1096,mistral,ol,a,I cannot determine
1102,qwen,oq,c,I cannot determine
1103,mistral,ip,b,I cannot determine
1119,mistral,hc,c,I cannot determine
1119,mistral,ip,c,I cannot determine
1122,mistral,ip,b,I cannot determine
1126,qwen,ip,c,I cannot determine
1131,qwen,hc,a,I cannot determine
1133,qwen,ol,c,I cannot determine
1151,qwen,ol,c,I cannot determine
1153,qwen,ip,c,I cannot determine
1159,mistral,oq,b,I cannot determine
1159,qwen,oq,b,I cannot determine
1161,qwen,ip,a,I cannot determine
1163,qwen,ip,b,I cannot determine
1167,qwen,co,c,I cannot determine
1170,mistral,hc,c,I cannot determine
1170,mistral,ol,b,I cannot determine
1176,mistral,oq,c,I cannot determine
1181,qwen,hc,a,I cannot determine
1183,qwen,ip,a,I cannot determine
1191,qwen,hc,c,I cannot determine
1204,mistral,hc,b,I cannot determine
1216,qwen,oq,a,I cannot determine
1220,qwen,co,a,I cannot determine
1230,qwen,co,a,I cannot determine
1233,mistral,oq,a,I cannot determine
1237,qwen,ip,b,I cannot determine
1245,qwen,ip,b,I cannot determine
1246,mistral,co,c,I cannot determine
1254,qwen,ol,b,I cannot determine
1259,mistral,ol,c,I cannot determine
1267,mistral,ip,a,I cannot determine
1287,mistral,ol,b,I cannot determine
1289,qwen,co,b,I cannot determine
1302,qwen,co,a,I cannot determine
1343,qwen,ip,b,I cannot determine
1374,qwen,ip,c,I cannot determine
1376,qwen,oq,b,I cannot determine
1379,mistral,oq,c,I cannot determine
1380,qwen,ip,c,I cannot determine
1384,qwen,ip,a,I cannot determine
1386,mistral,co,b,I cannot determine
1391,mistral,co,a,I cannot determine
1392,mistral,ol,a,I cannot determine
1397,qwen,hc,c,I cannot determine
1400,mistral,hc,b,I cannot determine
1406,qwen,ol,c,I cannot determine
1413,mistral,hc,c,I cannot determine
1418,qwen,hc,a,I cannot determine
1419,mistral,hc,c,I cannot determine
1419,qwen,ip,b,I cannot determine
1430,mistral,ol,c,I cannot determine
1438,qwen,ip,a,I cannot determine
1439,mistral,ol,c,I cannot determine
1440,qwen,co,b,I cannot determine
1450,mistral,oq,a,I cannot determine
1452,mistral,hc,a,I cannot determine
1475,qwen,co,b,I cannot determine
1477,qwen,ip,c,I cannot determine
1479,qwen,ip,b,I cannot determine
1489,qwen,co,c,I cannot determine
1498,qwen,ol,b,I cannot determine
1506,qwen,hc,b,I cannot determine
1526,mistral,oq,c,I cannot determine
1541,mistral,oq,a,I cannot determine
1542,mistral,ol,a,I cannot determine
1561,qwen,co,b,I cannot determine
1568,mistral,hc,c,I cannot determine
1570,mistral,ip,b,I cannot determine
1571,qwen,ol,b,I cannot determine
1573,mistral,hc,c,I cannot determine
1574,mistral,ol,a,I cannot determine
1584,mistral,ip,a,I cannot determine
1585,qwen,ip,c,I cannot determine
1590,qwen,oq,b,I cannot determine
1600,qwen,ip,b,I cannot determine
1610,mistral,ip,a,I cannot determine
1618,mistral,oq,b,I cannot determine
1624,mistral,ip,a,I cannot determine
1631,qwen,oq,a,I cannot determine
1642,mistral,hc,c,I cannot determine
1650,mistral,ip,c,I cannot determine
1678,qwen,co,c,I cannot determine
1679,qwen,ip,a,I cannot determine
1680,mistral,ol,b,I cannot determine
1697,qwen,hc,c,I cannot determine
1706,qwen,co,c,I cannot determine
1711,qwen,oq,b,I cannot determine
1713,mistral,ol,a,I cannot determine
1719,qwen,co,a,I cannot determine
1727,mistral,co,c,I cannot determine
1727,mistral,ol,a,I cannot determine
1728,mistral,oq,a,I cannot determine
1735,qwen,hc,c,I cannot determine
1737,qwen,hc,a,I cannot determine
1740,qwen,oq,a,I cannot determine
1759,qwen,ol,a,I cannot determine
1767,qwen,ip,b,I cannot determine
1767,mistral,ol,b,I cannot determine
1774,qwen,ol,a,I cannot determine
1779,qwen,co,c,I cannot determine
1791,mistral,oq,b,I cannot determine
1793,qwen,ol,b,I cannot determine
1805,mistral,co,c,I cannot determine
1816,qwen,oq,a,I cannot determine
1823,mistral,hc,b,I cannot determine
1829,mistral,oq,a,I cannot determine
1831,mistral,co,b,I cannot determine
1836,mistral,hc,a,I cannot determine
1847,mistral,ip,c,I cannot determine
1850,mistral,ip,b,I cannot determine
1855,qwen,co,a,I cannot determine
1855,qwen,hc,a,I cannot determine
1884,qwen,ip,c,I cannot determine
1889,mistral,ol,c,I cannot determine
1890,mistral,ol,b,I cannot determine
1895,qwen,ol,b,I cannot determine
1900,qwen,ip,b,I cannot determine
1902,qwen,ol,a,I cannot determine
1902,qwen,oq,b,I cannot determine
1906,mistral,co,a,I cannot determine
1906,mistral,hc,a,I cannot determine
1920,mistral,ip,b,I cannot determine
1923,mistral,hc,a,I cannot determine
1935,qwen,ol,b,I cannot determine
1950,mistral,ip,c,I cannot determine
1973,mistral,oq,b,I cannot determine
1988,qwen,hc,a,I cannot determine
1996,qwen,co,a,I cannot determine
2021,qwen,ol,b,I cannot determine
2030,qwen,ip,b,I cannot determine
2034,mistral,oq,a,I cannot determine
2063,qwen,co,c,I cannot determine
2064,mistral,hc,b,I cannot determine
2065,qwen,co,b,I cannot determine
2066,mistral,oq,b,I cannot determine
2069,qwen,co,c,I cannot determine
2073,mistral,hc,c,I cannot determine
2076,qwen,oq,c,I cannot determine
2077,mistral,oq,b,I cannot determine
2100,mistral,hc,a,I cannot determine
2102,mistral,hc,c,I cannot determine
2110,qwen,co,b,I cannot determine
2112,mistral,co,b,I cannot determine
2121,mistral,co,b,I cannot determine
2129,qwen,co,a,I cannot determine
2143,mistral,oq,a,I cannot determine
2148,qwen,ol,b,I cannot determine
2148,qwen,oq,c,I cannot determine
2149,qwen,ip,c,I cannot determine
2151,qwen,hc,b,I cannot determine
2158,mistral,oq,c,I cannot determine
2169,mistral,hc,c,I cannot determine
2171,mistral,ol,b,I cannot determine
2171,qwen,ol,b,I cannot determine
2172,qwen,ol,b,I cannot determine
2179,mistral,ol,c,I cannot determine
2184,mistral,oq,b,I cannot determine
2187,qwen,hc,b,I cannot determine
2191,qwen,hc,c,I cannot determine
2196,qwen,ip,c,I cannot determine
2201,mistral,oq,a,I cannot determine
2205,qwen,oq,a,I cannot determine
2210,qwen,hc,a,I cannot determine
2212,mistral,hc,a,I cannot determine
2220,qwen,ip,b,I cannot determine
2225,mistral,hc,b,I cannot determine
2236,mistral,hc,b,I cannot determine
2246,mistral,oq,c,I cannot determine
2256,qwen,ip,a,I cannot determine
2281,mistral,co,c,I cannot determine
2289,mistral,ip,c,I cannot determine
2291,mistral,ip,b,I cannot determine
2303,qwen,ip,a,I cannot determine
2308,qwen,hc,c,I cannot determine
2316,mistral,oq,c,I cannot determine
2322,mistral,ol,a,I cannot determine
2324,mistral,oq,c,I cannot determine
2336,qwen,ip,b,I cannot determine
2342,qwen,oq,c,I cannot determine
2357,qwen,hc,a,I cannot determine
2376,qwen,co,b,I cannot determine
2379,mistral,oq,b,I cannot determine
2387,qwen,ol,a,I cannot determine
2388,qwen,ip,b,I cannot determine
2405,mistral,hc,c,I cannot determine
2409,mistral,ol,c,I cannot determine
2419,qwen,ip,b,I cannot determine
2423,mistral,hc,b,I cannot determine
2424,qwen,ol,c,I cannot determine
2427,qwen,oq,a,I cannot determine
2436,qwen,ip,c,I cannot determine
2443,qwen,oq,b,I cannot determine
2450,qwen,ol,b,I cannot determine
2452,qwen,co,a,I cannot determine
2452,mistral,ol,c,I cannot determine
2453,mistral,ol,c,I cannot determine
2455,qwen,ol,c,I cannot determine
2457,qwen,co,b,I cannot determine
2458,mistral,co,c,I cannot determine
2476,mistral,ol,b,I cannot determine
2487,qwen,oq,a,I cannot determine
2491,qwen,ip,c,I cannot determine
2494,qwen,ol,a,I cannot determine
2498,mistral,co,b,I cannot determine
2500,qwen,oq,a,I cannot determine
2510,qwen,oq,a,I cannot determine
2525,qwen,oq,c,I cannot determine
2533,qwen,ol,c,I cannot determine
2537,mistral,ol,a,I cannot determine
2539,mistral,oq,b,I cannot determine
2541,qwen,oq,b,I cannot determine
2541,qwen,oq,c,I cannot determine
2542,mistral,ol,c,I cannot determine
2544,mistral,ol,b,I cannot determine
2558,qwen,ol,b,I cannot determine
2569,mistral,ol,c,I cannot determine
2573,qwen,co,b,I cannot determine
2573,mistral,hc,b,I cannot determine
2579,mistral,co,a,I cannot determine
2587,mistral,ip,b,I cannot determine
2596,qwen,hc,a,I cannot determine
2599,qwen,hc,a,I cannot determine
2599,mistral,ol,b,I cannot determine
2601,mistral,oq,c,I cannot determine
2626,mistral,oq,b,I cannot determine
2642,qwen,oq,b,I cannot determine
2665,qwen,co,b,I cannot determine
2669,qwen,ol,a,I cannot determine
2673,qwen,hc,a,I cannot determine
2674,mistral,co,b,I cannot determine
2675,qwen,hc,c,I cannot determine
2677,mistral,ol,a,I cannot determine
2678,mistral,co,b,I cannot determine
2684,qwen,hc,a,I cannot determine
2684,mistral,ol,a,I cannot determine
2692,mistral,co,c,I cannot determine
2728,qwen,co,c,I cannot determine
2730,qwen,co,a,I cannot determine
2730,qwen,hc,a,I cannot determine
2734,qwen,co,b,I cannot determine
2735,mistral,ol,b,I cannot determine
2742,mistral,hc,c,I cannot determine
2749,qwen,hc,a,I cannot determine
2756,mistral,hc,a,I cannot determine
2763,mistral,ip,a,I cannot determine
2770,qwen,oq,a,I cannot determine
2772,mistral,oq,b,I cannot determine
2806,mistral,ip,c,I cannot determine
2809,mistral,co,a,I cannot determine
2835,mistral,co,a,I cannot determine
2837,qwen,ol,c,I cannot determine
2849,mistral,hc,c,I cannot determine
2858,qwen,hc,a,I cannot determine
2860,mistral,ol,a,I cannot determine
2871,mistral,hc,b,I cannot determine
2882,qwen,hc,c,I cannot determine
2891,qwen,oq,b,I cannot determine
2896,qwen,oq,c,I cannot determine
2899,mistral,ol,c,I cannot determine
2900,mistral,hc,a,I cannot determine
2915,qwen,co,a,I cannot determine
2916,mistral,co,b,I cannot determine
2916,qwen,oq,b,I cannot determine
2922,qwen,ip,c,I cannot determine
2923,qwen,co,a,I cannot determine
2935,mistral,co,a,I cannot determine
2938,qwen,hc,a,I cannot determine
2938,mistral,ip,b,I cannot determine
2949,qwen,oq,b,I cannot determine
2954,qwen,oq,a,I cannot determine
2956,qwen,ip,c,I cannot determine
2970,qwen,oq,c,I cannot determine
2996,mistral,ol,c,I cannot determine
2999,mistral,ol,b,I cannot determine
3001,qwen,oq,a,I cannot determine
3011,mistral,hc,b,I cannot determine
3016,qwen,co,c,I cannot determine
3018,mistral,hc,b,I cannot determine
3023,qwen,co,c,I cannot determine
3028,mistral,ol,a,I cannot determine
3031,qwen,ol,b,I cannot determine
3047,qwen,oq,b,I cannot determine
3048,mistral,hc,a,I cannot determine
3063,qwen,co,a,I cannot determine
3063,qwen,ol,b,I cannot determine
3074,qwen,oq,c,I cannot determine
3096,qwen,hc,a,I cannot determine
3116,mistral,hc,a,I cannot determine
3116,qwen,ip,a,I cannot determine
3125,qwen,ol,a,I cannot determine
3127,qwen,hc,a,I cannot determine
3127,mistral,oq,a,I cannot determine
3136,mistral,oq,a,I cannot determine
3137,mistral,hc,a,I cannot determine
3137,mistral,ol,c,I cannot determine
3148,mistral,ip,b,I cannot determine
3154,qwen,co,b,I cannot determine
3156,qwen,ol,a,I cannot determine
3157,qwen,ol,a,I cannot determine
3168,mistral,ol,b,I cannot determine
3175,qwen,co,c,I cannot determine
3179,qwen,hc,a,I cannot determine
3184,mistral,co,b,I cannot determine
3201,qwen,ip,b,I cannot determine
3202,qwen,ol,c,I cannot determine
3211,mistral,ol,a,I cannot determine
3212,qwen,oq,a,I cannot determine
3219,mistral,oq,a,I cannot determine
3224,mistral,hc,b,I cannot determine
3235,qwen,co,a,I cannot determine
3252,qwen,oq,c,I cannot determine
3259,qwen,oq,c,I cannot determine
3263,mistral,ol,c,I cannot determine
3267,qwen,ip,a,I cannot determine
3271,mistral,co,a,I cannot determine
3277,mistral,ip,b,I cannot determine
3281,mistral,ip,a,I cannot determine
3282,qwen,ol,a,I cannot determine
3284,qwen,co,a,I cannot determine
3284,mistral,hc,a,I cannot determine
3286,mistral,ol,c,I cannot determine
3289,qwen,oq,a,I cannot determine
3295,mistral,ol,c,I cannot determine
3299,qwen,co,a,I cannot determine
3299,mistral,ip,b,I cannot determine
3302,mistral,ol,c,I cannot determine
3304,mistral,ip,c,I cannot determine
3305,qwen,ip,c,I cannot determine
3308,mistral,ol,b,I cannot determine
3313,qwen,oq,c,I cannot determine
3334,qwen,ol,a,I cannot determine
3338,mistral,hc,c,I cannot determine
3340,mistral,hc,b,I cannot determine
3352,qwen,oq,b,I cannot determine
3364,mistral,hc,a,I cannot determine
3376,mistral,ip,c,I cannot determine
3380,qwen,hc,c,I cannot determine
3383,mistral,hc,c,I cannot determine
3385,qwen,oq,a,I cannot determine
3393,qwen,hc,b,I cannot determine
3397,mistral,ol,c,I cannot determine
3406,mistral,oq,a,I cannot determine
3408,mistral,co,c,I cannot determine
3409,qwen,co,c,I cannot determine
3424,mistral,hc,c,I cannot determine
3426,qwen,co,a,I cannot determine
3433,qwen,hc,a,I cannot determine
3436,qwen,co,b,I cannot determine
3438,qwen,co,b,I cannot determine
3447,mistral,ol,c,I cannot determine
3453,mistral,ol,a,I cannot determine
3462,mistral,ip,c,I cannot determine
3470,qwen,oq,b,I cannot determine
3474,mistral,oq,c,I cannot determine
3479,mistral,hc,b,I cannot determine
3482,mistral,oq,a,I cannot determine
3498,mistral,oq,a,I cannot determine
3504,qwen,co,b,I cannot determine
