ID,IP_address,duration_study,finished,recordeddate,consent,browser_info_resolution,timer_pitch_deck_first click,timer_pitch_deck_last click,timer_pitch_deck_page submit,timer_pitch_deck_click count,invest_prob,fluency,quality,cvpa_v_1,cvpa_v_2,cvpa_v_3,cvpa_v_4,cvpa_a_1,cvpa_a_2,cvpa_a_3,cvpa_a_4,cvpa_r_1,cvpa_r_2,cvpa_r_3,age,gender,invest_experience,attention_check,attention_check_text,comprehension_check,PROLIFIC_PID,fluency_condition,quality_condition,device,investment_types,ethnicity,country,nationality,employment,duration_pitch_deck,completion,fluency_condition_docsend,quality_condition_docsend
1,1,560,TRUE,2022-12-21T14:19:35Z,yes,1440x900,34.185,34.185,339.913,1,90,89,6,Neither agree nor disagree,Neither agree nor disagree,Neither agree nor disagree,Agree,Agree,Agree,Agree,Strongly agree,Agree,Agree,Agree,71,Male,12,Other,I have read this text carefully.,Medical innovation,1,low,high,NA,"Government Bonds, Angel syndicate",White,Canada,Canada,Part-Time,250.9999999999998,1,low,high
2,2,227,TRUE,2022-12-21T14:23:19Z,yes,1920x1080,0.543,24.995,97.171,38,56,77,5,Disagree,Neither agree nor disagree,Agree,Neither agree nor disagree,Disagree,Disagree,Agree,Disagree,Agree,Strongly disagree,Strongly disagree,33,Male,0,Other,'I have read this text carefully,Medical innovation,2,high,low,NA,"Stock Market, Crowdfunding",White,United Kingdom,United Kingdom,Full-Time,61.99999999999977,1,high,low
3,3,314,TRUE,2022-12-21T14:23:37Z,yes,1536x864,11.103,17.075,156.28,2,24,0,4,Strongly disagree,Strongly agree,Strongly agree,Strongly agree,Agree,Strongly agree,Agree,Agree,Strongly agree,Agree,Agree,62,Female,0,Other,I have read this text carefully,Medical innovation,3,low,low,NA,"Crowdfunding, Stock Market",White,United Kingdom,United Kingdom,"Not in paid work (e.g. homemaker', 'retired or disabled)",115.00000000000013,1,low,low
4,4,429,TRUE,2022-12-21T14:23:46Z,yes,1200x800,9.092,14.477,250.459,3,71,77,5,Agree,Agree,Agree,Strongly agree,Neither agree nor disagree,Neither agree nor disagree,Agree,Neither agree nor disagree,Agree,Neither agree nor disagree,Agree,40,Female,0,Other,I have read this text carefully,Medical innovation,4,high,low,NA,"Stock Market, Government Bonds, Private Equity fund",White,United Kingdom,United Kingdom,NA,193.00000000000034,1,high,low
5,5,335,TRUE,2022-12-21T14:28:46Z,yes,1536x864,6.715,6.715,152.251,1,72,82,5,Agree,Strongly agree,Strongly agree,Strongly agree,Agree,Disagree,Agree,Agree,Strongly agree,Strongly agree,Strongly agree,25,Female,0,Other,I have read this text carefully,Medical innovation,5,high,low,NA,"ETF or ETC, Stock Market, Crowdfunding",White,Germany,Germany,Unemployed (and job seeking),125.00000000000007,1,high,low
6,6,494,TRUE,2022-12-21T14:29:59Z,yes,1920x1080,12.187,12.187,310.565,1,0,66,4,Agree,Agree,Neither agree nor disagree,Agree,Neither agree nor disagree,Neither agree nor disagree,Agree,Neither agree nor disagree,Agree,Disagree,Disagree,43,Male,8,Other,I have read this text carefully,Medical innovation,6,high,high,NA,"ETF or ETC, Crowdfunding, Options, Stock Market, Private Equity fund",Asian,Canada,Canada,Full-Time,292.9999999999997,1,high,high
7,7,495,TRUE,2022-12-21T14:33:27Z,yes,414x896,7.974,383.963,384.565,2,30,67,5,Disagree,Disagree,Neither agree nor disagree,Agree,Disagree,Strongly disagree,Disagree,Neither agree nor disagree,Agree,Strongly disagree,Disagree,28,Female,5,Other,I have read this text carefully,Medical innovation,7,high,low,mobile,"Crowdfunding, Government Bonds, ETF or ETC",Other,United Kingdom,United Kingdom,NA,473.0000000000002,1,high,low
10,10,290,TRUE,2022-12-21T14:36:56Z,yes,1536x864,8.422,8.422,160.236,1,90,48,6,Neither agree nor disagree,Agree,Agree,Agree,Neither agree nor disagree,Neither agree nor disagree,Agree,Agree,Agree,Neither agree nor disagree,Neither agree nor disagree,39,Male,0,Other,I have read this text carefully,Medical innovation,10,low,high,NA,"ETF or ETC, Government Bonds, Stock Market, Unit trusts, Crowdfunding",White,United Kingdom,United Kingdom,Full-Time,132.99999999999983,1,low,high
11,11,600,TRUE,2022-12-21T14:39:06Z,yes,768x1024,14.316,14.316,392.851,1,75,100,6,Neither agree nor disagree,Agree,Agree,Neither agree nor disagree,Neither agree nor disagree,Neither agree nor disagree,Agree,Agree,Agree,Neither agree nor disagree,Neither agree nor disagree,46,Female,1,Other,I have read this text carefully,Medical innovation,11,high,high,mobile,"Stock Market, Private Equity fund, Venture Capital fund, Crowdfunding, Government Bonds",White,Canada,Canada,NA,576.9999999999999,1,high,high
12,12,189,TRUE,2022-12-21T14:39:56Z,yes,390x844,0.307,4.626,79.263,3,50,22,6,Neither agree nor disagree,Agree,Agree,Neither agree nor disagree,Disagree,Disagree,Agree,Agree,Agree,Disagree,Neither agree nor disagree,25,Male,0,Other,I have read this text carefully.,Medical innovation,12,low,high,mobile,"Stock Market, Government Bonds, Private Equity fund",White,United States,United States,NA,65.99999999999923,0.92000002,low,high
13,13,651,TRUE,2022-12-21T14:40:56Z,yes,1440x900,14.268,14.268,320.439,1,20,58,5,Neither agree nor disagree,Agree,Agree,Agree,Neither agree nor disagree,Neither agree nor disagree,Agree,Agree,Agree,Agree,Agree,43,Female,1,Other,I have read this text carefully.,Medical innovation,13,low,low,NA,"Government Bonds, Stock Market, Crowdfunding",Mixed,United Kingdom,United Kingdom,NA,306.0000000000003,1,low,low
15,15,133,TRUE,2022-12-21T14:43:02Z,yes,1920x1080,4.601,5.074,59.252,2,70,88,5,Agree,Strongly agree,Strongly agree,Neither agree nor disagree,Agree,Agree,Strongly disagree,Neither agree nor disagree,Neither agree nor disagree,Agree,Agree,33,Male,6,Other,I have read this text carefully,Medical innovation,15,low,low,NA,"Stock Market, Private Equity fund, Government Bonds",White,United Kingdom,United Kingdom,Full-Time,45.99999999999935,1,low,low
16,16,476,TRUE,2022-12-21T14:43:15Z,yes,1536x864,20.312,20.312,309.204,1,60,80,6,Agree,Agree,Agree,Neither agree nor disagree,Agree,Neither agree nor disagree,Agree,Agree,Agree,Neither agree nor disagree,Neither agree nor disagree,36,Male,0,Other,I have read this text carefully,Medical innovation,16,high,high,NA,"Stock Market, Crowdfunding",Mixed,United Kingdom,United Kingdom,Full-Time,270.99999999999966,1,high,high
17,17,221,TRUE,2022-12-21T14:43:50Z,yes,1504x1003,3.383,3.383,75.108,1,29,29,3,Agree,Neither agree nor disagree,Agree,Disagree,Agree,Disagree,Agree,Disagree,Agree,Agree,Agree,35,Female,3,Other,I have read this text carefully,Medical innovation,17,low,high,NA,Crowdfunding,White,United Kingdom,United Kingdom,Full-Time,40.99999999999939,1,low,high
19,19,593,TRUE,2022-12-21T14:44:21Z,yes,1536x960,13.946,13.946,458.704,1,72,62,4,Agree,Neither agree nor disagree,Agree,Agree,Agree,Neither agree nor disagree,Agree,Neither agree nor disagree,Agree,Neither agree nor disagree,Agree,35,Male,4,Other,I have read this text carefully,Medical innovation,19,high,low,NA,"Government Bonds, Private Equity fund, Stock Market",White,United Kingdom,Romania,NA,105.99999999999984,1,high,low
21,21,491,TRUE,2022-12-21T14:45:39Z,yes,1280x720,5.805,5.805,180.656,1,30,24,3,Agree,Strongly agree,Agree,Agree,Strongly disagree,Disagree,Strongly agree,Strongly disagree,Strongly agree,Disagree,Disagree,37,Male,2,Other,I have read this text carefully,Medical innovation,21,low,low,NA,"Crowdfunding, Private Equity fund",White,United Kingdom,United Kingdom,Full-Time,142.99999999999977,0.92000002,low,low
22,22,257,TRUE,2022-12-21T14:47:08Z,yes,1280x720,7.706,114.378,116.038,4,50,75,5,Disagree,Neither agree nor disagree,Agree,Neither agree nor disagree,Neither agree nor disagree,Disagree,Neither agree nor disagree,Disagree,Agree,Disagree,Neither agree nor disagree,35,Male,2,Other,I have read this text carefully,Medical innovation,22,high,high,NA,"Stock Market, Private Equity fund, Venture Capital fund, Options, Crowdfunding, ETF or ETC, Government Bonds, Unit trusts, Angel syndicate, Other",NA,United States,NA,NA,85.99999999999997,1,high,high
23,23,602,TRUE,2022-12-21T14:49:31Z,yes,1280x1024,15.079,15.079,217.647,1,60,24,5,Agree,Agree,Agree,Agree,Agree,Disagree,Neither agree nor disagree,Neither agree nor disagree,Strongly agree,Strongly disagree,Disagree,55,Male,12,Other,I have read this text carefully,Medical innovation,23,low,low,NA,Private Equity fund,White,United Kingdom,United Kingdom,Full-Time,98.00000000000006,1,low,low
25,25,264,TRUE,2022-12-21T14:50:03Z,yes,1440x900,8.097,8.097,158.925,1,27,100,5,Agree,Strongly disagree,Neither agree nor disagree,Neither agree nor disagree,Strongly disagree,Strongly disagree,Disagree,Disagree,Disagree,Disagree,Disagree,39,Female,5,Other,I have read this text carefully,Medical innovation,25,high,high,NA,"ETF or ETC, Venture Capital fund, Crowdfunding, Stock Market",White,United Kingdom,United Kingdom,Full-Time,142.00000000000014,1,high,high
26,26,486,TRUE,2022-12-21T14:51:24Z,yes,1920x1080,26.474,299.159,300.104,4,65,59,5,Agree,Agree,Agree,Agree,Disagree,Disagree,Agree,Neither agree nor disagree,Agree,Agree,Neither agree nor disagree,43,Male,0,Other,I have read this text carefully,Medical innovation,26,high,low,NA,Crowdfunding,White,United Kingdom,United Kingdom,Full-Time,245.99999999999983,1,high,low
28,28,275,TRUE,2022-12-21T14:52:29Z,yes,428x926,4.287,7.369,143.698,3,58,58,4,Neither agree nor disagree,Agree,Agree,Agree,Disagree,Disagree,Neither agree nor disagree,Neither agree nor disagree,Strongly agree,Agree,Neither agree nor disagree,37,Male,1,Other,I have read this text carefully,Medical innovation,28,high,high,mobile,"ETF or ETC, Government Bonds, Stock Market, Unit trusts, Crowdfunding, Other",Asian,United Kingdom,United Kingdom,Full-Time,471.0000000000001,1,high,high
29,29,337,TRUE,2022-12-21T14:52:52Z,yes,1536x864,7.44,7.44,186.524,1,0,74,4,Strongly disagree,Agree,Agree,Disagree,Disagree,Strongly disagree,Neither agree nor disagree,Disagree,Disagree,Strongly disagree,Disagree,29,Male,0,Other,I have read this text carefully,Medical innovation,29,high,low,NA,"Stock Market, Crowdfunding, Other",White,United Kingdom,United Kingdom,Full-Time,162.99999999999966,1,high,low
30,30,162,TRUE,2022-12-21T14:53:06Z,yes,1920x1080,6.958,6.958,70.091,1,0,79,5,Agree,Agree,Disagree,Agree,Agree,Neither agree nor disagree,Agree,Neither agree nor disagree,Strongly disagree,Disagree,Disagree,35,Male,0,Other,I have read this text carefully,Medical innovation,30,low,low,NA,"ETF or ETC, Stock Market, Crowdfunding",White,United Kingdom,United Kingdom,Full-Time,58.99999999999997,1,low,low
31,31,609,TRUE,2022-12-21T14:53:48Z,yes,1536x864,17.383,17.383,280.102,1,10,2,5,Strongly disagree,Neither agree nor disagree,Neither agree nor disagree,Strongly disagree,Neither agree nor disagree,Neither agree nor disagree,Strongly agree,Neither agree nor disagree,Strongly disagree,Strongly disagree,Strongly disagree,38,Female,1,Other,I have read this text carefully,Medical innovation,31,low,low,NA,Venture Capital fund,White,United Kingdom,United Kingdom,Full-Time,242.00000000000034,1,low,low
32,32,406,TRUE,2022-12-21T14:53:55Z,yes,1366x768,27.749,27.749,261.864,1,60,66,6,Agree,Agree,Agree,Agree,Neither agree nor disagree,Neither agree nor disagree,Agree,Agree,Agree,Strongly agree,Agree,32,Male,15,Other,I have read this text carefully,Medical innovation,32,low,low,NA,"ETF or ETC, Government Bonds, Stock Market, Private Equity fund, Venture Capital fund",White,United Kingdom,United Kingdom,Full-Time,166.0000000000003,1,low,low
33,33,899,TRUE,2022-12-21T14:54:31Z,yes,1536x864,16.268,16.268,347.935,1,40,100,5,Disagree,Agree,Neither agree nor disagree,Strongly disagree,Agree,Neither agree nor disagree,Agree,Agree,Agree,Strongly disagree,Strongly disagree,39,Female,2,Other,I have read this text carefully,Medical innovation,33,low,high,NA,Private Equity fund,White,United Kingdom,United Kingdom,Full-Time,491.99999999999966,1,low,high
34,34,452,TRUE,2022-12-21T14:54:45Z,yes,1024x576,4.768,240.932,241.567,10,55,50,6,Agree,Strongly agree,Agree,Strongly agree,Strongly agree,Neither agree nor disagree,Disagree,Agree,Neither agree nor disagree,Agree,Agree,55,Male,3,Other,I have read this text carefully,Medical innovation,34,low,high,NA,"ETF or ETC, Stock Market, Options, Private Equity fund",White,Germany,Austria,Other,208.00000000000023,1,low,high
35,35,422,TRUE,2022-12-21T14:55:16Z,yes,1440x900,67.924,67.924,68.725,1,20,17,5,Neither agree nor disagree,Agree,Strongly agree,Strongly agree,Strongly agree,Agree,Agree,Strongly agree,Agree,Disagree,Neither agree nor disagree,29,Male,0,Other,I have read this text carefully,Medical innovation,35,high,low,NA,Crowdfunding,White,United Kingdom,United Kingdom,Full-Time,203.9999999999999,1,high,low
37,37,351,TRUE,2022-12-21T14:55:35Z,yes,1920x1080,8.466,8.466,202.613,1,70,83,6,Neither agree nor disagree,Agree,Disagree,Agree,Disagree,Disagree,Disagree,Neither agree nor disagree,Agree,Disagree,Agree,33,Female,1,Other,I have read this text carefully,Medical innovation,37,low,high,NA,"Crowdfunding, Stock Market",White,United Kingdom,United Kingdom,Full-Time,189.99999999999963,1,low,high
38,38,302,TRUE,2022-12-21T14:56:06Z,yes,390x844,3.695,26.599,81.669,4,25,7,2,Agree,Agree,Agree,Agree,Neither agree nor disagree,Neither agree nor disagree,Neither agree nor disagree,Agree,Agree,Agree,Agree,32,Male,5,Other,I have read this text carefully,Medical innovation,38,high,low,mobile,"Government Bonds, Private Equity fund, Crowdfunding",White,United Kingdom,United Kingdom,Full-Time,44.99999999999971,1,high,low
40,40,510,TRUE,2022-12-21T14:58:05Z,yes,1920x1080,6.726,6.726,322.314,1,35,25,5,Agree,Strongly agree,Agree,Neither agree nor disagree,Strongly agree,Agree,Strongly agree,Strongly agree,Strongly agree,Neither agree nor disagree,Agree,33,Male,6,Other,I have read this text carefully,Medical innovation,40,low,low,NA,"Stock Market, Crowdfunding, Other",White,United States,United States,Full-Time,350.00000000000034,1,low,low
41,41,622,TRUE,2022-12-21T14:58:48Z,yes,1920x1080,32.678,32.678,339.653,1,86,95,6,Disagree,Strongly agree,Agree,Strongly agree,Neither agree nor disagree,Neither agree nor disagree,Agree,Neither agree nor disagree,Agree,Disagree,Neither agree nor disagree,66,Male,10,Other,I have read this text carefully,Medical innovation,41,high,high,NA,"Stock Market, Unit trusts, Crowdfunding, ETF or ETC",White,United Kingdom,United Kingdom,"Not in paid work (e.g. homemaker', 'retired or disabled)",372.0000000000004,1,high,high
42,42,370,TRUE,2022-12-21T15:00:18Z,yes,375x812,3.863,9.998,214.036,3,10,25,5,Disagree,Disagree,Disagree,Agree,Disagree,Disagree,Disagree,Strongly disagree,Strongly disagree,Strongly disagree,Strongly disagree,38,Male,1,Other,I have read this text carefully,Medical innovation,42,high,low,mobile,"Stock Market, Private Equity fund, Crowdfunding",White,United Kingdom,United Kingdom,Full-Time,184.00000000000006,0.92000002,high,low
45,45,300,TRUE,2022-12-21T15:02:48Z,yes,1920x1080,3.811,10.073,185.787,2,60,66,5,Agree,Agree,Agree,Agree,Agree,Neither agree nor disagree,Strongly agree,Agree,Agree,Neither agree nor disagree,Neither agree nor disagree,32,Male,1,Other,I have read this text carefully,Medical innovation,45,low,low,NA,Crowdfunding,White,United Kingdom,United Kingdom,Full-Time,79.99999999999949,1,low,low
46,46,504,TRUE,2022-12-21T15:03:04Z,yes,414x896,7.15,305.445,306.844,2,78,87,6,Strongly agree,Strongly agree,Agree,Agree,Agree,Agree,Strongly agree,Neither agree nor disagree,Strongly agree,Agree,Neither agree nor disagree,45,Female,2,Other,I have read this text carefully,Medical innovation,46,high,high,mobile,"ETF or ETC, Stock Market, Government Bonds, Crowdfunding, Other",White,United Kingdom,United Kingdom,Full-Time,469.99999999999955,1,high,high
49,49,550,TRUE,2022-12-21T15:03:54Z,yes,1366x768,23.892,33.497,329.965,2,25,24,4,Agree,Agree,Agree,Agree,Neither agree nor disagree,Agree,Agree,Neither agree nor disagree,Agree,Agree,Agree,56,Male,16,Other,I have read this text carefully,Medical innovation,49,high,low,NA,"Stock Market, Crowdfunding",White,United Kingdom,United Kingdom,Full-Time,282.9999999999998,1,high,low
52,52,462,TRUE,2022-12-21T15:07:01Z,yes,360x780,9.007,184.915,185.544,3,80,81,6,Agree,Agree,Agree,Agree,Agree,Agree,Agree,Agree,Strongly agree,Agree,Agree,27,Male,2,Other,I have read this text carefully,Medical innovation,52,high,high,mobile,"Private Equity fund, Venture Capital fund",Other,United Kingdom,United Kingdom,Part-Time,113.99999999999962,1,high,high
55,55,373,TRUE,2022-12-21T15:11:29Z,yes,1280x800,14.59,14.59,175.879,1,60,22,5,Strongly agree,Strongly agree,Strongly agree,Strongly agree,Disagree,Neither agree nor disagree,Strongly agree,Disagree,Agree,Strongly agree,Neither agree nor disagree,28,Male,0,Other,I have read this text carefully,Medical innovation,55,high,low,NA,"ETF or ETC, Stock Market, Options, Crowdfunding",White,Germany,Germany,"Not in paid work (e.g. homemaker', 'retired or disabled)",144.00000000000028,1,high,low
56,56,187,TRUE,2022-12-21T15:11:51Z,yes,390x844,1.858,97.943,99.092,4,60,86,6,Neither agree nor disagree,Agree,Agree,Agree,Neither agree nor disagree,Agree,Agree,Disagree,Agree,Neither agree nor disagree,Strongly agree,28,Male,2,Other,I have read this text carefully,Medical innovation,56,low,high,mobile,"Stock Market, ETF or ETC, Crowdfunding",White,United Kingdom,United Kingdom,Full-Time,189.00000000000003,1,low,high
57,57,685,TRUE,2022-12-21T15:12:50Z,yes,1536x864,12.098,12.098,333.412,1,3,0,1,Agree,Agree,Agree,Agree,Agree,Neither agree nor disagree,Agree,Agree,Neither agree nor disagree,Agree,Agree,69,Male,35,Other,I have read this text carefully,Medical innovation,57,low,low,NA,"ETF or ETC, Government Bonds, Stock Market, Angel syndicate, Options, Private Equity fund, Venture Capital fund",White,United States,United States,Other,503.00000000000006,1,low,low
58,58,185,TRUE,2022-12-21T15:13:28Z,yes,1280x720,6.804,6.804,95.527,1,82,45,6,Agree,Agree,Agree,Agree,Agree,Neither agree nor disagree,Agree,Agree,Agree,Agree,Neither agree nor disagree,35,Male,5,Other,I have read this text carefully,Medical innovation,58,high,low,NA,"ETF or ETC, Government Bonds, Stock Market, Unit trusts, Private Equity fund, Options, Venture Capital fund, Crowdfunding",White,United Kingdom,Germany,Full-Time,67.99999999999939,0.92000002,high,low
59,59,253,TRUE,2022-12-21T15:13:37Z,yes,1920x1080,4.979,4.979,81.449,1,78,83,6,Agree,Strongly agree,Agree,Strongly agree,Strongly agree,Agree,Strongly agree,Agree,Agree,Disagree,Neither agree nor disagree,32,Male,5,Other,I have read this text carefully,Medical innovation,59,high,low,NA,"Private Equity fund, Stock Market",Asian,United Kingdom,India,Part-Time,68.9999999999999,1,high,low
60,60,240,TRUE,2022-12-21T15:13:39Z,yes,2560x1440,9.022,9.022,43.475,1,10,31,5,Agree,Neither agree nor disagree,Agree,Disagree,Agree,Agree,Agree,Agree,Neither agree nor disagree,Strongly disagree,Disagree,31,Male,2,Other,I have read this text carefully,Medical innovation,60,low,high,NA,"ETF or ETC, Stock Market, Crowdfunding",White,United Kingdom,United Kingdom,Full-Time,86.99999999999963,1,low,high
62,62,117,TRUE,2022-12-21T15:15:06Z,yes,1920x1080,2.697,2.697,51.079,1,72,18,5,Agree,Neither agree nor disagree,Agree,Agree,Agree,Neither agree nor disagree,Agree,Agree,Agree,Agree,Agree,25,Male,0,Other,I have read this text carefully,Medical innovation,62,low,high,NA,"ETF or ETC, Stock Market, Options, Crowdfunding",White,United States,United States,Full-Time,44.99999999999971,1,low,high
63,63,387,TRUE,2022-12-21T15:15:34Z,yes,1920x1080,10.738,280.527,281.314,4,84,24,6,Agree,Agree,Agree,Disagree,Agree,Agree,Agree,Neither agree nor disagree,Agree,Agree,Agree,31,Male,2,Other,I have read this text carefully,Medical innovation,63,high,high,NA,"ETF or ETC, Stock Market, Private Equity fund, Venture Capital fund, Crowdfunding",White,Germany,Germany,NA,134.00000000000034,1,high,high
64,64,901,TRUE,2022-12-21T15:16:43Z,yes,1536x864,9.896,9.896,334.011,1,10,67,5,Neither agree nor disagree,Neither agree nor disagree,Neither agree nor disagree,Strongly agree,Neither agree nor disagree,Disagree,Agree,Agree,Neither agree nor disagree,Neither agree nor disagree,Agree,48,Male,13,Other,I have read this text carefully,Medical innovation,64,high,low,NA,"ETF or ETC, Government Bonds, Stock Market, Unit trusts, Angel syndicate",White,United Kingdom,United Kingdom,Full-Time,663.9999999999995,1,high,low
65,65,175,TRUE,2022-12-21T15:17:14Z,yes,1920x1080,4.642,4.642,94.592,1,60,19,5,Neither agree nor disagree,Agree,Agree,Neither agree nor disagree,Agree,Agree,Agree,Agree,Agree,Neither agree nor disagree,Agree,52,Male,1,Other,I have read this text carefully,Medical innovation,65,low,low,NA,"Stock Market, ETF or ETC, Unit trusts, Crowdfunding",White,United Kingdom,United Kingdom,Full-Time,73.99999999999987,0.92000002,low,low
66,66,170,TRUE,2022-12-21T15:18:35Z,yes,1536x864,6.778,6.778,65.477,1,88,88,6,Strongly disagree,Neither agree nor disagree,Agree,Disagree,Disagree,Neither agree nor disagree,Agree,Neither agree nor disagree,Agree,Neither agree nor disagree,Neither agree nor disagree,44,Female,8,Other,I have read this text carefully,Medical innovation,66,high,low,NA,"Government Bonds, Stock Market, Crowdfunding",White,United Kingdom,United Kingdom,Part-Time,54.99999999999965,1,high,low
69,69,411,TRUE,2022-12-21T15:20:46Z,yes,1680x1050,8.047,8.047,237.919,1,35,23,5,Neither agree nor disagree,Disagree,Neither agree nor disagree,Neither agree nor disagree,Disagree,Disagree,Neither agree nor disagree,Neither agree nor disagree,Neither agree nor disagree,Strongly disagree,Disagree,78,Male,25,Other,I have read this text carefully,Medical innovation,69,high,high,NA,"Stock Market, Unit trusts, Crowdfunding",White,United Kingdom,United Kingdom,"Not in paid work (e.g. homemaker', 'retired or disabled)",144.99999999999991,1,high,high
70,70,333,TRUE,2022-12-21T15:21:09Z,yes,1920x1080,7.129,9.719,208.918,3,20,17,5,Disagree,Neither agree nor disagree,Neither agree nor disagree,Agree,Disagree,Disagree,Agree,Neither agree nor disagree,Agree,Disagree,Agree,28,Male,3,Other,I have read this text carefully,Medical innovation,70,low,high,NA,"Government Bonds, Stock Market, Private Equity fund, Options, Crowdfunding",White,United Kingdom,United Kingdom,Full-Time,97.00000000000043,1,low,high
71,71,214,TRUE,2022-12-21T15:22:30Z,yes,393x808,0.883,6.304,106.487,4,75,68,6,Disagree,Neither agree nor disagree,Disagree,Agree,Disagree,Neither agree nor disagree,Disagree,Disagree,Disagree,Disagree,Disagree,36,Female,10,Other,I have read this text carefully,Medical innovation,71,high,high,mobile,"ETF or ETC, Government Bonds, Stock Market, Unit trusts, Options, Crowdfunding, Other",White,United States,United States,NA,93.99999999999974,1,high,high
72,72,1248,TRUE,2022-12-21T15:22:39Z,yes,1366x768,19.624,754.038,755.184,2,50,35,5,Neither agree nor disagree,Agree,Disagree,Disagree,Disagree,Neither agree nor disagree,Neither agree nor disagree,Neither agree nor disagree,Strongly agree,Agree,Agree,32,Female,0,Other,i have read this text carefully,Medical innovation,72,high,high,NA,"Angel syndicate, Other, Crowdfunding",White,United Kingdom,United Kingdom,"Not in paid work (e.g. homemaker', 'retired or disabled)",581.9999999999999,1,high,high
76,76,338,TRUE,2022-12-21T15:23:41Z,yes,1536x864,6.828,6.828,86.644,1,80,90,6,Agree,Agree,Agree,Strongly agree,Neither agree nor disagree,Agree,Agree,Agree,Agree,Agree,Agree,37,Female,3,Other,I have read this text carefully,Medical innovation,76,low,low,NA,"Stock Market, Crowdfunding",White,United States,United States,Full-Time,68.9999999999999,1,low,low
79,79,269,TRUE,2022-12-21T15:25:16Z,yes,1600x900,8.053,8.053,152.277,1,35,90,5,Disagree,Agree,Neither agree nor disagree,Agree,Disagree,Strongly disagree,Neither agree nor disagree,Neither agree nor disagree,Agree,Disagree,Neither agree nor disagree,45,Male,5,Other,I have read this text carefully,Medical innovation,79,high,low,NA,"ETF or ETC, Government Bonds, Stock Market, Options, Private Equity fund",White,United States,United States,Full-Time,137.00000000000017,1,high,low
81,81,574,TRUE,2022-12-21T15:25:34Z,yes,1536x864,26.212,26.212,370.359,1,80,19,6,Agree,Agree,Agree,Agree,Neither agree nor disagree,Neither agree nor disagree,Agree,Agree,Agree,Agree,Agree,71,Male,5,Other,I have read this text carefully.,Medical innovation,81,low,low,NA,"Stock Market, Options, Private Equity fund, Government Bonds",White,United States,Brazil,Full-Time,179.00000000000009,1,low,low
83,83,303,TRUE,2022-12-21T15:27:42Z,yes,1920x1080,4.189,4.189,197.479,1,60,64,5,Agree,Agree,Agree,Agree,Agree,Neither agree nor disagree,Agree,Agree,Agree,Disagree,Neither agree nor disagree,37,Male,0,Other,I have read this text carefully,Medical innovation,83,high,high,NA,"Stock Market, Government Bonds, Crowdfunding",White,United Kingdom,United Kingdom,Full-Time,181.00000000000023,1,high,high
84,84,355,TRUE,2022-12-21T15:28:08Z,yes,810x1080,11.589,11.589,183.821,1,20,21,4,Disagree,Agree,Disagree,Disagree,Disagree,Disagree,Agree,Agree,Agree,Disagree,Disagree,50,Male,2,Other,I have read this text carefully,Medical innovation,84,low,low,NA,"Crowdfunding, Stock Market, Government Bonds",White,United Kingdom,United Kingdom,Full-Time,122.99999999999991,1,low,low
85,85,428,TRUE,2022-12-21T15:29:04Z,yes,1410x940,6.443,13.546,194.562,2,6,82,4,Disagree,Agree,Neither agree nor disagree,Neither agree nor disagree,Disagree,Strongly disagree,Disagree,Disagree,Neither agree nor disagree,Neither agree nor disagree,Disagree,48,Male,0,Other,I have read this text carefully,Medical innovation,85,low,high,NA,"Stock Market, Private Equity fund, ETF or ETC",White,United Kingdom,Germany,Full-Time,176.99999999999991,1,low,high
87,87,454,TRUE,2022-12-21T15:29:10Z,yes,390x844,2.65,9.295,241.071,2,15,66,4,Neither agree nor disagree,Agree,Disagree,Disagree,Neither agree nor disagree,Agree,Neither agree nor disagree,Agree,Agree,Neither agree nor disagree,Agree,31,Female,0,Other,I have read this text carefully,Medical innovation,87,low,low,mobile,"Stock Market, Crowdfunding",Asian,United Kingdom,United Kingdom,Full-Time,395.9999999999997,1,low,low
88,88,236,TRUE,2022-12-21T15:30:15Z,yes,1440x900,0,0,132.898,0,14,0,4,Strongly agree,Strongly agree,Strongly agree,Strongly agree,Agree,Agree,Agree,Agree,Agree,Agree,Strongly agree,31,Male,4,Other,I have read this text carefully,Medical innovation,88,low,low,NA,"Government Bonds, Stock Market, Unit trusts, Options, Crowdfunding",White,United Kingdom,United Kingdom,Full-Time,107.00000000000034,1,low,low
89,89,194,TRUE,2022-12-21T15:30:51Z,yes,1920x1080,9.547,9.547,77.534,1,20,18,3,Agree,Agree,Strongly agree,Agree,Neither agree nor disagree,Agree,Agree,Agree,Disagree,Agree,Neither agree nor disagree,34,Female,0,Other,I have read this text carefully,Medical innovation,89,low,high,NA,"Stock Market, Crowdfunding",White,Germany,Germany,Full-Time,64.99999999999959,1,low,high
90,90,260,TRUE,2022-12-21T15:31:30Z,yes,375x667,5.031,110.604,111.212,3,40,43,5,Neither agree nor disagree,Agree,Strongly agree,Neither agree nor disagree,Neither agree nor disagree,Neither agree nor disagree,Neither agree nor disagree,Neither agree nor disagree,Neither agree nor disagree,Agree,Neither agree nor disagree,35,Female,5,Other,I have read this text carefully,Medical innovation,90,high,high,mobile,"Government Bonds, Stock Market, Private Equity fund, Crowdfunding",White,United Kingdom,United Kingdom,NA,282.0000000000001,1,high,high
91,91,422,TRUE,2022-12-21T15:31:54Z,yes,1920x1080,12.361,12.361,211.384,1,15,39,4,Strongly disagree,Agree,Neither agree nor disagree,Disagree,Disagree,Neither agree nor disagree,Neither agree nor disagree,Agree,Neither agree nor disagree,Disagree,Disagree,37,Male,3,Other,I have read this text carefully,Medical innovation,91,high,low,NA,"Stock Market, Crowdfunding",White,United Kingdom,United Kingdom,Full-Time,193.99999999999994,1,high,low
92,92,255,TRUE,2022-12-21T15:32:58Z,yes,1536x864,17.053,18.119,21.093,2,30,20,5,Agree,Agree,Agree,Agree,Neither agree nor disagree,Agree,Agree,Neither agree nor disagree,Neither agree nor disagree,Agree,Agree,30,Male,2,Other,I have read this text carefully,Medical innovation,92,high,high,NA,"Stock Market, Private Equity fund, Crowdfunding",Mixed,United Kingdom,United Kingdom,Full-Time,52.99999999999949,0.75,high,high
94,94,321,TRUE,2022-12-21T15:33:27Z,yes,1280x720,11.229,86.944,88.251,2,15,82,2,Disagree,Agree,Neither agree nor disagree,Agree,Neither agree nor disagree,Neither agree nor disagree,Agree,Agree,Neither agree nor disagree,Agree,Neither agree nor disagree,46,Male,0,Other,I have read this text carefully,Medical innovation,94,high,low,NA,"Crowdfunding, Other",White,United Kingdom,United Kingdom,"Not in paid work (e.g. homemaker', 'retired or disabled)",73.99999999999987,1,high,low
96,96,237,TRUE,2022-12-21T15:34:48Z,yes,1440x900,7.768,7.768,116.563,1,75,53,6,Neither agree nor disagree,Agree,Agree,Agree,Agree,Neither agree nor disagree,Agree,Agree,Agree,Agree,Agree,42,Female,20,Other,I have read this text carefully,Medical innovation,96,low,low,NA,"Government Bonds, Crowdfunding, Stock Market",White,United Kingdom,United Kingdom,NA,100.99999999999987,1,low,low
100,100,784,TRUE,2022-12-21T15:36:13Z,yes,1280x800,17.452,17.452,342.12,1,15,98,4,Agree,Agree,Agree,Agree,Disagree,Neither agree nor disagree,Neither agree nor disagree,Neither agree nor disagree,Agree,Disagree,Neither agree nor disagree,53,Female,1,Other,I have read this text carefully,Medical innovation,100,low,low,NA,"Stock Market, Crowdfunding, Government Bonds",White,United States,United States,Part-Time,557,1,low,low
101,101,285,TRUE,2022-12-21T15:38:15Z,yes,1920x1080,7.882,7.882,160.685,1,31,62,6,Agree,Neither agree nor disagree,Agree,Neither agree nor disagree,Agree,Neither agree nor disagree,Neither agree nor disagree,Agree,Agree,Agree,Neither agree nor disagree,31,Female,2,Other,I have read this text carefully,Medical innovation,101,high,high,NA,Crowdfunding,Asian,United States,Korea,Full-Time,134.00000000000034,1,high,high
102,102,384,TRUE,2022-12-21T15:38:29Z,yes,1920x1080,14.064,14.064,208.573,1,10,26,4,Neither agree nor disagree,Agree,Neither agree nor disagree,Neither agree nor disagree,Neither agree nor disagree,Neither agree nor disagree,Strongly agree,Agree,Agree,Strongly disagree,Disagree,38,Male,3,Other,I have read this text carefully,Medical innovation,102,low,low,NA,"Stock Market, Other, Crowdfunding",White,Germany,Germany,Full-Time,162.99999999999966,1,low,low
103,103,185,TRUE,2022-12-21T15:38:39Z,yes,1536x960,7.722,7.722,99.688,1,70,38,5,Agree,Agree,Agree,Strongly agree,Strongly agree,Agree,Agree,Agree,Agree,Agree,Agree,35,Male,2,Other,I have read this text carefully,Medical innovation,103,low,high,NA,"ETF or ETC, Stock Market, Crowdfunding",Black,United States,United States,Full-Time,77.99999999999933,1,low,high
106,106,450,TRUE,2022-12-21T15:39:14Z,yes,1280x720,9.134,13.029,244.033,2,40,43,5,Neither agree nor disagree,Strongly agree,Agree,Agree,Agree,Neither agree nor disagree,Agree,Agree,Neither agree nor disagree,Neither agree nor disagree,Agree,32,Male,8,Other,I have read this text carefully,Medical innovation,106,high,high,NA,"Government Bonds, Stock Market, Unit trusts, Crowdfunding",White,United Kingdom,United Kingdom,Full-Time,198.0000000000003,1,high,high
107,107,292,TRUE,2022-12-21T15:39:49Z,yes,1920x1080,15.018,15.018,181.046,1,55,69,5,Neither agree nor disagree,Agree,Agree,Agree,Neither agree nor disagree,Agree,Agree,Strongly agree,Neither agree nor disagree,Agree,Agree,27,Male,1,Other,I have read this text carefully,Medical innovation,107,low,high,NA,"Stock Market, Unit trusts, Private Equity fund, Venture Capital fund",White,United Kingdom,United Kingdom,Full-Time,147.99999999999974,1,low,high
108,108,376,TRUE,2022-12-21T15:40:17Z,yes,390x844,8.54,15.666,192.347,3,59,38,5,Agree,Neither agree nor disagree,Agree,Neither agree nor disagree,Disagree,Neither agree nor disagree,Disagree,Agree,Neither agree nor disagree,Neither agree nor disagree,Neither agree nor disagree,32,Female,2,Other,I have read this text carefully,Medical innovation,108,low,high,mobile,"Stock Market, Crowdfunding, Private Equity fund",White,United Kingdom,United Kingdom,Full-Time,596.0000000000001,1,low,high
109,109,411,TRUE,2022-12-21T15:40:55Z,yes,1474x821,30.571,30.571,212.245,1,40,81,5,Disagree,Agree,Disagree,Agree,Agree,Agree,Agree,Strongly agree,Strongly agree,Agree,Agree,32,Male,3,Other,I have read this text carefully,Medical innovation,109,high,low,NA,"Crowdfunding, Stock Market, Government Bonds, ETF or ETC",White,United Kingdom,United Kingdom,Full-Time,169.99999999999974,1,high,low
110,110,486,TRUE,2022-12-21T15:41:27Z,yes,1280x720,31.059,47.01,359.958,2,31,70,7,Agree,Strongly agree,Strongly agree,Strongly agree,Agree,Agree,Strongly agree,Strongly agree,Strongly agree,Agree,Strongly agree,46,Female,3,Other,I have read this text carefully,Medical innovation,110,low,low,NA,"Government Bonds, Stock Market, Crowdfunding",White,United Kingdom,United Kingdom,Full-Time,270,1,low,low
111,111,606,TRUE,2022-12-21T15:41:52Z,yes,390x844,2.317,127.249,181.703,7,77,24,5,Agree,Agree,Agree,Agree,Strongly agree,Agree,Agree,Agree,Agree,Agree,Agree,36,Male,6,Other,I have read this text carefully,Medical innovation,111,high,high,mobile,"ETF or ETC, Government Bonds, Stock Market, Crowdfunding",White,United States,United States,NA,211.00000000000003,1,high,high
112,112,181,TRUE,2022-12-21T15:42:39Z,yes,1536x864,11.864,11.864,76.75,1,0,0,4,Strongly disagree,Agree,Agree,Neither agree nor disagree,Agree,Neither agree nor disagree,Neither agree nor disagree,Agree,Neither agree nor disagree,Disagree,Disagree,40,Male,3,Other,I have read this text carefully,Medical innovation,112,low,low,NA,"Stock Market, Crowdfunding",White,United States,United States,Full-Time,59.999999999999616,0.75,low,low
113,113,305,TRUE,2022-12-21T15:43:09Z,yes,1920x1080,20.453,20.453,128.711,1,65,79,6,Neither agree nor disagree,Neither agree nor disagree,Disagree,Strongly disagree,Agree,Neither agree nor disagree,Agree,Agree,Agree,Agree,Disagree,38,Male,4,Other,I have read this text carefully,Medical innovation,113,high,high,NA,"Stock Market, Options, Crowdfunding, Other",Asian,United States,Japan,NA,98.00000000000006,1,high,high
115,115,194,TRUE,2022-12-21T15:45:12Z,yes,1920x1080,11.522,81.465,81.863,2,0,0,1,Strongly disagree,Strongly agree,Strongly agree,Strongly agree,Neither agree nor disagree,Neither agree nor disagree,Strongly agree,Agree,Neither agree nor disagree,Strongly disagree,Strongly disagree,62,Male,5,Other,I have read this text carefully,Medical innovation,115,high,low,NA,"Stock Market, ETF or ETC, Crowdfunding",White,United States,United States,NA,65.99999999999923,1,high,low
116,116,711,TRUE,2022-12-21T15:45:43Z,yes,1920x1080,28.614,28.614,359.404,1,26,32,4,Agree,Agree,Agree,Agree,Neither agree nor disagree,Neither agree nor disagree,Agree,Neither agree nor disagree,Disagree,Neither agree nor disagree,Neither agree nor disagree,36,Male,0,Other,I have read this text carefully,Medical innovation,116,high,low,NA,"ETF or ETC, Stock Market, Crowdfunding",Asian,Germany,Germany,Part-Time,397.99999999999983,1,high,low
117,117,217,TRUE,2022-12-21T15:46:33Z,yes,1920x1080,5.242,5.242,129.137,1,69,91,6,Neither agree nor disagree,Agree,Neither agree nor disagree,Disagree,Disagree,Neither agree nor disagree,Neither agree nor disagree,Agree,Agree,Neither agree nor disagree,Neither agree nor disagree,28,Male,1,Other,I have read this text carefully,Medical innovation,117,high,high,NA,"ETF or ETC, Government Bonds, Stock Market, Venture Capital fund",White,United States,United States,Full-Time,117.00000000000028,1,high,high
119,119,225,TRUE,2022-12-21T15:48:40Z,yes,375x812,6.761,9.061,69.335,3,66,17,5,Agree,Strongly agree,Neither agree nor disagree,Strongly agree,Agree,Disagree,Neither agree nor disagree,Agree,Agree,Strongly agree,Agree,33,Male,2,Other,'I have read this text carefully',Medical innovation,119,high,low,mobile,"ETF or ETC, Crowdfunding",White,Germany,Germany,NA,348.9999999999999,0.92000002,high,low
122,122,408,TRUE,2022-12-21T15:49:50Z,yes,1280x800,9.528,9.528,265.952,1,70,66,7,Disagree,Agree,Agree,Agree,Disagree,Disagree,Disagree,Disagree,Agree,Agree,Agree,38,Female,3,Other,I have read this text carefully,Medical innovation,122,low,high,NA,"Stock Market, Private Equity fund, Crowdfunding",White,United States,United States,Full-Time,238.9999999999997,1,low,high
123,123,142,TRUE,2022-12-21T15:49:58Z,yes,1920x1080,8.213,8.213,47.65,1,80,100,6,Agree,Agree,Agree,Agree,Agree,Agree,Agree,Agree,Strongly agree,Agree,Strongly agree,43,Male,2,Other,I have read this text carefully,Medical innovation,123,high,high,NA,"Stock Market, Crowdfunding",White,United States,United States,Full-Time,31.99999999999997,1,high,high
124,124,163,TRUE,2022-12-21T15:51:03Z,yes,1680x1050,2.093,2.093,100.499,1,80,14,5,Neither agree nor disagree,Agree,Agree,Agree,Disagree,Strongly disagree,Agree,Disagree,Agree,Disagree,Neither agree nor disagree,36,Male,0,Other,I have read this text carefully,Medical innovation,124,low,low,NA,"ETF or ETC, Stock Market, Private Equity fund, Crowdfunding",White,United States,United States,Full-Time,90.99999999999994,1,low,low
125,125,265,TRUE,2022-12-21T15:51:04Z,yes,2560x1440,8.002,8.002,121.281,1,11,77,4,Neither agree nor disagree,Agree,Agree,Neither agree nor disagree,Neither agree nor disagree,Disagree,Agree,Agree,Neither agree nor disagree,Disagree,Disagree,61,Male,5,Other,I have read this text carefully,Medical innovation,125,low,high,NA,"ETF or ETC, Government Bonds, Stock Market, Unit trusts, Crowdfunding",White,United Kingdom,United Kingdom,Full-Time,108,1,low,high
127,127,593,TRUE,2022-12-21T15:52:46Z,yes,1280x720,8.967,16.555,338.152,2,0,25,4,Neither agree nor disagree,Strongly agree,Agree,Agree,Agree,Neither agree nor disagree,Agree,Agree,Strongly agree,Neither agree nor disagree,Agree,54,Male,0,Other,I have read this text carefully,Medical innovation,127,high,low,NA,"Stock Market, Unit trusts, Private Equity fund",White,United Kingdom,United Kingdom,Full-Time,355.0000000000003,1,high,low
128,128,344,TRUE,2022-12-21T15:53:01Z,yes,1536x864,4.461,4.461,224.979,1,70,62,5,Disagree,Disagree,Disagree,Neither agree nor disagree,Neither agree nor disagree,Agree,Agree,Agree,Neither agree nor disagree,Disagree,Disagree,44,Male,2,Other,I have read this carefully,Medical innovation,128,low,low,NA,"Stock Market, Crowdfunding",White,United States,United States,Full-Time,149.9999999999999,1,low,low
129,129,295,TRUE,2022-12-21T15:53:18Z,yes,360x760,2.614,127.92,128.405,4,90,87,7,Agree,Agree,Agree,Strongly agree,Agree,Agree,Agree,Agree,Strongly agree,Strongly agree,Strongly agree,38,Male,1,Other,I have read this text carefully,Medical innovation,129,low,high,mobile,"Stock Market, Crowdfunding",Black,United States,United States,Full-Time,100.99999999999987,1,low,high
130,130,226,TRUE,2022-12-21T15:54:07Z,yes,1536x864,8.597,8.597,115.087,1,74,72,6,Neither agree nor disagree,Neither agree nor disagree,Agree,Agree,Disagree,Disagree,Disagree,Agree,Agree,Neither agree nor disagree,Disagree,43,Male,0,Other,I have read this text carefully,Medical innovation,130,low,high,NA,"ETF or ETC, Other, Crowdfunding",White,United Kingdom,United Kingdom,Full-Time,91.99999999999959,0.67000002,low,high
133,133,183,TRUE,2022-12-21T15:54:48Z,yes,1707x960,3.508,5.566,87.343,2,60,26,6,Agree,Agree,Agree,Agree,Agree,Neither agree nor disagree,Agree,Agree,Agree,Agree,Agree,31,Male,1,Other,I have read this text carefully,Medical innovation,133,high,low,NA,"Stock Market, Crowdfunding",White,United States,United States,Full-Time,70.99999999999919,1,high,low
134,134,293,TRUE,2022-12-21T15:56:12Z,yes,1920x1080,3.591,3.591,17.191,1,80,75,7,Neither agree nor disagree,Agree,Neither agree nor disagree,Agree,Strongly disagree,Disagree,Neither agree nor disagree,Agree,Neither agree nor disagree,Disagree,Disagree,35,Male,1,Other,I have read this text carefully,Medical innovation,134,low,high,NA,"ETF or ETC, Government Bonds, Stock Market, Options, Crowdfunding",White,United States,United States,Full-Time,171.99999999999994,1,low,high
135,135,279,TRUE,2022-12-21T15:56:33Z,yes,390x844,14.684,20.101,129.757,2,85,100,6,Agree,Agree,Agree,Agree,Agree,Agree,Agree,Agree,Agree,Agree,Agree,22,Female,0,Other,I have read this text carefully,Medical innovation,135,low,high,mobile,"Private Equity fund, Stock Market",White,Canada,Canada,Full-Time,289.0000000000002,1,low,high
139,139,212,TRUE,2022-12-21T15:59:20Z,yes,1920x1080,0,0,83.727,0,60,83,5,Neither agree nor disagree,Neither agree nor disagree,Disagree,Disagree,Neither agree nor disagree,Neither agree nor disagree,Agree,Agree,Neither agree nor disagree,Disagree,Neither agree nor disagree,36,Female,1,Other,I have read this text carefully,Medical innovation,139,low,low,NA,Crowdfunding,White,United States,United States,Full-Time,103.99999999999969,1,low,low
140,140,486,TRUE,2022-12-21T15:59:54Z,yes,412x915,6.457,122.713,320.298,3,100,100,7,Agree,Agree,Agree,Agree,Neither agree nor disagree,Agree,Agree,Neither agree nor disagree,Agree,Neither agree nor disagree,Neither agree nor disagree,61,Female,2,Other,I have read this text carefully,Medical innovation,140,high,low,mobile,"Stock Market, Crowdfunding, ETF or ETC, Government Bonds",White,United States,Ireland,Part-Time,203.9999999999999,1,high,low
141,141,435,TRUE,2022-12-21T16:00:07Z,yes,2560x1440,24.76,24.76,288.03,1,85,85,6,Agree,Agree,Agree,Agree,Agree,Agree,Agree,Agree,Agree,Agree,Agree,43,Male,0,Other,I have read this text carefully,Medical innovation,141,low,low,NA,"Stock Market, Private Equity fund",White,United States,United States,Full-Time,260.9999999999997,1,low,low
143,143,266,TRUE,2022-12-21T16:01:22Z,yes,1280x720,7.676,7.676,166.339,1,10,9,5,Disagree,Strongly agree,Agree,Agree,Disagree,Disagree,Agree,Agree,Agree,Disagree,Disagree,36,Female,0,Other,I have read this text carefully.,Medical innovation,143,low,high,NA,"ETF or ETC, Stock Market, Crowdfunding",White,United States,United States,Full-Time,149.9999999999999,1,low,high
145,145,270,TRUE,2022-12-21T16:01:37Z,yes,2560x1440,57.45,57.45,155.42,1,29,65,5,Disagree,Neither agree nor disagree,Disagree,Disagree,Disagree,Disagree,Disagree,Disagree,Disagree,Disagree,Disagree,33,Female,4,Other,I have read this text carefully,Medical innovation,145,low,low,NA,"ETF or ETC, Government Bonds, Stock Market, Crowdfunding",White,United States,United States,Part-Time,65.99999999999923,1,low,low
146,146,368,TRUE,2022-12-21T16:01:46Z,yes,1920x1080,8.38,12.481,218.703,3,75,31,6,Agree,Agree,Agree,Agree,Agree,Disagree,Agree,Agree,Agree,Agree,Agree,47,Female,6,Other,I have read this text carefully,Medical innovation,146,high,high,NA,"ETF or ETC, Government Bonds, Stock Market, Crowdfunding",Mixed,United Kingdom,United Kingdom,Full-Time,129.00000000000037,1,high,high
147,147,362,TRUE,2022-12-21T16:01:52Z,yes,412x883,11.339,11.339,231.423,1,75,34,5,Disagree,Agree,Agree,Agree,Strongly disagree,Disagree,Agree,Agree,Agree,Strongly agree,Agree,38,Female,0,Other,I have read this text carefully,Medical innovation,147,low,low,mobile,Crowdfunding,White,United States,United States,Other,211.00000000000003,1,low,low
148,148,259,TRUE,2022-12-21T16:02:30Z,yes,1920x1080,3.755,154.013,154.258,3,15,0,5,Strongly disagree,Agree,Agree,Disagree,Strongly disagree,Strongly disagree,Strongly disagree,Strongly disagree,Agree,Strongly disagree,Disagree,31,Male,0,Other,I have read this text carefully,Medical innovation,148,low,high,NA,"Stock Market, Options, Crowdfunding",Asian,United States,United States,Part-Time,140.9999999999996,1,low,high
151,151,488,TRUE,2022-12-21T16:02:55Z,yes,360x740,5.096,11.992,326.648,2,69,55,5,Disagree,Agree,Agree,Agree,Neither agree nor disagree,Neither agree nor disagree,Agree,Agree,Agree,Disagree,Disagree,35,Female,0,Other,I have read this text carefully,Medical innovation,151,high,high,mobile,"Crowdfunding, Government Bonds, Stock Market",White,Canada,Canada,NA,294.0000000000002,1,high,high
154,154,206,TRUE,2022-12-21T16:05:56Z,yes,1920x1080,4.581,6.204,93.706,3,63,65,5,Strongly disagree,Disagree,Disagree,Disagree,Strongly agree,Disagree,Neither agree nor disagree,Agree,Disagree,Disagree,Disagree,33,Male,1,Other,I have read this text carefully,Medical innovation,154,high,high,NA,"Stock Market, Crowdfunding",Mixed,United States,United States,Full-Time,82.99999999999929,1,high,high
159,159,330,TRUE,2022-12-21T16:09:19Z,yes,1366x768,18.042,179.496,180.999,3,3,12,5,Agree,Agree,Agree,Agree,Agree,Agree,Agree,Agree,Agree,Neither agree nor disagree,Neither agree nor disagree,41,Male,3,Other,I have read this text carefully,Medical innovation,159,low,low,NA,"ETF or ETC, Government Bonds, Stock Market, Unit trusts, Angel syndicate, Options, Crowdfunding",Black,United States,United States,NA,137.00000000000017,0.92000002,low,low
161,161,176,TRUE,2022-12-21T16:09:27Z,yes,1366x768,6.007,6.007,13.782,1,51,98,5,Neither agree nor disagree,Neither agree nor disagree,Strongly disagree,Strongly disagree,Strongly agree,Strongly disagree,Strongly agree,Strongly agree,Neither agree nor disagree,Neither agree nor disagree,Strongly disagree,34,Male,5,Other,I have read this text carefully,Medical innovation,161,low,high,NA,"ETF or ETC, Government Bonds, Stock Market, Options, Private Equity fund, Crowdfunding, Other",White,United States,United States,Full-Time,54,1,low,high
162,162,451,TRUE,2022-12-21T16:09:30Z,yes,390x844,2.449,6.003,275.303,3,10,39,3,Neither agree nor disagree,Agree,Disagree,Neither agree nor disagree,Disagree,Disagree,Neither agree nor disagree,Disagree,Neither agree nor disagree,Neither agree nor disagree,Neither agree nor disagree,57,Male,5,Other,I have read this text carefully,Medical innovation,162,high,low,mobile,"ETF or ETC, Government Bonds, Stock Market, Crowdfunding",White,United States,United States,NA,422.00000000000006,1,high,low
163,163,269,TRUE,2022-12-21T16:11:28Z,yes,768x1024,12.479,102.585,102.628,3,52,64,5,Agree,Agree,Agree,Agree,Agree,Agree,Agree,Agree,Agree,Agree,Agree,49,Male,7,Other,I have read this text carefully,Medical innovation,163,high,low,NA,"Crowdfunding, Stock Market",White,United States,United States,Full-Time,73.99999999999987,0.92000002,high,low
164,164,428,TRUE,2022-12-21T16:11:54Z,yes,1366x768,8.185,19.912,250.84,2,2,86,4,Neither agree nor disagree,Neither agree nor disagree,Disagree,Agree,Disagree,Disagree,Disagree,Disagree,Agree,Disagree,Disagree,68,Female,0,Other,I have read this text carefully.,Medical innovation,164,high,high,NA,"Government Bonds, Crowdfunding",White,United States,United States,Other,206.99999999999972,1,high,high
165,165,552,TRUE,2022-12-21T16:13:06Z,yes,375x812,4.222,4.222,381.296,1,73,28,6,Disagree,Neither agree nor disagree,Agree,Agree,Neither agree nor disagree,Neither agree nor disagree,Strongly agree,Neither agree nor disagree,Agree,Agree,Agree,32,Female,8,Other,I have read this text carefully,Medical innovation,165,low,high,mobile,"Stock Market, Crowdfunding",White,United States,United States,Part-Time,535.9999999999997,1,low,high
166,166,319,TRUE,2022-12-21T16:13:54Z,yes,1920x1080,16.695,16.695,20.206,1,75,36,5,Neither agree nor disagree,Strongly agree,Strongly agree,Agree,Strongly agree,Agree,Strongly agree,Agree,Strongly agree,Neither agree nor disagree,Neither agree nor disagree,40,Male,10,Other,I have read this text carefully,Medical innovation,166,low,high,NA,"Stock Market, ETF or ETC, Crowdfunding, Government Bonds",Black,United States,United States,Full-Time,144.00000000000028,1,low,high
167,167,1198,TRUE,2022-12-21T16:14:40Z,yes,1366x768,20.599,22.135,316.389,2,80,71,5,Agree,Strongly agree,Strongly agree,Strongly agree,Agree,Strongly agree,Strongly agree,Strongly agree,Strongly agree,Strongly agree,Strongly agree,44,Male,10,Other,I have read this text carefully,Medical innovation,167,low,low,NA,"Stock Market, Crowdfunding",White,United States,United States,Full-Time,284.9999999999999,1,low,low
169,169,1397,TRUE,2022-12-21T16:16:41Z,yes,1920x1080,18.594,18.594,291.536,1,85,84,6,Neither agree nor disagree,Strongly agree,Strongly agree,Agree,Agree,Strongly agree,Strongly agree,Strongly agree,Agree,Agree,Agree,36,Male,0,Other,I have read this text carefully,Medical innovation,169,high,high,NA,"Stock Market, Private Equity fund, Crowdfunding",White,United States,United States,NA,122.99999999999991,0.92000002,high,high
170,171,427,TRUE,2022-12-21T16:16:54Z,yes,375x812,6.821,11.725,205.706,3,60,41,5,Agree,Agree,Agree,Neither agree nor disagree,Agree,Neither agree nor disagree,Agree,Neither agree nor disagree,Agree,Agree,Neither agree nor disagree,27,Male,3,Other,I have read this text carefully,Medical innovation,170,high,high,mobile,"Stock Market, Private Equity fund, ETF or ETC",White,United States,United States,Full-Time,360.0000000000003,1,high,high
172,173,216,TRUE,2022-12-21T16:17:41Z,yes,2560x1440,4.384,4.384,54.909,1,55,83,6,Strongly agree,Strongly agree,Agree,Strongly agree,Agree,Neither agree nor disagree,Agree,Agree,Agree,Neither agree nor disagree,Neither agree nor disagree,44,Male,1,Other,I have read this text carefully,Medical innovation,172,low,low,NA,"Crowdfunding, Stock Market, Government Bonds",White,United Kingdom,United Kingdom,Full-Time,120.99999999999973,1,low,low
173,174,285,TRUE,2022-12-21T16:17:49Z,yes,360x800,0.272,14.645,137.344,5,100,82,5,Disagree,Strongly agree,Strongly agree,Agree,Strongly agree,Neither agree nor disagree,Agree,Agree,Agree,Disagree,Disagree,29,Male,2,Other,I have read this text carefully,Medical innovation,173,high,high,mobile,"Government Bonds, Stock Market, Crowdfunding",White,Canada,Canada,Full-Time,105.00000000000018,1,high,high
174,175,702,TRUE,2022-12-21T16:18:07Z,yes,1440x900,11.866,11.866,314.219,1,90,74,5,Agree,Agree,Agree,Agree,Disagree,Disagree,Neither agree nor disagree,Agree,Agree,Agree,Agree,30,Female,1,Other,I have read this text carefully,Medical innovation,174,high,high,NA,"ETF or ETC, Stock Market, Options, Crowdfunding",Black,United Kingdom,United Kingdom,NA,503.9999999999997,1,high,high
175,176,347,TRUE,2022-12-21T16:18:22Z,yes,1536x864,3.443,3.443,257.495,1,25,35,4,Agree,Strongly agree,Agree,Agree,Agree,Strongly agree,Agree,Agree,Neither agree nor disagree,Agree,Neither agree nor disagree,44,Male,7,Other,I have read this text carefully,Medical innovation,175,low,low,NA,"ETF or ETC, Stock Market, Crowdfunding",White,United States,United States,NA,240.0000000000002,1,low,low
180,181,205,TRUE,2022-12-21T16:20:07Z,yes,1200x750,8.378,8.378,67.325,1,62,19,5,Agree,Strongly agree,Strongly agree,Agree,Agree,Agree,Agree,Strongly agree,Strongly agree,Strongly agree,Agree,35,Female,2,Other,I have read this text carefully,Medical innovation,180,high,high,NA,"Stock Market, Crowdfunding, Venture Capital fund, Private Equity fund, Options",White,United States,Italy,Full-Time,66.99999999999974,1,high,high
181,182,266,TRUE,2022-12-21T16:20:42Z,yes,360x800,3.172,8.506,129.277,2,24,13,4,Agree,Neither agree nor disagree,Agree,Agree,Neither agree nor disagree,Neither agree nor disagree,Agree,Agree,Agree,Disagree,Agree,43,Male,0,Other,I have read this text carefully,Medical innovation,181,high,high,mobile,"Crowdfunding, Stock Market",White,United Kingdom,United Kingdom,Full-Time,117.00000000000028,1,high,high
182,183,380,TRUE,2022-12-21T16:21:35Z,yes,1536x864,15.225,15.225,246.018,1,29,73,5,Neither agree nor disagree,Neither agree nor disagree,Neither agree nor disagree,Neither agree nor disagree,Disagree,Disagree,Neither agree nor disagree,Neither agree nor disagree,Neither agree nor disagree,Disagree,Neither agree nor disagree,49,Female,7,Other,I have read this text carefully,Medical innovation,182,high,high,NA,"Stock Market, Crowdfunding",White,United States,United States,NA,216,1,high,high
183,184,207,TRUE,2022-12-21T16:21:37Z,yes,3440x1440,1.634,1.634,3.633,1,78,30,6,Agree,Agree,Agree,Neither agree nor disagree,Neither agree nor disagree,Disagree,Agree,Agree,Agree,Agree,Agree,37,Male,5,Other,'I have read this text carefully,Medical innovation,183,low,low,NA,"Stock Market, Unit trusts, Crowdfunding",White,United Kingdom,United Kingdom,Full-Time,69.99999999999955,0.82999998,low,low
185,186,365,TRUE,2022-12-21T16:22:12Z,yes,412x892,41.861,238.009,239.831,3,69,24,5,Strongly agree,Agree,Disagree,Agree,Agree,Disagree,Strongly agree,Agree,Strongly agree,Agree,Strongly agree,35,Male,3,Other,I have read this text carefully,Medical innovation,185,high,low,mobile,"Stock Market, Crowdfunding",White,United States,United States,Full-Time,113.99999999999962,1,high,low
186,187,357,TRUE,2022-12-21T16:22:21Z,yes,1536x864,14.343,14.343,233.499,1,80,83,6,Disagree,Agree,Agree,Agree,Agree,Agree,Agree,Agree,Agree,Agree,Agree,34,Male,5,Other,I have read this text carefully,Medical innovation,186,high,low,NA,"Stock Market, Crowdfunding",White,United States,United States,Full-Time,215.00000000000034,1,high,low
188,189,266,TRUE,2022-12-21T16:22:46Z,yes,1280x720,5.715,149.491,150.42,2,34,23,5,Strongly disagree,Agree,Disagree,Agree,Neither agree nor disagree,Strongly disagree,Agree,Strongly agree,Strongly disagree,Strongly disagree,Strongly disagree,41,Male,23,Other,I have read this text carefully,Medical innovation,188,low,high,NA,"Stock Market, Crowdfunding, ETF or ETC",White,United States,United States,NA,132.0000000000002,1,low,high
190,191,132,TRUE,2022-12-21T16:24:05Z,yes,1707x960,3.882,3.882,61.074,1,9,14,3,Disagree,Disagree,Agree,Disagree,Disagree,Disagree,Disagree,Strongly disagree,Neither agree nor disagree,Disagree,Strongly disagree,24,Male,1,Other,I have read this text carefully,Medical innovation,190,low,low,NA,"ETF or ETC, Crowdfunding",White,United States,United States,Full-Time,51.999999999999844,1,low,low
191,192,445,TRUE,2022-12-21T16:24:20Z,yes,2195x1235,5.254,5.254,239.06,1,72,73,6,Agree,Agree,Strongly agree,Agree,Agree,Agree,Agree,Agree,Agree,Strongly agree,Agree,35,Male,4,Other,I have read this text carefully,Medical innovation,191,high,high,NA,"Stock Market, Crowdfunding",White,United Kingdom,United Kingdom,Full-Time,235.00000000000023,1,high,high
192,193,469,TRUE,2022-12-21T16:25:13Z,yes,1920x1080,17.208,17.208,280.258,1,70,60,5,Agree,Agree,Agree,Neither agree nor disagree,Neither agree nor disagree,Neither agree nor disagree,Agree,Neither agree nor disagree,Agree,Neither agree nor disagree,Neither agree nor disagree,53,Male,0,Other,'I have read this text carefully',Medical innovation,192,high,high,NA,"Stock Market, Unit trusts, Crowdfunding",White,Canada,United Kingdom,"Not in paid work (e.g. homemaker', 'retired or disabled)",258.99999999999955,1,high,high
193,194,261,TRUE,2022-12-21T16:26:43Z,yes,1920x1080,10.918,10.918,142.843,1,87,90,6,Agree,Strongly agree,Agree,Disagree,Strongly agree,Agree,Strongly agree,Agree,Strongly agree,Neither agree nor disagree,Agree,33,Female,5,Other,I have read this text carefully,Medical innovation,193,high,high,NA,"Government Bonds, Stock Market, Private Equity fund, Crowdfunding",White,United States,United States,NA,120.99999999999973,1,high,high
194,195,198,TRUE,2022-12-21T16:26:57Z,yes,1536x864,6.853,6.853,84.217,1,70,30,5,Strongly disagree,Agree,Disagree,Agree,Agree,Disagree,Disagree,Neither agree nor disagree,Strongly disagree,Disagree,Strongly disagree,42,Male,2,Other,I have read this text carefully,Medical innovation,194,low,low,NA,Crowdfunding,White,United States,United States,Full-Time,63.99999999999994,1,low,low
199,201,315,TRUE,2022-12-21T16:29:18Z,yes,2560x1440,9.944,9.944,24.923,1,70,92,6,Agree,Strongly agree,Strongly agree,Neither agree nor disagree,Agree,Agree,Agree,Agree,Agree,Disagree,Strongly agree,40,Male,1,Other,I have read this text carefully,Medical innovation,199,low,high,NA,"ETF or ETC, Stock Market, Crowdfunding",Asian,United States,United States,Full-Time,145.99999999999957,1,low,high
205,207,414,TRUE,2022-12-21T16:33:11Z,yes,428x926,13.382,16.049,283.693,2,60,16,5,Disagree,Neither agree nor disagree,Disagree,Neither agree nor disagree,Neither agree nor disagree,Disagree,Neither agree nor disagree,Neither agree nor disagree,Disagree,Disagree,Disagree,39,Male,5,Other,I have read this text carefully,Medical innovation,205,high,low,mobile,"Stock Market, Crowdfunding, ETF or ETC",White,United States,United States,Full-Time,387.00000000000034,1,high,low
206,208,186,TRUE,2022-12-21T16:33:21Z,yes,1680x1050,4.692,29.709,30.007,2,41,68,4,Disagree,Neither agree nor disagree,Disagree,Disagree,Agree,Agree,Agree,Agree,Strongly disagree,Strongly disagree,Strongly disagree,31,Male,5,Other,I have read this text carefully,Medical innovation,206,high,low,NA,"ETF or ETC, Stock Market, Options, Private Equity fund, Venture Capital fund, Crowdfunding",White,United States,United States,Full-Time,42.99999999999955,1,high,low
208,210,324,TRUE,2022-12-21T16:33:56Z,yes,1536x864,17.27,17.27,184.684,1,83,64,5,Neither agree nor disagree,Neither agree nor disagree,Agree,Neither agree nor disagree,Neither agree nor disagree,Disagree,Agree,Neither agree nor disagree,Agree,Disagree,Strongly disagree,38,Female,12,Other,I have read this text carefully,Medical innovation,208,high,high,NA,"Stock Market, Crowdfunding",White,United States,United States,Full-Time,149.00000000000026,1,high,high
212,214,483,TRUE,2022-12-21T16:36:24Z,yes,1366x768,103.693,103.693,353.656,1,45,42,3,Agree,Strongly agree,Agree,Agree,Agree,Neither agree nor disagree,Agree,Agree,Strongly agree,Disagree,Neither agree nor disagree,41,Female,5,Other,I have read this text carefully,Medical innovation,212,low,low,NA,"Stock Market, ETF or ETC, Government Bonds, Private Equity fund, Venture Capital fund, Crowdfunding",White,United States,United States,NA,240.0000000000002,1,low,low
213,215,185,TRUE,2022-12-21T16:36:27Z,yes,1440x900,5.738,5.738,25.951,1,30,83,4,Disagree,Disagree,Disagree,Disagree,Disagree,Agree,Agree,Agree,Disagree,Disagree,Disagree,33,Male,8,Other,I have read this text carefully,Medical innovation,213,low,high,NA,"ETF or ETC, Stock Market, Government Bonds, Options, Crowdfunding",White,United States,United States,Part-Time,44.99999999999971,1,low,high
216,218,656,TRUE,2022-12-21T16:38:02Z,yes,360x800,13.415,36.664,353.548,3,50,42,4,Strongly agree,Strongly agree,Strongly agree,Strongly agree,Strongly agree,Strongly agree,Strongly agree,Neither agree nor disagree,Strongly agree,Strongly agree,Strongly agree,49,Female,0,Other,I have read this text carefully,Medical innovation,216,high,low,mobile,"Crowdfunding, Stock Market",White,United Kingdom,Italy,Full-Time,287.00000000000006,1,high,low
217,219,391,TRUE,2022-12-21T16:38:22Z,yes,1280x1024,18.266,18.266,212.902,1,20,16,4,Disagree,Neither agree nor disagree,Disagree,Neither agree nor disagree,Neither agree nor disagree,Disagree,Agree,Disagree,Disagree,Disagree,Disagree,61,Female,5,Other,I have read this test carefully,Medical innovation,217,low,high,NA,"Private Equity fund, Venture Capital fund, Government Bonds",Asian,United States,United States,Full-Time,181.00000000000023,1,low,high
218,220,367,TRUE,2022-12-21T16:38:24Z,yes,1366x768,0.572,78.188,230.361,12,71,36,5,Neither agree nor disagree,Agree,Agree,Agree,Disagree,Neither agree nor disagree,Agree,Agree,Neither agree nor disagree,Neither agree nor disagree,Neither agree nor disagree,34,Male,5,Other,I have read this text carefully,Medical innovation,218,high,high,NA,"ETF or ETC, Government Bonds, Stock Market, Crowdfunding",White,United States,United States,Full-Time,151.00000000000043,1,high,high
219,221,592,TRUE,2022-12-21T16:38:40Z,yes,834x1112,12.807,12.807,396.305,1,31,0,6,Disagree,Strongly agree,Agree,Strongly agree,Strongly agree,Strongly agree,Agree,Strongly agree,Strongly agree,Neither agree nor disagree,Neither agree nor disagree,55,Female,0,Other,I have read this text carefully,Medical innovation,219,low,high,NA,"ETF or ETC, Stock Market, Government Bonds, Crowdfunding",White,United States,United States,Part-Time,230.99999999999991,1,low,high
220,222,686,TRUE,2022-12-21T16:39:10Z,yes,1614x908,462.271,462.271,549.62,1,52,100,4,Neither agree nor disagree,Agree,Agree,Neither agree nor disagree,Neither agree nor disagree,Neither agree nor disagree,Strongly agree,Agree,Agree,Agree,Neither agree nor disagree,53,Male,12,Other,I have read this text carefully,Medical innovation,220,high,low,NA,"Stock Market, Crowdfunding, Other",White,United States,United States,Full-Time,68.9999999999999,1,high,low
222,224,144,TRUE,2022-12-21T16:40:49Z,yes,1366x768,4.677,5.414,68.589,2,100,100,7,Disagree,Strongly agree,Agree,Neither agree nor disagree,Neither agree nor disagree,Strongly disagree,Strongly disagree,Agree,Strongly agree,Agree,Neither agree nor disagree,46,Female,5,Other,I have read this text carefully,Medical innovation,222,high,high,NA,"Crowdfunding, Stock Market",White,United States,United States,Full-Time,58.99999999999997,1,high,high
223,225,247,TRUE,2022-12-21T16:41:21Z,yes,1360x768,8.338,8.338,18.313,1,20,12,6,Disagree,Agree,Neither agree nor disagree,Agree,Disagree,Disagree,Agree,Agree,Agree,Agree,Agree,45,Female,2,Other,I have read this text carefully,Medical innovation,223,high,high,NA,"Stock Market, Crowdfunding",White,United States,United States,Full-Time,110.00000000000016,0.82999998,high,high
224,226,534,TRUE,2022-12-21T16:41:27Z,yes,1368x912,13.503,13.503,46.655,1,80,67,4,Neither agree nor disagree,Agree,Agree,Agree,Neither agree nor disagree,Agree,Agree,Neither agree nor disagree,Agree,Agree,Neither agree nor disagree,26,Female,2,Other,I have read this text carefully,Medical innovation,224,low,low,NA,"Stock Market, Options, Crowdfunding, Private Equity fund",Asian,United States,United States,NA,34.99999999999977,1,low,low
227,229,370,TRUE,2022-12-21T16:42:06Z,yes,414x736,5.464,232.007,233.013,3,60,77,5,Disagree,Disagree,Disagree,Disagree,Disagree,Disagree,Disagree,Disagree,Disagree,Disagree,Disagree,41,Female,5,Other,I have read this text carefully,Medical innovation,227,low,high,mobile,"Stock Market, Private Equity fund",White,United States,United States,Full-Time,338.99999999999994,1,low,high
235,237,321,TRUE,2022-12-21T16:44:09Z,yes,1280x720,7.536,8.531,187.197,2,75,87,5,Agree,Agree,Agree,Agree,Agree,Neither agree nor disagree,Neither agree nor disagree,Agree,Neither agree nor disagree,Neither agree nor disagree,Neither agree nor disagree,38,Male,3,Other,I have read this text carefully,Medical innovation,235,high,low,NA,"Government Bonds, Stock Market, Options, Private Equity fund, Crowdfunding",White,United Kingdom,United Kingdom,Full-Time,193.99999999999994,1,high,low
236,238,230,TRUE,2022-12-21T16:44:13Z,yes,1366x768,0.236,17.268,136.607,2,86,10,6,Agree,Strongly agree,Agree,Strongly agree,Strongly agree,Strongly agree,Strongly agree,Strongly agree,Strongly agree,Strongly agree,Strongly agree,30,Female,2,Other,I have read this text carefully,Medical innovation,236,low,high,NA,"ETF or ETC, Government Bonds, Stock Market, Crowdfunding",White,United States,United States,Part-Time,110.99999999999982,1,low,high
237,239,521,TRUE,2022-12-21T16:44:52Z,yes,1280x720,18.466,18.466,289.416,1,100,7,6,Agree,Agree,Agree,Agree,Neither agree nor disagree,Neither agree nor disagree,Agree,Agree,Agree,Agree,Agree,31,Male,2,Other,I have read this text carefully,Medical innovation,237,high,high,NA,"ETF or ETC, Government Bonds, Stock Market, Crowdfunding",Mixed,United States,United States,NA,225.99999999999994,1,high,high
238,240,321,TRUE,2022-12-21T16:44:59Z,yes,360x780,6.396,10.166,141.96,3,70,77,5,Disagree,Agree,Neither agree nor disagree,Neither agree nor disagree,Agree,Strongly disagree,Disagree,Agree,Agree,Neither agree nor disagree,Neither agree nor disagree,40,Male,1,Other,I have read this text carefully,Medical innovation,238,high,low,mobile,"Stock Market, Crowdfunding",White,United Kingdom,United Kingdom,Full-Time,64.99999999999959,1,high,low
239,241,436,TRUE,2022-12-21T16:45:23Z,yes,1536x864,14.966,14.966,265.351,1,0,32,3,Disagree,Disagree,Neither agree nor disagree,Agree,Neither agree nor disagree,Disagree,Neither agree nor disagree,Neither agree nor disagree,Neither agree nor disagree,Disagree,Neither agree nor disagree,40,Male,4,Other,I have read this text carefully,Medical innovation,239,high,low,NA,Crowdfunding,White,United Kingdom,United Kingdom,Full-Time,242.00000000000034,1,high,low
240,242,433,TRUE,2022-12-21T16:45:59Z,yes,414x896,2.158,13.825,265.453,2,83,83,6,Agree,Agree,Neither agree nor disagree,Agree,Neither agree nor disagree,Neither agree nor disagree,Agree,Disagree,Neither agree nor disagree,Agree,Agree,28,Male,0,Other,I have read this text carefully,Medical innovation,240,low,low,mobile,"ETF or ETC, Stock Market, Private Equity fund",White,United States,United States,Full-Time,230.00000000000026,1,low,low
241,243,507,TRUE,2022-12-21T16:46:05Z,yes,390x844,1.677,336.82,340.685,8,70,76,5,Agree,Agree,Agree,Strongly agree,Disagree,Disagree,Agree,Agree,Strongly agree,Strongly agree,Agree,42,Male,1,Other,I have read this text carefully,Medical innovation,241,high,high,mobile,"ETF or ETC, Stock Market, Crowdfunding, Government Bonds, Other",Asian,United Kingdom,United Kingdom,Full-Time,308.00000000000045,0.92000002,high,high
242,244,871,TRUE,2022-12-21T16:46:35Z,yes,1440x900,203.949,203.949,536.28,1,40,78,5,Disagree,Agree,Agree,Agree,Agree,Neither agree nor disagree,Agree,Agree,Agree,Disagree,Disagree,72,Male,3,Other,I have read this text carefully,Medical innovation,242,high,low,NA,"Crowdfunding, Stock Market, Government Bonds",White,United States,United States,Full-Time,70.99999999999919,1,high,low
243,245,200,TRUE,2022-12-21T16:46:45Z,yes,1366x768,8.21,13.504,76.022,2,40,29,4,Disagree,Disagree,Disagree,Disagree,Disagree,Disagree,Disagree,Disagree,Disagree,Disagree,Disagree,34,Male,5,Other,I have read this text carefully,Medical innovation,243,high,high,NA,"Government Bonds, Stock Market, ETF or ETC, Options, Angel syndicate, Crowdfunding, Other",Asian,United States,United States,Full-Time,76.00000000000004,1,high,high
244,246,325,TRUE,2022-12-21T16:46:45Z,yes,1536x864,3.523,22.128,180.364,4,6,24,2,Disagree,Agree,Neither agree nor disagree,Agree,Neither agree nor disagree,Neither agree nor disagree,Neither agree nor disagree,Neither agree nor disagree,Neither agree nor disagree,Neither agree nor disagree,Neither agree nor disagree,54,Female,20,Other,I have read this text carefully,Medical innovation,244,high,low,NA,"Stock Market, Options, Crowdfunding",White,United States,United States,Full-Time,144.00000000000028,1,high,low
246,248,616,TRUE,2022-12-21T16:47:00Z,yes,1440x900,12.292,12.292,316.253,1,85,52,5,Agree,Strongly agree,Agree,Agree,Agree,Agree,Strongly agree,Strongly agree,Agree,Agree,Agree,42,Female,4,Other,I have read this text carefully,Medical innovation,246,low,low,NA,"Stock Market, Crowdfunding",Black,United States,United States,Full-Time,375.99999999999983,1,low,low
248,250,269,TRUE,2022-12-21T16:47:24Z,yes,1920x1080,9.002,9.002,167.518,1,53,22,5,Neither agree nor disagree,Neither agree nor disagree,Agree,Neither agree nor disagree,Disagree,Disagree,Neither agree nor disagree,Disagree,Agree,Strongly disagree,Agree,36,Female,0,Other,I have read this text carefully,Medical innovation,248,low,low,NA,"Crowdfunding, Other",White,United States,United States,NA,147.99999999999974,1,low,low
249,251,416,TRUE,2022-12-21T16:47:25Z,yes,1920x1080,12.27,12.27,265.129,1,60,74,6,Neither agree nor disagree,Neither agree nor disagree,Neither agree nor disagree,Neither agree nor disagree,Disagree,Disagree,Neither agree nor disagree,Disagree,Agree,Neither agree nor disagree,Neither agree nor disagree,44,Male,0,Other,I have read this text carefully,Medical innovation,249,low,high,NA,Crowdfunding,White,United States,United States,NA,242.00000000000034,1,low,high
250,252,170,TRUE,2022-12-21T16:47:42Z,yes,1440x900,15.651,15.651,44.953,1,85,63,5,Neither agree nor disagree,Agree,Agree,Agree,Agree,Agree,Agree,Agree,Agree,Agree,Agree,46,Female,10,Other,I have read this text carefully,Medical innovation,250,high,low,NA,"Government Bonds, Stock Market, Private Equity fund, Crowdfunding",White,United States,United States,Full-Time,46.99999999999987,0.75,high,low
251,253,301,TRUE,2022-12-21T16:48:01Z,yes,1920x1080,3.898,3.898,175.901,1,20,18,4,Neither agree nor disagree,Agree,Neither agree nor disagree,Agree,Agree,Agree,Agree,Agree,Agree,Neither agree nor disagree,Neither agree nor disagree,69,Male,20,Other,I have read this text carefully,Medical innovation,251,low,low,NA,"ETF or ETC, Stock Market, Crowdfunding",White,United States,United States,"Not in paid work (e.g. homemaker', 'retired or disabled)",156.0000000000004,1,low,low
252,254,175,TRUE,2022-12-21T16:48:12Z,yes,1536x864,5.024,5.024,52.87,1,74,46,6,Agree,Agree,Agree,Agree,Neither agree nor disagree,Disagree,Agree,Agree,Neither agree nor disagree,Agree,Agree,31,Female,2,Other,I have read this text carefully,Medical innovation,252,high,high,NA,"Stock Market, Private Equity fund",White,United States,United States,NA,49.00000000000003,0.75,high,high
254,256,321,TRUE,2022-12-21T16:49:33Z,yes,1600x900,4.704,4.704,205.262,1,67,91,6,Agree,Agree,Agree,Agree,Neither agree nor disagree,Disagree,Agree,Neither agree nor disagree,Neither agree nor disagree,Disagree,Disagree,58,Female,0,Other,I have read this text carefully,Medical innovation,254,high,high,NA,Crowdfunding,White,United States,United States,NA,186.99999999999983,1,high,high
258,260,434,TRUE,2022-12-21T16:51:56Z,yes,2048x1152,10.572,10.572,202.609,1,28,11,3,Agree,Strongly agree,Strongly agree,Agree,Agree,Neither agree nor disagree,Agree,Agree,Agree,Strongly agree,Strongly agree,46,Female,3,Other,I have read this text carefully,Medical innovation,258,high,high,NA,Crowdfunding,White,United Kingdom,Ireland,Full-Time,174.0000000000001,1,high,high
261,263,314,TRUE,2022-12-21T16:52:14Z,yes,1280x720,7.082,11.392,158.093,2,60,100,6,Disagree,Strongly agree,Agree,Neither agree nor disagree,Agree,Agree,Agree,Strongly agree,Strongly agree,Agree,Agree,64,Female,7,Other,I have read this text carefully,Medical innovation,261,high,low,NA,Crowdfunding,White,United States,United States,Other,137.9999999999998,1,high,low
263,265,249,TRUE,2022-12-21T16:52:56Z,yes,1280x720,8.536,8.536,131.218,1,20,88,4,Disagree,Agree,Disagree,Agree,Disagree,Neither agree nor disagree,Agree,Disagree,Agree,Disagree,Disagree,44,Male,11,Other,I have read this text carefully,Medical innovation,263,low,high,NA,"ETF or ETC, Stock Market, Options, Crowdfunding",White,United States,United States,NA,110.99999999999982,1,low,high
264,266,502,TRUE,2022-12-21T16:53:02Z,yes,1920x1080,60.873,60.873,162.342,1,40,33,3,Disagree,Strongly agree,Agree,Agree,Agree,Strongly agree,Neither agree nor disagree,Agree,Agree,Neither agree nor disagree,Agree,33,Male,3,Other,I have read this text carefully,Medical innovation,264,high,high,NA,"ETF or ETC, Stock Market, Unit trusts, Government Bonds, Options, Crowdfunding, Venture Capital fund",White,United Kingdom,United Kingdom,Full-Time,139.99999999999997,1,high,high
265,267,613,TRUE,2022-12-21T16:53:52Z,yes,1366x768,6.373,27.986,218.54,3,90,75,6,Strongly agree,Strongly agree,Strongly agree,Disagree,Strongly agree,Strongly agree,Agree,Strongly agree,Strongly agree,Neither agree nor disagree,Agree,24,Male,2,Other,I have read this text carefully,Medical innovation,265,low,low,NA,"Stock Market, Private Equity fund, Crowdfunding",Black,United Kingdom,Nigeria,Part-Time,174.99999999999972,1,low,low
266,268,361,TRUE,2022-12-21T16:53:56Z,yes,1920x1080,7.79,7.79,147.446,1,10,81,4,Agree,Agree,Agree,Agree,Neither agree nor disagree,Neither agree nor disagree,Agree,Neither agree nor disagree,Agree,Agree,Agree,36,Male,0,Other,I have read this text carefully,Medical innovation,266,low,high,NA,"ETF or ETC, Stock Market, Crowdfunding, Other",White,United Kingdom,United Kingdom,Full-Time,144.00000000000028,1,low,high
269,271,617,TRUE,2022-12-21T16:55:36Z,yes,1920x1080,20.592,36.986,385.925,2,70,71,5,Neither agree nor disagree,Agree,Agree,Disagree,Disagree,Neither agree nor disagree,Neither agree nor disagree,Disagree,Agree,Agree,Neither agree nor disagree,43,Male,2,Other,I have read this text carefully,Medical innovation,269,high,high,NA,Crowdfunding,Mixed,France,France,Full-Time,324,1,high,high
271,273,301,TRUE,2022-12-21T16:57:47Z,yes,1920x1080,13.568,13.568,36.025,1,65,100,5,Neither agree nor disagree,Neither agree nor disagree,Agree,Agree,Neither agree nor disagree,Neither agree nor disagree,Agree,Agree,Agree,Neither agree nor disagree,Disagree,34,Female,0,Other,I have read this text carefully,Medical innovation,271,low,high,NA,"Crowdfunding, Stock Market",White,France,France,Full-Time,137.9999999999998,1,low,high
272,274,436,TRUE,2022-12-21T16:58:53Z,yes,320x568,6.817,16.905,275.353,3,0,100,2,Agree,Agree,Disagree,Agree,Agree,Disagree,Strongly agree,Strongly agree,Agree,Agree,Agree,54,Female,0,Other,I have read this text carefully,Medical innovation,272,low,high,mobile,"Government Bonds, Stock Market, Private Equity fund",White,United States,United States,Full-Time,550.9999999999995,1,low,high
274,276,308,TRUE,2022-12-21T17:00:28Z,yes,2560x1440,8.862,8.862,177.516,1,75,100,5,Neither agree nor disagree,Agree,Agree,Agree,Agree,Agree,Agree,Agree,Agree,Disagree,Neither agree nor disagree,34,Male,0,Other,I have read this text carefully,Medical innovation,274,high,low,NA,"Stock Market, Crowdfunding, Government Bonds",White,United States,United States,Full-Time,144.00000000000028,1,high,low
276,278,258,TRUE,2022-12-21T17:00:48Z,yes,1920x1080,4.499,4.499,161.333,1,30,34,4,Agree,Agree,Agree,Agree,Neither agree nor disagree,Disagree,Neither agree nor disagree,Agree,Agree,Agree,Neither agree nor disagree,43,Female,0,Other,I have read this text carefully,Medical innovation,276,low,low,NA,"Stock Market, Crowdfunding, Private Equity fund",White,United States,United States,Full-Time,147.99999999999974,1,low,low
278,280,493,TRUE,2022-12-21T17:01:09Z,yes,1920x1080,21.772,21.772,65.559,1,30,82,5,Neither agree nor disagree,Neither agree nor disagree,Agree,Agree,Agree,Agree,Neither agree nor disagree,Agree,Neither agree nor disagree,Disagree,Neither agree nor disagree,34,Male,1,Other,I have read this text carefully,Medical innovation,278,high,low,NA,"ETF or ETC, Stock Market, Crowdfunding",White,United States,United States,Part-Time,130.00000000000003,1,high,low
280,282,420,TRUE,2022-12-21T17:03:05Z,yes,800x1280,7.236,24.52,27.438,2,67,74,5,Agree,Agree,Agree,Neither agree nor disagree,Agree,Disagree,Agree,Neither agree nor disagree,Neither agree nor disagree,Disagree,Disagree,26,Male,4,Other,I have read this text carefully,Medical innovation,280,high,high,mobile,"Crowdfunding, Options, Stock Market",Black,United States,United States,NA,252.00000000000028,1,high,high
281,283,1211,TRUE,2022-12-21T17:04:18Z,yes,2560x1440,359.464,361.48,801.798,2,80,100,5,Neither agree nor disagree,Strongly agree,Strongly disagree,Strongly disagree,Agree,Neither agree nor disagree,Agree,Strongly agree,Strongly agree,Strongly disagree,Agree,35,Male,0,Other,I have read this text carefully,Medical innovation,281,high,high,NA,"Stock Market, Crowdfunding",White,United States,United States,NA,124.00000000000041,1,high,high
282,284,510,TRUE,2022-12-21T17:04:30Z,yes,1440x900,12.505,12.505,327.503,1,74,76,6,Neither agree nor disagree,Agree,Disagree,Disagree,Disagree,Disagree,Disagree,Disagree,Neither agree nor disagree,Agree,Disagree,69,Male,0,Other,I have read this text carefully,Medical innovation,282,high,high,NA,"Government Bonds, Stock Market, Private Equity fund",White,United States,United States,"Not in paid work (e.g. homemaker', 'retired or disabled)",306.0000000000003,1,high,high
284,286,884,TRUE,2022-12-21T17:06:29Z,yes,1440x900,9.596,9.596,564.833,1,15,83,6,Agree,Strongly agree,Agree,Strongly agree,Strongly agree,Disagree,Strongly agree,Disagree,Strongly agree,Agree,Agree,28,Male,1,Other,I have read this text carefully,Medical innovation,284,low,low,NA,"Stock Market, Crowdfunding",White,United States,United States,Full-Time,550,1,low,low
285,287,339,TRUE,2022-12-21T17:07:02Z,yes,2048x1152,16.926,16.926,206.333,1,55,66,6,Disagree,Neither agree nor disagree,Disagree,Neither agree nor disagree,Neither agree nor disagree,Disagree,Disagree,Agree,Neither agree nor disagree,Disagree,Neither agree nor disagree,35,Female,0,Other,I have read this text carefully,Medical innovation,285,low,high,NA,"Stock Market, ETF or ETC, Crowdfunding",White,United Kingdom,United Kingdom,Full-Time,181.9999999999999,1,low,high
286,288,768,TRUE,2022-12-21T17:07:08Z,yes,1920x1080,59.449,59.449,318.606,1,60,29,5,Agree,Agree,Agree,Agree,Neither agree nor disagree,Neither agree nor disagree,Neither agree nor disagree,Neither agree nor disagree,Agree,Neither agree nor disagree,Neither agree nor disagree,63,Male,1,Other,I have read this text carefully,Medical innovation,286,low,low,NA,"ETF or ETC, Government Bonds, Stock Market, Crowdfunding",Asian,United States,United States,Full-Time,252.00000000000028,1,low,low
287,289,1289,TRUE,2022-12-21T17:07:16Z,yes,1291x726,20.101,20.101,189.27,1,71,62,6,Neither agree nor disagree,Neither agree nor disagree,Neither agree nor disagree,Neither agree nor disagree,Agree,Neither agree nor disagree,Agree,Neither agree nor disagree,Neither agree nor disagree,Neither agree nor disagree,Neither agree nor disagree,49,Male,2,Other,I have read this text carefully,Medical innovation,287,high,low,NA,"ETF or ETC, Government Bonds, Stock Market, Options, Private Equity fund",White,United States,United States,Full-Time,73.99999999999987,1,high,low
290,292,559,TRUE,2022-12-21T17:20:51Z,yes,1366x768,18.272,18.272,210.112,1,62,34,4,Agree,Strongly agree,Agree,Agree,Agree,Strongly agree,Agree,Agree,Agree,Strongly agree,Agree,23,Male,7,Other,I have read this text carefully,Medical innovation,290,low,low,NA,Crowdfunding,Black,United States,United States,NA,198.99999999999991,1,low,low
292,294,254,TRUE,2022-12-21T17:27:32Z,yes,1344x840,78.258,78.258,161.507,1,40,70,5,Agree,Agree,Neither agree nor disagree,Agree,Agree,Agree,Agree,Strongly agree,Neither agree nor disagree,Neither agree nor disagree,Agree,51,Male,6,Other,I have read this text carefully,Medical innovation,292,high,high,NA,"ETF or ETC, Government Bonds, Stock Market, Options, Private Equity fund, Crowdfunding",White,United States,United States,Full-Time,76.99999999999969,1,high,high
295,298,388,TRUE,2022-12-21T17:36:35Z,yes,1440x900,42.341,43.416,260.834,2,35,36,5,Agree,Agree,Strongly agree,Agree,Strongly agree,Strongly agree,Agree,Agree,Strongly agree,Agree,Strongly agree,33,Male,1.5,Other,I have read this text carefully,Medical innovation,295,high,low,NA,"Government Bonds, Crowdfunding",White,United Kingdom,United Kingdom,Full-Time,82.99999999999929,1,high,low
297,300,254,TRUE,2022-12-21T17:38:34Z,yes,1600x1200,9.878,9.878,136.611,1,55,70,6,Strongly disagree,Agree,Neither agree nor disagree,Strongly disagree,Neither agree nor disagree,Neither agree nor disagree,Neither agree nor disagree,Agree,Agree,Neither agree nor disagree,Neither agree nor disagree,40,Male,0,Other,I have read this text carefully,Medical innovation,297,high,high,NA,"Stock Market, Crowdfunding",White,United States,United States,Other,120.0000000000001,1,high,high
299,301,318,TRUE,2022-12-21T17:41:10Z,yes,1376x774,12.69,12.69,178.268,1,10,49,2,Disagree,Disagree,Disagree,Neither agree nor disagree,Neither agree nor disagree,Disagree,Agree,Neither agree nor disagree,Disagree,Strongly disagree,Strongly disagree,65,Female,14,Other,I have read this text carefully,Medical innovation,299,low,low,NA,"Government Bonds, Stock Market, Private Equity fund, Venture Capital fund",White,United States,United States,NA,142.99999999999977,1,low,low
300,302,177,TRUE,2022-12-21T17:41:34Z,yes,1920x1080,3.409,3.409,60.998,1,35,34,5,Disagree,Disagree,Agree,Neither agree nor disagree,Neither agree nor disagree,Agree,Neither agree nor disagree,Neither agree nor disagree,Agree,Agree,Agree,21,Male,1,Other,I have read this text carefully,Medical innovation,300,high,high,NA,"Stock Market, Crowdfunding",White,United States,United States,Unemployed (and job seeking),47.999999999999524,1,high,high
303,304,204,TRUE,2022-12-21T17:41:43Z,yes,834x1112,8.659,8.659,51.732,1,40,41,5,Agree,Strongly agree,Agree,Agree,Strongly agree,Strongly agree,Agree,Agree,Agree,Agree,Strongly agree,54,Male,15,Other,I have read this text carefully,Medical innovation,303,low,low,NA,"Stock Market, Options, Crowdfunding",White,United States,United States,Full-Time,46.99999999999987,1,low,low
304,305,343,TRUE,2022-12-21T17:41:56Z,yes,1920x1080,21.957,41.909,44.383,2,66,44,5,Strongly agree,Agree,Strongly agree,Agree,Agree,Agree,Strongly agree,Agree,Strongly agree,Agree,Strongly agree,39,Male,3,Other,I have read this text carefully,Medical innovation,304,high,high,NA,"Government Bonds, Stock Market, Crowdfunding",White,United States,United States,NA,54,0.5,high,high
306,307,141,TRUE,2022-12-21T17:42:32Z,yes,2560x1440,1.99,5.903,61.635,2,37,71,5,Strongly agree,Agree,Agree,Agree,Agree,Disagree,Agree,Strongly agree,Strongly agree,Agree,Agree,32,Male,3,Other,I have read this text carefully,Medical innovation,306,low,low,NA,"Options, ETF or ETC, Stock Market, Crowdfunding",White,United States,United States,Part-Time,55.9999999999993,1,low,low
309,310,312,TRUE,2022-12-21T17:45:08Z,yes,1536x864,2.236,2.236,16.969,1,75,39,6,Strongly agree,Strongly agree,Agree,Agree,Agree,Agree,Agree,Agree,Agree,Neither agree nor disagree,Neither agree nor disagree,37,Male,8,Other,I have read this text carefully,Medical innovation,309,high,low,NA,"Stock Market, Options, Crowdfunding, ETF or ETC",White,United States,United States,Full-Time,37.99999999999958,1,high,low
311,312,373,TRUE,2022-12-21T17:45:38Z,yes,1920x1080,16.48,16.48,72.26,1,100,100,7,Strongly agree,Strongly agree,Strongly agree,Strongly agree,Strongly agree,Strongly agree,Strongly agree,Strongly agree,Strongly agree,Strongly agree,Strongly agree,39,Male,2,Other,I have read this text carefully,Medical innovation,311,high,high,NA,"Stock Market, Crowdfunding",White,United States,United States,Part-Time,100.00000000000021,1,high,high
312,313,253,TRUE,2022-12-21T17:45:52Z,yes,1280x720,10.198,10.198,121.675,1,40,42,4,Strongly agree,Strongly agree,Agree,Strongly agree,Agree,Agree,Strongly agree,Agree,Strongly agree,Agree,Agree,52,Male,14,Other,I have read this text carefully,Medical innovation,312,low,high,NA,"Government Bonds, Stock Market, Crowdfunding",White,United States,United States,Full-Time,102.00000000000037,1,low,high
313,314,417,TRUE,2022-12-21T17:45:59Z,yes,1536x864,15.584,15.584,206.768,1,65,63,5,Agree,Agree,Agree,Agree,Neither agree nor disagree,Neither agree nor disagree,Neither agree nor disagree,Agree,Agree,Strongly agree,Strongly agree,35,Male,6,Other,I have read this text carefully,Medical innovation,313,high,low,NA,"Stock Market, Private Equity fund, Government Bonds",Mixed,United Kingdom,United Kingdom,Full-Time,169.99999999999974,1,high,low
