ID,IP_address,duration_study,finished,recordeddate,consent,browser_info_resolution,timer_pitch_deck_first click,timer_pitch_deck_last click,timer_pitch_deck_page submit,timer_pitch_deck_click count,timer_mc_quality_first click,timer_mc_quality_last click,timer_mc_quality_page submit,timer_mc_quality_click count,invest_prob,cvpa_v_1,cvpa_v_2,cvpa_v_3,cvpa_v_4,cvpa_a_1,cvpa_a_2,cvpa_a_3,cvpa_a_4,cvpa_r_1,cvpa_r_2,cvpa_r_3,age,gender,invest_experience,attention_check,attention_check_text,comprehension_check,PROLIFIC_PID,fluency_condition,quality_condition,device,investment_types,ethnicity,country,nationality,employment,duration_pitch_deck,completion,fluency_condition_docsend,quality_condition_docsend
1,1,395,TRUE,2022-11-30T14:17:46Z,yes,360x800,3.143,16.815,233.349,2,6.305,6.305,6.879,1,100,Strongly disagree,Agree,Strongly disagree,Strongly disagree,Agree,Disagree,Disagree,Agree,Agree,Agree,Strongly disagree,38,Female,2,Other,I have read this text carefully,HR technology,1,low,high,mobile,Crowdfunding,White,United Kingdom,Poland,Part-Time,162,1,low,high
3,3,481,TRUE,2022-11-30T14:18:34Z,yes,414x896,6.189,15.731,270.975,2,8.774,8.774,9.477,1,15,Strongly agree,Strongly agree,Strongly agree,Agree,Strongly agree,Agree,Strongly agree,Strongly agree,Strongly agree,Agree,Strongly agree,57,Female,0,Other,"I have read this text carefully 

",HR technology,3,high,low,mobile,"Stock Market, Crowdfunding",White,United Kingdom,United Kingdom,"Not in paid work (e.g. homemaker', 'retired or disabled)",244.9999872,1,high,low
4,4,184,TRUE,2022-11-30T14:22:42Z,yes,1616x909,10.314,10.314,105.441,1,2.149,5.806,6.61,2,83,Agree,Agree,Agree,Agree,Agree,Agree,Agree,Agree,Agree,Agree,Agree,43,Male,5,Other,I have read this text carefully,HR technology,4,high,low,NA,"ETF or ETC, Stock Market, Options, Private Equity fund, Venture Capital fund",White,United States,United States,Full-Time,91.00002239999999,1,high,low
5,5,271,TRUE,2022-11-30T14:23:06Z,yes,1536x864,6.332,6.332,178.901,1,5.483,5.483,6.995,1,22,Agree,Agree,Agree,Agree,Agree,Agree,Agree,Agree,Agree,Agree,Agree,31,Female,2,Other,I have read this text carefully,HR technology,5,high,low,NA,"Private Equity fund, ETF or ETC, Stock Market, Government Bonds",Asian,United Kingdom,United Kingdom,Full-Time,162.9999936,1,high,low
8,8,228,TRUE,2022-11-30T14:27:02Z,yes,1920x1080,9.144,9.144,138.041,1,3.268,3.268,3.957,1,73,Agree,Agree,Neither agree nor disagree,Agree,Neither agree nor disagree,Agree,Agree,Agree,Agree,Agree,Agree,30,Female,1,Other,I have read this text carefully,HR technology,8,low,high,NA,"Government Bonds, Stock Market, Crowdfunding",White,United States,United States,NA,117.00002880000001,0.92000002,low,high
9,9,336,TRUE,2022-11-30T14:28:56Z,yes,1920x1080,22.021,22.021,190.914,1,3.811,3.811,4.719,1,0,Agree,Agree,Agree,Agree,Agree,Neither agree nor disagree,Agree,Agree,Agree,Agree,Agree,53,Male,2,Other,I have read this text carefully,HR technology,9,low,high,NA,"Stock Market, Crowdfunding",White,Germany,Germany,Full-Time,145.0000224,1,low,high
12,12,359,TRUE,2022-11-30T14:33:15Z,yes,1366x768,13.372,13.372,115.624,1,5.8,5.8,7.691,1,41,Neither agree nor disagree,Agree,Agree,Neither agree nor disagree,Agree,Neither agree nor disagree,Disagree,Neither agree nor disagree,Agree,Neither agree nor disagree,Disagree,22,Male,0,Other,I have read this text carefully,HR technology,12,low,low,NA,"Stock Market, Crowdfunding",White,United Kingdom,Ireland,"Not in paid work (e.g. homemaker', 'retired or disabled)",106.00001280000001,1,low,low
13,13,343,TRUE,2022-11-30T14:34:14Z,yes,1920x1080,7.389,7.389,75.168,1,6.284,146.372,147.198,2,40,Strongly disagree,Strongly disagree,Disagree,Strongly disagree,Strongly agree,Strongly disagree,Agree,Strongly disagree,Agree,Strongly disagree,Strongly disagree,35,Male,3,Other,I have read this text carefully,HR technology,13,low,low,NA,"Stock Market, Crowdfunding",White,United Kingdom,United Kingdom,Full-Time,185.0000256,1,low,low
14,14,530,TRUE,2022-11-30T14:35:18Z,yes,1920x1080,23.241,23.241,141.345,1,5.55,8.068,9.089,3,23,Neither agree nor disagree,Strongly agree,Agree,Agree,Neither agree nor disagree,Agree,Agree,Strongly agree,Agree,Neither agree nor disagree,Neither agree nor disagree,48,Female,5,Other,I have read this text carefully,HR technology,14,low,low,NA,"Crowdfunding, Stock Market",Asian,United Kingdom,United Kingdom,NA,149.9999904,1,low,low
15,15,372,TRUE,2022-11-30T14:35:56Z,yes,1366x768,7.449,219.758,221.971,3,6.929,6.929,8.538,1,15,Agree,Agree,Disagree,Agree,Disagree,Neither agree nor disagree,Agree,Agree,Agree,Disagree,Agree,24,Male,1,Other,I have read this text carefully,HR technology,15,high,high,NA,"ETF or ETC, Stock Market, Crowdfunding, Options",White,United Kingdom,United Kingdom,"Not in paid work (e.g. homemaker', 'retired or disabled)",190.9999872,1,high,high
17,17,316,TRUE,2022-11-30T14:37:14Z,yes,412x915,6.354,175.267,175.873,3,8.853,8.853,9.463,1,15,Agree,Agree,Agree,Strongly agree,Agree,Agree,Agree,Agree,Neither agree nor disagree,Disagree,Disagree,29,Male,0,Other,I have read this text carefully,HR technology,17,low,high,mobile,"ETF or ETC, Government Bonds, Stock Market, Crowdfunding",White,United Kingdom,United Kingdom,Full-Time,163.9999872,1,low,high
18,18,244,TRUE,2022-11-30T14:37:15Z,yes,1280x720,7.148,7.148,145.514,1,4.771,7.167,7.956,2,43,Disagree,Disagree,Disagree,Agree,Strongly disagree,Strongly disagree,Agree,Disagree,Agree,Disagree,Strongly disagree,35,Female,2,Other,I have read this text carefully,HR technology,18,low,low,NA,"Stock Market, Crowdfunding",White,United Kingdom,United Kingdom,Full-Time,131.0000256,1,low,low
21,21,495,TRUE,2022-11-30T14:39:32Z,yes,1280x800,12.599,12.599,309.416,1,5.929,5.929,6.892,1,70,Agree,Strongly agree,Strongly agree,Agree,Agree,Agree,Agree,Strongly agree,Strongly agree,Strongly agree,Strongly agree,50,Female,10,Other,I have read this text carefully,HR technology,21,low,low,NA,"Government Bonds, ETF or ETC, Stock Market, Unit trusts, Crowdfunding",White,United Kingdom,United Kingdom,NA,289.9999584,1,low,low
22,22,266,TRUE,2022-11-30T14:40:02Z,yes,1920x1080,5.082,5.082,136.383,1,7.294,7.294,7.962,1,30,Neither agree nor disagree,Agree,Agree,Strongly agree,Neither agree nor disagree,Strongly disagree,Agree,Neither agree nor disagree,Agree,Agree,Neither agree nor disagree,25,Male,0,Other,I have read this text carefully,HR technology,22,high,low,NA,"Stock Market, Private Equity fund",White,United Kingdom,Lebanon,Full-Time,123.99998400000001,1,high,low
23,23,352,TRUE,2022-11-30T14:41:08Z,yes,375x812,11.685,15.223,221.512,2,8.931,8.931,9.601,1,30,Neither agree nor disagree,Agree,Neither agree nor disagree,Strongly agree,Agree,Neither agree nor disagree,Agree,Agree,Strongly agree,Agree,Agree,37,Female,2,Other,I have read this text carefully,HR technology,23,high,high,mobile,"Stock Market, Crowdfunding, Government Bonds",Black,United States,Nigeria,Part-Time,304.0000416,1,high,high
24,24,408,TRUE,2022-11-30T14:41:16Z,yes,1536x864,23.934,23.934,271.158,1,8.655,8.655,9.619,1,90,Neither agree nor disagree,Agree,Agree,Agree,Agree,Agree,Agree,Agree,Strongly agree,Agree,Agree,30,Male,2,Other,I have read this text carefully,HR technology,24,high,low,NA,"ETF or ETC, Stock Market, Crowdfunding",Mixed,Canada,Canada,Full-Time,238.000032,1,high,low
25,25,331,TRUE,2022-11-30T14:42:23Z,yes,1920x1080,13.637,19.221,260.598,2,3.434,3.434,4.022,1,85,Agree,Agree,Agree,Agree,Neither agree nor disagree,Agree,Neither agree nor disagree,Agree,Agree,Agree,Agree,37,Male,1,Other,I have read this text carefully,HR technology,25,high,low,NA,"Government Bonds, Crowdfunding",White,United Kingdom,United Kingdom,Full-Time,126.99996479999999,1,high,low
28,28,334,TRUE,2022-11-30T14:43:38Z,yes,1536x864,4.162,4.162,206.642,1,2.068,8.175,9.755,2,60,Agree,Strongly agree,Strongly agree,Neither agree nor disagree,Agree,Agree,Strongly agree,Strongly agree,Agree,Strongly agree,Agree,37,Male,3,Other,I have read this text carefully,HR technology,28,high,low,NA,"ETF or ETC, Stock Market, Government Bonds, Private Equity fund, Venture Capital fund, Crowdfunding",White,France,France,Full-Time,192.9999744,1,high,low
29,29,347,TRUE,2022-11-30T14:44:21Z,yes,1138x640,18.269,18.269,208.543,1,3.501,3.501,5.253,1,65,Agree,Agree,Agree,Agree,Neither agree nor disagree,Neither agree nor disagree,Agree,Neither agree nor disagree,Strongly agree,Agree,Strongly agree,52,Female,10,Other,I have read this text carefully,HR technology,29,low,high,NA,"Stock Market, Crowdfunding",White,United Kingdom,United Kingdom,Full-Time,166.999968,1,low,high
30,30,746,TRUE,2022-11-30T14:44:48Z,yes,1280x800,21.318,21.318,481.04,1,25.118,25.118,27.571,1,10,Disagree,Neither agree nor disagree,Agree,Agree,Neither agree nor disagree,Neither agree nor disagree,Agree,Neither agree nor disagree,Disagree,Disagree,Neither agree nor disagree,70,Male,44,Other,I have read this text carefully,HR technology,30,low,low,NA,"Stock Market, Private Equity fund",White,United Kingdom,United Kingdom,"Not in paid work (e.g. homemaker', 'retired or disabled)",420.999984,1,low,low
32,32,127,TRUE,2022-11-30T14:44:58Z,yes,768x1024,0,0,0.803,0,1.2,3.414,4.404,3,71,Strongly agree,Strongly agree,Agree,Agree,Strongly agree,Agree,Strongly agree,Agree,Agree,Agree,Agree,42,Male,0,Other,I have read this text carefully,HR technology,32,low,low,mobile,"Stock Market, Options, Venture Capital fund",White,Canada,Canada,Full-Time,41.9999904,0.82999998,low,low
33,33,203,TRUE,2022-11-30T14:45:04Z,yes,1600x900,14.958,14.958,107.245,1,6.75,6.75,7.283,1,100,Agree,Agree,Strongly agree,Strongly agree,Strongly agree,Agree,Strongly agree,Strongly agree,Agree,Strongly agree,Strongly agree,33,Male,6,Other,I have read this text carefully,HR technology,33,low,low,NA,"ETF or ETC, Government Bonds, Stock Market, Private Equity fund, Crowdfunding, Venture Capital fund",White,United Kingdom,NA,NA,82.9999872,1,low,low
34,34,497,TRUE,2022-11-30T14:45:08Z,yes,1366x768,17.529,29.218,137.666,2,112.562,115.032,117.559,2,42,Neither agree nor disagree,Agree,Agree,Agree,Agree,Agree,Strongly agree,Agree,Strongly agree,Agree,Strongly agree,59,Female,12,Other,I have read this text carefully,HR technology,34,high,high,NA,"ETF or ETC, Government Bonds, Stock Market, Options, Private Equity fund, Crowdfunding",White,United Kingdom,United Kingdom,NA,199.0000224,1,high,high
36,36,339,TRUE,2022-11-30T14:46:29Z,yes,1920x1080,7.704,7.704,179.395,1,6.16,6.16,6.804,1,60,Agree,Neither agree nor disagree,Agree,Agree,Disagree,Agree,Agree,Neither agree nor disagree,Strongly agree,Neither agree nor disagree,Agree,27,Female,0,Other,I have read this text carefully,HR technology,36,high,high,NA,"Government Bonds, ETF or ETC, Private Equity fund",White,United Kingdom,United Kingdom,Full-Time,161.00000640000002,1,high,high
38,38,485,TRUE,2022-11-30T14:46:45Z,yes,1536x864,19.898,19.898,357.054,1,4.878,4.878,5.46,1,70,Neither agree nor disagree,Agree,Agree,Agree,Agree,Agree,Strongly agree,Neither agree nor disagree,Strongly agree,Neither agree nor disagree,Agree,34,Female,2,Other,I have read this text carefully,HR technology,38,low,low,NA,"ETF or ETC, Government Bonds, Stock Market, Private Equity fund",Asian,Canada,Canada,Full-Time,328.999968,1,low,low
39,39,380,TRUE,2022-11-30T14:48:14Z,yes,1536x864,9.905,15.894,242.942,2,8.447,8.447,9.611,1,80,Agree,Strongly agree,Agree,Agree,Neither agree nor disagree,Agree,Agree,Agree,Agree,Agree,Neither agree nor disagree,38,Female,1,Other,I have read this carefully,HR technology,39,low,high,NA,"Crowdfunding, Stock Market",White,United Kingdom,United Kingdom,Unemployed (and job seeking),220.999968,1,low,high
42,42,329,TRUE,2022-11-30T14:49:01Z,yes,1280x720,9.919,9.919,214.136,1,4.168,4.168,5.542,1,29,Agree,Agree,Agree,Agree,Neither agree nor disagree,Neither agree nor disagree,Strongly agree,Agree,Agree,Agree,Neither agree nor disagree,55,Female,20,Other,I have read this text carefully,HR technology,42,low,high,NA,"Government Bonds, Stock Market, Unit trusts, Crowdfunding",White,United Kingdom,United Kingdom,NA,178.9999776,1,low,high
43,43,214,TRUE,2022-11-30T14:49:37Z,yes,390x844,3.614,90.215,92.955,3,10.361,10.361,11.047,1,30,Agree,Agree,Disagree,Agree,Agree,Neither agree nor disagree,Neither agree nor disagree,Neither agree nor disagree,Agree,Agree,Agree,34,Female,3,Other,I have read this text carefully,HR technology,43,high,high,mobile,"Stock Market, Private Equity fund",White,United Kingdom,United Kingdom,Full-Time,65.000016,0.92000002,high,high
45,45,735,TRUE,2022-11-30T14:49:59Z,yes,1366x768,14.172,338.336,339.257,2,7.002,11.004,12.502,2,40,Disagree,Agree,Neither agree nor disagree,Disagree,Disagree,Disagree,Neither agree nor disagree,Neither agree nor disagree,Agree,Neither agree nor disagree,Neither agree nor disagree,55,Male,0,Other,I have read this text carefully,HR technology,45,low,high,NA,"Stock Market, ETF or ETC, Private Equity fund, Government Bonds",White,Canada,Canada,Full-Time,309.0000096,1,low,high
46,46,167,TRUE,2022-11-30T14:50:41Z,yes,1280x720,9.991,84.453,85.378,3,3.119,4.05,5.016,2,36,Agree,Neither agree nor disagree,Neither agree nor disagree,Agree,Agree,Neither agree nor disagree,Neither agree nor disagree,Neither agree nor disagree,Neither agree nor disagree,Neither agree nor disagree,Agree,44,Male,3,Other,'I have read this text carefully ',HR technology,46,low,high,NA,Crowdfunding,White,United Kingdom,United Kingdom,Full-Time,67.0000032,1,low,high
47,47,385,TRUE,2022-11-30T14:50:45Z,yes,1795x1010,12.06,12.06,206.79,1,6.61,6.61,7.838,1,35,Strongly agree,Strongly agree,Strongly agree,Agree,Strongly agree,Agree,Strongly agree,Strongly agree,Strongly agree,Strongly agree,Strongly agree,50,Male,0,Other,I have read the text carefully,HR technology,47,high,low,NA,"Government Bonds, ETF or ETC, Stock Market, Unit trusts, Private Equity fund, Venture Capital fund",White,United Kingdom,United Kingdom,Full-Time,172.00002239999998,0.92000002,high,low
48,48,294,TRUE,2022-11-30T14:51:08Z,yes,1920x1080,10.878,10.878,187.18,1,6.082,6.082,7.231,1,20,Disagree,Agree,Neither agree nor disagree,Neither agree nor disagree,Agree,Neither agree nor disagree,Disagree,Neither agree nor disagree,Agree,Disagree,Neither agree nor disagree,57,Female,10,Other,I have read this text carefully,HR technology,48,high,low,NA,"Government Bonds, Stock Market, Unit trusts, Crowdfunding",White,United Kingdom,United Kingdom,Part-Time,144.0000288,1,high,low
49,49,178,TRUE,2022-11-30T14:51:25Z,yes,1680x1050,5.321,5.321,17.839,1,4.145,4.145,5.1,1,60,Agree,Agree,Agree,Agree,Agree,Neither agree nor disagree,Agree,Neither agree nor disagree,Strongly agree,Neither agree nor disagree,Agree,31,Male,2,Other,I have read this text carefully,HR technology,49,high,high,NA,"ETF or ETC, Government Bonds, Stock Market, Options, Crowdfunding",White,United Kingdom,United Kingdom,Full-Time,79.0000128,1,high,high
50,50,362,TRUE,2022-11-30T14:51:48Z,yes,1920x1080,11.622,11.622,239.028,1,6.282,6.282,7.207,1,27,Disagree,Neither agree nor disagree,Disagree,Neither agree nor disagree,Disagree,Neither agree nor disagree,Disagree,Neither agree nor disagree,Neither agree nor disagree,Disagree,Neither agree nor disagree,44,Male,10,Other,I have read this text carefully,HR technology,50,low,low,NA,"Stock Market, Venture Capital fund",Asian,United Kingdom,United Kingdom,Full-Time,165.9999744,1,low,low
51,51,569,TRUE,2022-11-30T14:51:59Z,yes,1280x720,22.922,22.922,370.465,1,17.527,25.87,26.961,2,20,Neither agree nor disagree,Neither agree nor disagree,Neither agree nor disagree,Agree,Neither agree nor disagree,Disagree,Neither agree nor disagree,Neither agree nor disagree,Neither agree nor disagree,Disagree,Disagree,55,Male,10,Other,I have read this text carefully,HR technology,51,high,high,NA,"Government Bonds, Stock Market, Unit trusts, Crowdfunding, Other",White,United Kingdom,United Kingdom,Full-Time,345.0000384,1,high,high
53,53,442,TRUE,2022-11-30T14:52:15Z,yes,1280x720,8.482,314.983,315.784,3,6.36,6.36,7.355,1,75,Agree,Agree,Agree,Agree,Neither agree nor disagree,Disagree,Neither agree nor disagree,Neither agree nor disagree,Agree,Agree,Disagree,39,Male,0,Other,I have read this text carefully,HR technology,53,low,high,NA,Crowdfunding,White,United Kingdom,United Kingdom,Full-Time,275.9999616,1,low,high
54,54,377,TRUE,2022-11-30T14:52:32Z,yes,1920x1080,11.823,11.823,144.249,1,3.555,5.957,6.703,4,70,Agree,Agree,Agree,Agree,Agree,Neither agree nor disagree,Agree,Neither agree nor disagree,Agree,Agree,Agree,51,Male,25,Other,I have read this text carefully,HR technology,54,high,low,NA,"ETF or ETC, Government Bonds, Stock Market, Unit trusts, Venture Capital fund, Crowdfunding, Other",White,United Kingdom,United Kingdom,Full-Time,121.9999968,1,high,low
56,56,392,TRUE,2022-11-30T14:52:46Z,yes,1024x640,24.129,24.129,277.252,1,8.883,8.883,10.146,1,9,Agree,Agree,Strongly agree,Agree,Neither agree nor disagree,Agree,Agree,Agree,Agree,Neither agree nor disagree,Agree,56,Female,10,Other,I have read this text carefully,HR technology,56,low,high,NA,"Stock Market, Unit trusts, Angel syndicate",White,United Kingdom,United Kingdom,Full-Time,233.99997119999998,1,low,high
57,57,329,TRUE,2022-11-30T14:52:48Z,yes,1920x1080,3.865,8.154,212.161,2,3.45,5.91,9.864,2,60,Agree,Strongly agree,Agree,Strongly agree,Neither agree nor disagree,Neither agree nor disagree,Agree,Agree,Agree,Strongly agree,Strongly agree,31,Female,6,Other,I have read this text carefully,HR technology,57,low,high,NA,"ETF or ETC, Stock Market, Private Equity fund, Crowdfunding, Other",White,Canada,Canada,Full-Time,80.0000064,1,low,high
58,58,429,TRUE,2022-11-30T14:52:59Z,yes,1536x864,11.748,193.982,194.472,2,3.217,3.217,4.045,1,22,Disagree,Agree,Agree,Neither agree nor disagree,Neither agree nor disagree,Neither agree nor disagree,Neither agree nor disagree,Agree,Disagree,Disagree,Disagree,57,Female,25,Other,I have read this text carefully,HR technology,58,high,low,NA,"Government Bonds, Stock Market, Unit trusts, Crowdfunding",White,United Kingdom,United Kingdom,Full-Time,159.0000192,1,high,low
61,61,279,TRUE,2022-11-30T14:53:23Z,yes,1920x1080,6.999,6.999,126.783,1,6.572,6.572,7.609,1,41,Agree,Agree,Agree,Agree,Disagree,Disagree,Agree,Neither agree nor disagree,Neither agree nor disagree,Neither agree nor disagree,Agree,32,Female,0,Other,I have read this text carefully,HR technology,61,high,low,NA,"Crowdfunding, Private Equity fund, Government Bonds",Asian,United Kingdom,China,Unemployed (and job seeking),100.9999584,1,high,low
62,62,244,TRUE,2022-11-30T14:53:35Z,yes,1536x864,9.962,9.962,157.349,1,4.542,4.542,5.635,1,34,Neither agree nor disagree,Neither agree nor disagree,Agree,Disagree,Neither agree nor disagree,Disagree,Agree,Neither agree nor disagree,Agree,Agree,Agree,49,Female,20,Other,I have read this text carefully,HR technology,62,high,high,NA,"Stock Market, ETF or ETC, Government Bonds, Private Equity fund",White,United Kingdom,United Kingdom,NA,129.0000384,1,high,high
63,63,152,TRUE,2022-11-30T14:53:55Z,yes,1536x864,11.642,11.642,37.575,1,29.032,29.032,30.244,1,34,Neither agree nor disagree,Agree,Neither agree nor disagree,Neither agree nor disagree,Agree,Agree,Agree,Agree,Agree,Disagree,Neither agree nor disagree,44,Female,5,Other,I have read this text carefully,HR technology,63,high,high,NA,"Stock Market, Crowdfunding, Private Equity fund",White,United Kingdom,United Kingdom,Full-Time,40.0000032,1,high,high
64,64,284,TRUE,2022-11-30T14:54:26Z,yes,1366x768,18.315,18.315,166.309,1,1.479,9.418,10.085,2,70,Neither agree nor disagree,Strongly agree,Agree,Agree,Disagree,Strongly disagree,Agree,Disagree,Agree,Neither agree nor disagree,Agree,30,Male,0,Other,I have read this text carefully,HR technology,64,high,high,NA,"Crowdfunding, Stock Market",White,United Kingdom,United Kingdom,Full-Time,143.0000352,1,high,high
65,65,499,TRUE,2022-11-30T14:54:53Z,yes,1670x940,13.609,13.609,259.673,1,3.686,3.686,4.875,1,89,Strongly agree,Strongly agree,Strongly agree,Agree,Agree,Agree,Strongly agree,Strongly agree,Strongly agree,Agree,Strongly agree,57,Male,20,Other,I have read this text carefully,HR technology,65,high,high,NA,"Government Bonds, Stock Market, Unit trusts, Options, Private Equity fund",White,United Kingdom,United Kingdom,Full-Time,227.000016,1,high,high
66,66,253,TRUE,2022-11-30T14:55:46Z,yes,1920x1200,5.819,5.819,74.675,1,2.867,2.867,4.249,1,0,Disagree,Disagree,Disagree,Disagree,Neither agree nor disagree,Neither agree nor disagree,Agree,Neither agree nor disagree,Disagree,Neither agree nor disagree,Neither agree nor disagree,42,Male,4,Other,I have read this text carefully,HR technology,66,high,high,NA,Crowdfunding,White,United Kingdom,United Kingdom,Full-Time,52.00001280000001,1,high,high
67,67,284,TRUE,2022-11-30T14:55:50Z,yes,1280x720,14.191,16.791,182.808,2,4.349,4.349,5.489,1,33,Strongly agree,Strongly agree,Agree,Agree,Neither agree nor disagree,Neither agree nor disagree,Agree,Agree,Agree,Strongly agree,Strongly agree,32,Female,4,Other,I have read this text carefully,HR technology,67,high,low,NA,"ETF or ETC, Stock Market, Crowdfunding",White,United Kingdom,Romania,Full-Time,149.9999904,1,high,low
68,68,303,TRUE,2022-11-30T14:56:00Z,yes,1440x900,0,0,3.757,0,152.186,157.099,179.027,2,30,Neither agree nor disagree,Agree,Agree,Agree,Agree,Agree,Agree,Agree,Neither agree nor disagree,Neither agree nor disagree,Strongly agree,26,Male,4,Other,i have read this carefully,HR technology,68,high,low,NA,"Crowdfunding, Stock Market, ETF or ETC, Government Bonds, Private Equity fund",White,United Kingdom,United Kingdom,Full-Time,116.0000352,1,high,low
69,69,247,TRUE,2022-11-30T14:56:05Z,yes,1366x768,0.931,8.25,101.395,3,4.381,5.641,6.816,2,60,Agree,Strongly agree,Agree,Strongly agree,Agree,Agree,Agree,Agree,Agree,Strongly agree,Agree,34,Male,6,Other,I have read this text carefully,HR technology,69,low,high,NA,"Stock Market, Other, Crowdfunding",White,United Kingdom,United Kingdom,Full-Time,81.9999936,1,low,high
71,71,686,TRUE,2022-11-30T14:56:26Z,yes,810x1080,23.188,23.188,484.206,1,10.151,16.135,17.168,2,40,Agree,Strongly agree,Agree,Agree,Agree,Neither agree nor disagree,Strongly agree,Neither agree nor disagree,Agree,Strongly agree,Strongly agree,60,Male,6,Other,I have read this text carefully.,HR technology,71,low,high,NA,"Government Bonds, Stock Market, Private Equity fund",White,United Kingdom,United Kingdom,Full-Time,421.9999776,1,low,high
76,76,631,TRUE,2022-11-30T14:58:48Z,yes,1366x768,28.643,28.643,262.899,1,13.917,15.871,16.799,2,58,Neither agree nor disagree,Agree,Neither agree nor disagree,Agree,Strongly disagree,Disagree,Strongly disagree,Neither agree nor disagree,Agree,Neither agree nor disagree,Neither agree nor disagree,61,Female,0,Other,I have read this text carefully,HR technology,76,low,low,NA,"Venture Capital fund, Unit trusts",White,United Kingdom,United Kingdom,NA,208.99995840000003,1,low,low
77,77,476,TRUE,2022-11-30T14:58:54Z,yes,1920x1080,27.189,27.189,266.72,1,8.905,8.905,9.712,1,75,Neither agree nor disagree,Agree,Agree,Agree,Agree,Agree,Agree,Agree,Agree,Agree,Agree,44,Male,2,Other,I have read this text carefully,HR technology,77,low,high,NA,"Government Bonds, Stock Market, Private Equity fund",Asian,United Kingdom,United Kingdom,Full-Time,216,1,low,high
78,78,1505,TRUE,2022-11-30T14:59:00Z,yes,1920x1080,9.576,9.576,364.891,1,5.665,5.665,8.064,1,70,Neither agree nor disagree,Agree,Neither agree nor disagree,Strongly agree,Disagree,Neither agree nor disagree,Agree,Agree,Disagree,Agree,Agree,42,Female,0,Other,I have read this text carefully,HR technology,78,low,high,NA,Crowdfunding,White,Canada,Canada,Full-Time,293.0000256,1,low,high
79,79,296,TRUE,2022-11-30T14:59:04Z,yes,360x740,5.131,8.125,150.171,2,2.639,2.639,3.244,1,72,Agree,Agree,Agree,Agree,Neither agree nor disagree,Disagree,Strongly agree,Agree,Strongly agree,Neither agree nor disagree,Agree,38,Female,0,Other,I have read this text carefully,HR technology,79,low,high,mobile,Crowdfunding,White,United Kingdom,United Kingdom,"Not in paid work (e.g. homemaker', 'retired or disabled)",68.9999904,1,low,high
80,80,699,TRUE,2022-11-30T14:59:24Z,yes,1280x720,6.784,6.784,360.969,1,2.978,5.817,6.8,2,10,Strongly disagree,Disagree,Strongly disagree,Neither agree nor disagree,Strongly disagree,Strongly disagree,Disagree,Agree,Neither agree nor disagree,Disagree,Disagree,74,Female,11,Other,I have read this text carefully,HR technology,80,low,low,NA,"Government Bonds, Crowdfunding, Other",White,United Kingdom,United Kingdom,"Not in paid work (e.g. homemaker', 'retired or disabled)",350.00000639999996,0.5,low,low
81,81,429,TRUE,2022-11-30T14:59:41Z,yes,1280x720,21.105,22.914,194.176,2,3.935,8.145,24.04,2,20,Neither agree nor disagree,Neither agree nor disagree,Agree,Agree,Neither agree nor disagree,Neither agree nor disagree,Neither agree nor disagree,Neither agree nor disagree,Neither agree nor disagree,Disagree,Neither agree nor disagree,55,Male,0,Other,I have read the text carefully,HR technology,81,high,high,NA,"ETF or ETC, Stock Market, Private Equity fund",White,United Kingdom,United Kingdom,"Not in paid work (e.g. homemaker', 'retired or disabled)",162.9999936,1,high,high
84,84,397,TRUE,2022-11-30T15:00:11Z,yes,1280x720,12.053,241.932,242.424,3,9.566,9.566,10.363,1,15,Agree,Strongly agree,Agree,Strongly agree,Neither agree nor disagree,Agree,Agree,Agree,Strongly agree,Disagree,Neither agree nor disagree,32,Female,6,Other,I have read this text carefully,HR technology,84,low,low,NA,"Stock Market, ETF or ETC, Crowdfunding",White,United Kingdom,Bulgaria,Full-Time,215.00000640000002,1,low,low
85,85,175,TRUE,2022-11-30T15:00:31Z,yes,1920x1080,4.557,4.557,92.914,1,2.544,2.544,3.412,1,22,Neither agree nor disagree,Agree,Agree,Agree,Neither agree nor disagree,Neither agree nor disagree,Neither agree nor disagree,Neither agree nor disagree,Agree,Neither agree nor disagree,Neither agree nor disagree,44,Male,0,Other,I have read this text carefully,HR technology,85,high,low,NA,"Crowdfunding, Stock Market, Other",White,United Kingdom,United Kingdom,Part-Time,44.9999712,1,high,low
88,88,178,TRUE,2022-11-30T15:01:22Z,yes,1536x864,1.309,3.502,7.192,3,0.952,51.218,60.39,3,59,Disagree,Agree,Disagree,Strongly disagree,Neither agree nor disagree,Strongly agree,Agree,Agree,Strongly agree,Disagree,Strongly agree,35,Male,0,Other,I have read this text carefully,HR technology,88,low,high,NA,"ETF or ETC, Stock Market, Crowdfunding",Asian,United States,Canada,Full-Time,58.999968,1,low,high
89,89,155,TRUE,2022-11-30T15:01:32Z,yes,412x869,0.82,3.468,86.17,2,5.405,5.405,6.222,1,40,Neither agree nor disagree,Agree,Agree,Agree,Agree,Agree,Neither agree nor disagree,Agree,Strongly agree,Agree,Neither agree nor disagree,21,Male,2,Other,I have read this text carefully,HR technology,89,low,high,mobile,"Crowdfunding, Stock Market, Government Bonds",White,United Kingdom,United Kingdom,Full-Time,78.0000192,1,low,high
90,90,195,TRUE,2022-11-30T15:01:37Z,yes,1536x864,6.371,16.603,108.495,2,3.76,3.76,4.598,1,75,Agree,Strongly agree,Strongly agree,Strongly agree,Agree,Agree,Strongly agree,Strongly agree,Agree,Agree,Agree,34,Female,5,Other,I have read this text carefully,HR technology,90,high,high,NA,"Government Bonds, Stock Market, Crowdfunding",White,United Kingdom,United Kingdom,Part-Time,84.99997440000001,1,high,high
91,91,251,TRUE,2022-11-30T15:01:58Z,yes,1920x1080,8.526,8.526,138.219,1,4.96,4.96,5.716,1,71,Agree,Agree,Agree,Agree,Disagree,Disagree,Agree,Agree,Agree,Neither agree nor disagree,Neither agree nor disagree,43,Female,2,Other,I have read this text carefully,HR technology,91,low,high,NA,"Stock Market, Unit trusts, Private Equity fund",White,United Kingdom,United Kingdom,Full-Time,111.9999744,1,low,high
92,92,126,TRUE,2022-11-30T15:02:01Z,yes,1920x1080,1.931,1.931,23.417,1,6.449,6.449,7.117,1,5,Agree,Agree,Agree,Agree,Agree,Agree,Strongly agree,Agree,Agree,Agree,Agree,32,Male,5,Other,I have read this text carefully,HR technology,92,low,low,NA,"ETF or ETC, Government Bonds, Stock Market, Unit trusts, Options, Private Equity fund, Crowdfunding",White,United Kingdom,United Kingdom,Full-Time,31.999968000000003,0.75,low,low
94,94,532,TRUE,2022-11-30T15:02:07Z,yes,1536x864,1.314,365.478,367.281,8,4.785,5.778,6.23,2,18,Disagree,Agree,Neither agree nor disagree,Disagree,Strongly disagree,Disagree,Strongly disagree,Disagree,Disagree,Disagree,Neither agree nor disagree,29,Female,2,Other,I have read this text carefully,HR technology,94,high,low,NA,"ETF or ETC, Stock Market, Crowdfunding",White,United Kingdom,Italy,Full-Time,282.0000096,1,high,low
96,96,484,TRUE,2022-11-30T15:02:15Z,yes,1476x830,20.997,20.997,342.866,1,6.217,9.002,10.466,2,60,Agree,Agree,Strongly agree,Agree,Neither agree nor disagree,Neither agree nor disagree,Agree,Agree,Strongly agree,Neither agree nor disagree,Strongly agree,52,Female,1,Other,I have read this text carefully,HR technology,96,high,high,NA,Crowdfunding,White,United Kingdom,United Kingdom,Full-Time,298.9999872,1,high,high
97,97,380,TRUE,2022-11-30T15:02:46Z,yes,375x667,6.606,16.021,208.384,2,4.738,8.029,15.99,2,15,Strongly disagree,Agree,Neither agree nor disagree,Agree,Neither agree nor disagree,Agree,Agree,Agree,Agree,Strongly disagree,Strongly disagree,42,Female,2,Other,I have read this text carefully.,HR technology,97,high,high,mobile,"Private Equity fund, Stock Market, Other",White,United Kingdom,United Kingdom,Part-Time,183.00003840000002,0.92000002,high,high
98,98,574,TRUE,2022-11-30T15:02:55Z,yes,1920x1200,95.465,95.465,370.172,1,39.013,44.198,48.674,3,25,Agree,Agree,Agree,Agree,Agree,Disagree,Agree,Agree,Agree,Disagree,Disagree,46,Male,15,Other,I have read this text carefully,HR technology,98,high,high,NA,"ETF or ETC, Stock Market, Crowdfunding",Asian,United Kingdom,United Kingdom,Full-Time,175.00000319999998,1,high,high
99,99,417,TRUE,2022-11-30T15:03:13Z,yes,1536x864,8.145,8.145,234.891,1,15.904,15.904,17.823,1,25,Agree,Agree,Agree,Agree,Agree,Agree,Agree,Agree,Agree,Neither agree nor disagree,Agree,37,Male,0,Other,I have read this text carefully,HR technology,99,high,low,NA,"Stock Market, Crowdfunding",White,United Kingdom,United Kingdom,Full-Time,207.9999648,1,high,low
101,101,180,TRUE,2022-11-30T15:03:30Z,yes,1920x1080,4.018,6.682,10.27,2,37.212,37.212,38.263,1,70,Neither agree nor disagree,Agree,Agree,Neither agree nor disagree,Neither agree nor disagree,Neither agree nor disagree,Agree,Neither agree nor disagree,Neither agree nor disagree,Agree,Agree,30,Female,0,Other,"I have read this text carefully
",HR technology,101,high,high,NA,"Stock Market, Crowdfunding",White,United Kingdom,United Kingdom,Part-Time,57.999974400000006,0.92000002,high,high
102,102,313,TRUE,2022-11-30T15:03:34Z,yes,412x915,14.748,14.748,199.285,1,4.524,4.524,5.278,1,82,Agree,Agree,Agree,Agree,Agree,Agree,Agree,Agree,Agree,Agree,Agree,40,Female,2,Other,I have read this text carefully,HR technology,102,high,low,mobile,"Stock Market, Crowdfunding",White,United Kingdom,United Kingdom,"Not in paid work (e.g. homemaker', 'retired or disabled)",63.000028799999995,1,high,low
103,103,221,TRUE,2022-11-30T15:03:36Z,yes,1920x1080,2.322,2.322,121.11,1,24.636,24.636,25.94,1,60,Agree,Agree,Agree,Agree,Disagree,Neither agree nor disagree,Neither agree nor disagree,Neither agree nor disagree,Agree,Neither agree nor disagree,Agree,59,Male,5,Other,I have read this text carefully,HR technology,103,low,high,NA,"Unit trusts, Crowdfunding, Other",White,United Kingdom,United Kingdom,Full-Time,117.00002880000001,1,low,high
104,104,203,TRUE,2022-11-30T15:03:48Z,yes,1536x864,2.606,2.606,124.821,1,3.517,3.517,4.8,1,0,Neither agree nor disagree,Neither agree nor disagree,Neither agree nor disagree,Agree,Agree,Agree,Agree,Strongly agree,Agree,Disagree,Neither agree nor disagree,58,Male,22,Other,I have read this text carefully,HR technology,104,high,low,NA,"Government Bonds, Stock Market, Private Equity fund",White,United Kingdom,United Kingdom,Full-Time,108.9999936,1,high,low
107,107,317,TRUE,2022-11-30T15:04:47Z,yes,2048x1152,4.551,4.551,196.197,1,2.093,8.213,9.419,2,60,Agree,Agree,Strongly agree,Agree,Disagree,Disagree,Strongly agree,Agree,Agree,Disagree,Disagree,27,Female,0,Other,I have read this text carefully,HR technology,107,high,low,NA,"ETF or ETC, Crowdfunding",White,United Kingdom,United Kingdom,Full-Time,181.9999584,1,high,low
109,109,295,TRUE,2022-11-30T15:05:22Z,yes,2560x1440,0,0,186.992,0,55.33,55.33,55.954,1,35,Agree,Agree,Agree,Neither agree nor disagree,Strongly disagree,Neither agree nor disagree,Agree,Neither agree nor disagree,Agree,Agree,Neither agree nor disagree,44,Male,15,Other,I have read this text carefully,HR technology,109,high,high,NA,"Stock Market, Crowdfunding, Government Bonds",White,United States,United States,Full-Time,93.00000960000001,1,high,high
110,110,199,TRUE,2022-11-30T15:05:29Z,yes,1536x864,4.801,93.82,95.586,2,2.949,4.89,6.056,3,50,Neither agree nor disagree,Agree,Neither agree nor disagree,Agree,Disagree,Disagree,Disagree,Neither agree nor disagree,Neither agree nor disagree,Neither agree nor disagree,Neither agree nor disagree,37,Male,4,Other,I have read this text carefully,HR technology,110,low,high,NA,"Crowdfunding, Government Bonds",White,United Kingdom,United Kingdom,Full-Time,89.0000352,1,low,high
114,114,781,TRUE,2022-11-30T15:06:14Z,yes,412x883,523.489,540.956,658.031,3,4.224,4.224,5.264,1,36,Agree,Strongly agree,Agree,Agree,Neither agree nor disagree,Neither agree nor disagree,Neither agree nor disagree,Agree,Agree,Agree,Agree,43,Female,4,Other,I have read this text carefully,HR technology,114,low,low,mobile,"Stock Market, Government Bonds, Private Equity fund, Crowdfunding, Venture Capital fund",White,United Kingdom,United Kingdom,Full-Time,84.99997440000001,1,low,low
116,116,370,TRUE,2022-11-30T15:06:51Z,yes,2560x1080,52.985,106.563,143.195,22,14.388,44.829,45.212,2,10,Neither agree nor disagree,Strongly agree,Agree,Agree,Agree,Neither agree nor disagree,Neither agree nor disagree,Neither agree nor disagree,Agree,Agree,Strongly agree,34,Male,2.5,Other,I have read this text carefully,HR technology,116,low,low,NA,"ETF or ETC, Stock Market, Other, Crowdfunding",White,United Kingdom,United Kingdom,Full-Time,69.999984,1,low,low
119,119,505,TRUE,2022-11-30T15:07:06Z,yes,390x844,11.772,79.798,303.504,3,9.446,9.446,11.215,1,15,Disagree,Agree,Agree,Disagree,Neither agree nor disagree,Neither agree nor disagree,Agree,Agree,Agree,Disagree,Agree,51,Male,4,Other,I have read this text carefully,HR technology,119,low,low,mobile,"Stock Market, Other, Angel syndicate",White,United Kingdom,United Kingdom,Full-Time,504.9999648,1,low,low
120,120,457,TRUE,2022-11-30T15:07:08Z,yes,384x854,2.742,10.009,305.821,2,7.955,7.955,8.767,1,20,Strongly agree,Strongly agree,Neither agree nor disagree,Strongly agree,Agree,Agree,Agree,Agree,Strongly agree,Agree,Strongly agree,41,Male,8,Other,I have read this text carefully,HR technology,120,high,high,mobile,"Crowdfunding, Stock Market, Government Bonds, ETF or ETC, Other",White,United Kingdom,United Kingdom,Full-Time,267.0000192,1,high,high
121,121,586,TRUE,2022-11-30T15:07:33Z,yes,1920x1080,19.687,19.687,409.203,1,9.335,9.335,10.365,1,15,Agree,Agree,Agree,Agree,Agree,Agree,Agree,Agree,Agree,Agree,Agree,56,Male,14,Other,I have read this text carefully,HR technology,121,high,high,NA,"ETF or ETC, Stock Market, Private Equity fund, Crowdfunding, Venture Capital fund",White,United Kingdom,United Kingdom,Full-Time,322.00001280000004,1,high,high
122,122,333,TRUE,2022-11-30T15:07:40Z,yes,1536x864,11.072,11.072,204.5,1,8.805,8.805,10.041,1,45,Disagree,Agree,Agree,Agree,Agree,Agree,Agree,Agree,Agree,Disagree,Disagree,33,Male,3,Other,I have read this text carefully,HR technology,122,low,high,NA,"ETF or ETC, Stock Market, Crowdfunding, Other",White,United Kingdom,United Kingdom,Other,183.00003840000002,1,low,high
125,125,475,TRUE,2022-11-30T15:08:16Z,yes,1280x720,8.142,10.966,235.091,2,8.883,12.739,13.641,2,60,Strongly agree,Strongly agree,Strongly agree,Agree,Agree,Neither agree nor disagree,Strongly agree,Agree,Agree,Neither agree nor disagree,Agree,59,Female,30,Other,I have read this text carefully,HR technology,125,low,low,NA,"Stock Market, Angel syndicate, Venture Capital fund, Crowdfunding",White,United Kingdom,United Kingdom,Full-Time,213.0000192,1,low,low
126,126,228,TRUE,2022-11-30T15:08:27Z,yes,1536x864,4.341,4.341,103.812,1,1.904,5.6,6.955,4,2,Agree,Agree,Agree,Agree,Agree,Agree,Agree,Strongly agree,Strongly agree,Strongly agree,Agree,47,Female,8,Other,I have read this text carefully,HR technology,126,high,high,NA,"Other, Crowdfunding",White,United Kingdom,United Kingdom,Full-Time,91.00002239999999,1,high,high
127,127,209,TRUE,2022-11-30T15:08:32Z,yes,1280x720,11.098,11.098,79.988,1,5.307,5.307,6.738,1,71,Strongly agree,Agree,Strongly agree,Strongly agree,Agree,Agree,Agree,Neither agree nor disagree,Strongly agree,Agree,Strongly agree,49,Female,6,Other,I have read this text carefully,HR technology,127,high,high,NA,"Stock Market, Crowdfunding",White,United Kingdom,United Kingdom,Full-Time,219.99997439999999,1,high,high
128,128,198,TRUE,2022-11-30T15:08:42Z,yes,393x851,6.903,84.994,86.001,2,2.676,4.261,4.993,2,20,Neither agree nor disagree,Agree,Agree,Agree,Neither agree nor disagree,Neither agree nor disagree,Neither agree nor disagree,Neither agree nor disagree,Neither agree nor disagree,Neither agree nor disagree,Neither agree nor disagree,51,Male,4,Other,I have read this text carefully,HR technology,128,high,low,mobile,"ETF or ETC, Stock Market, Crowdfunding",White,United Kingdom,United Kingdom,Full-Time,64.00002239999999,1,high,low
131,131,344,TRUE,2022-11-30T15:08:56Z,yes,810x1080,9.333,9.333,246.426,1,2.95,5.101,6.638,3,0,Disagree,Disagree,Agree,Strongly agree,Strongly disagree,Strongly disagree,Disagree,Neither agree nor disagree,Agree,Agree,Agree,59,Male,3,Other,I have read this text carefully,HR technology,131,high,low,NA,"ETF or ETC, Government Bonds, Unit trusts, Stock Market, Venture Capital fund, Crowdfunding",White,United Kingdom,United Kingdom,"Not in paid work (e.g. homemaker', 'retired or disabled)",173.00001600000002,1,high,low
132,132,351,TRUE,2022-11-30T15:09:03Z,yes,1536x864,60.063,60.063,176.805,1,7.472,7.472,8.803,1,25,Agree,Agree,Strongly agree,Neither agree nor disagree,Agree,Agree,Neither agree nor disagree,Agree,Agree,Agree,Agree,31,Male,2,Other,I have read this text carefully,HR technology,132,low,low,NA,"Government Bonds, Stock Market, Unit trusts, Crowdfunding",White,United Kingdom,United Kingdom,Full-Time,135.9999936,1,low,low
133,133,262,TRUE,2022-11-30T15:09:34Z,yes,1920x1080,4.988,4.988,9.702,1,63.059,64.373,65.429,2,3,Strongly disagree,Strongly agree,Agree,Agree,Agree,Agree,Agree,Agree,Agree,Strongly disagree,Disagree,50,Female,3,Other,I have read this text carefully,HR technology,133,low,high,NA,"Government Bonds, Stock Market, Crowdfunding",White,United States,United States,NA,67.0000032,1,low,high
134,134,410,TRUE,2022-11-30T15:09:45Z,yes,600x960,104.23,104.23,306.622,1,2.638,5.465,6.228,2,65,Agree,Strongly agree,Agree,Agree,Agree,Neither agree nor disagree,Agree,Agree,Agree,Disagree,Neither agree nor disagree,37,Male,7,Other,I have read this text carefully.,HR technology,134,low,high,mobile,"Stock Market, Private Equity fund, ETF or ETC, Crowdfunding, Other",White,United Kingdom,United Kingdom,Full-Time,54.999993599999996,0.92000002,low,high
135,135,566,TRUE,2022-11-30T15:10:02Z,yes,1920x1080,73.374,215.745,426.846,282,7.697,10.632,11.243,2,30,Neither agree nor disagree,Neither agree nor disagree,Agree,Neither agree nor disagree,Neither agree nor disagree,Neither agree nor disagree,Agree,Disagree,Agree,Neither agree nor disagree,Neither agree nor disagree,24,Male,0,Other,I have read this text carefully,HR technology,135,high,low,NA,"ETF or ETC, Stock Market, Crowdfunding, Other",White,United Kingdom,United Kingdom,NA,205.99997760000002,1,high,low
137,137,338,TRUE,2022-11-30T15:10:04Z,yes,1470x956,12.68,12.68,112.052,1,8.511,8.511,9.403,1,85,Agree,Agree,Strongly agree,Agree,Neither agree nor disagree,Strongly agree,Agree,Agree,Strongly agree,Agree,Strongly agree,59,Female,3,Other,I have read this text carefully,HR technology,137,high,high,NA,Private Equity fund,White,United Kingdom,United Kingdom,"Not in paid work (e.g. homemaker', 'retired or disabled)",179.9999712,1,high,high
140,140,229,TRUE,2022-11-30T15:10:47Z,yes,486x1079,16.287,16.287,130.785,1,3.763,5.642,6.586,2,32,Agree,Agree,Agree,Agree,Agree,Agree,Strongly agree,Strongly agree,Agree,Agree,Neither agree nor disagree,44,Female,11,Other,I have read this text carefully,HR technology,140,high,high,mobile,"ETF or ETC, Stock Market, Crowdfunding",White,United Kingdom,United Kingdom,Full-Time,107.00000639999999,0.92000002,high,high
141,141,725,TRUE,2022-11-30T15:10:48Z,yes,1536x864,29.359,29.359,333.594,1,8.992,8.992,11.817,1,45,Agree,Agree,Agree,Agree,Neither agree nor disagree,Neither agree nor disagree,Neither agree nor disagree,Agree,Agree,Agree,Agree,64,Male,0,Other,I have read this text carefully,HR technology,141,low,high,NA,"Stock Market, Unit trusts, Private Equity fund",White,United Kingdom,United Kingdom,"Not in paid work (e.g. homemaker', 'retired or disabled)",380.99998079999995,1,low,high
143,143,827,TRUE,2022-11-30T15:10:55Z,yes,1366x768,77.699,77.699,418.574,1,8.606,14.619,16.11,5,45,Agree,Agree,Neither agree nor disagree,Agree,Disagree,Disagree,Agree,Neither agree nor disagree,Agree,Disagree,Disagree,35,Male,1,Other,I have read this text carefully,HR technology,143,low,low,NA,"ETF or ETC, Stock Market, Unit trusts, Private Equity fund, Crowdfunding",White,United Kingdom,United Kingdom,Full-Time,370.99995839999997,1,low,low
144,144,517,TRUE,2022-11-30T15:11:04Z,yes,1360x765,5.539,49.668,297.585,4,9.78,10.706,13.082,2,70,Strongly agree,Agree,Strongly agree,Neither agree nor disagree,Agree,Agree,Neither agree nor disagree,Agree,Agree,Agree,Strongly agree,60,Female,10,Other,I have read this text carefully,HR technology,144,high,low,NA,"Stock Market, Unit trusts, Crowdfunding",White,United Kingdom,Ireland,Part-Time,223.0000416,1,high,low
145,145,498,TRUE,2022-11-30T15:11:21Z,yes,1920x1080,5.981,5.981,7.193,1,339.107,339.107,339.988,1,27,Neither agree nor disagree,Strongly agree,Agree,Strongly agree,Disagree,Disagree,Strongly agree,Agree,Neither agree nor disagree,Neither agree nor disagree,Neither agree nor disagree,32,Male,0,Other,I have read this text carefully,HR technology,145,high,high,NA,"Venture Capital fund, Crowdfunding",White,United Kingdom,United Kingdom,Full-Time,77.0000256,1,high,high
146,146,167,TRUE,2022-11-30T15:11:31Z,yes,360x780,0.481,2.115,85.878,4,1.906,4.706,5.573,4,31,Disagree,Agree,Agree,Agree,Disagree,Disagree,Neither agree nor disagree,Neither agree nor disagree,Agree,Neither agree nor disagree,Neither agree nor disagree,32,Male,2,Other,I have read this text carefully,HR technology,146,low,high,mobile,"Stock Market, Unit trusts, Private Equity fund",White,United Kingdom,United Kingdom,Full-Time,75.0000384,0.82999998,low,high
147,147,245,TRUE,2022-11-30T15:11:41Z,yes,414x896,32.24,34.769,39.577,2,0.638,0.638,1,1,85,Disagree,Agree,Strongly agree,Agree,Disagree,Strongly disagree,Agree,Disagree,Neither agree nor disagree,Neither agree nor disagree,Disagree,25,Female,1,Other,I have read this text carefully,HR technology,147,high,high,NA,"Stock Market, ETF or ETC, Private Equity fund",Black,United States,Nigeria,Full-Time,92.000016,0.5,high,high
148,148,223,TRUE,2022-11-30T15:11:45Z,yes,375x812,0.884,8.723,128.373,6,3.554,4.219,4.997,2,58,Neither agree nor disagree,Agree,Agree,Agree,Agree,Neither agree nor disagree,Agree,Agree,Strongly agree,Disagree,Agree,43,Female,0,Other,I have read this text carefully,HR technology,148,low,high,mobile,Private Equity fund,White,United Kingdom,United Kingdom,Full-Time,111.9999744,1,low,high
149,149,682,TRUE,2022-11-30T15:11:53Z,yes,1280x720,2.46,341.866,342.103,2,5.229,5.229,5.685,1,70,Neither agree nor disagree,Strongly agree,Neither agree nor disagree,Strongly agree,Disagree,Agree,Neither agree nor disagree,Agree,Agree,Strongly disagree,Disagree,24,Male,0,Other,I have read this text carefully,HR technology,149,low,high,NA,"ETF or ETC, Government Bonds, Unit trusts, Crowdfunding",White,United Kingdom,United Kingdom,Full-Time,80.0000064,1,low,high
151,151,304,TRUE,2022-11-30T15:12:09Z,yes,393x852,5.226,183.772,184.649,4,5.429,9.861,10.392,3,66,Agree,Strongly agree,Agree,Strongly agree,Agree,Agree,Agree,Agree,Strongly agree,Agree,Agree,21,Male,0,Other,I have read this text carefully,HR technology,151,low,low,mobile,"Stock Market, Private Equity fund",White,United Kingdom,United Kingdom,Full-Time,162.9999936,0.92000002,low,low
152,152,341,TRUE,2022-11-30T15:12:11Z,yes,1366x768,46.585,46.585,195.872,1,5.754,5.754,6.68,1,88,Agree,Strongly agree,Neither agree nor disagree,Agree,Agree,Disagree,Agree,Agree,Strongly agree,Strongly agree,Strongly agree,54,Male,1,Other,I have read this text carefully,HR technology,152,low,low,NA,"ETF or ETC, Stock Market, Crowdfunding",White,United Kingdom,United Kingdom,Full-Time,135,1,low,low
153,153,554,TRUE,2022-11-30T15:12:14Z,yes,1366x768,19.753,19.753,328.764,1,15.33,15.33,17.142,1,20,Strongly disagree,Strongly agree,Agree,Neither agree nor disagree,Agree,Strongly agree,Agree,Agree,Strongly agree,Disagree,Disagree,56,Male,5,Other,I have read this text carefully,HR technology,153,high,low,NA,"ETF or ETC, Stock Market, Government Bonds, Private Equity fund",White,Canada,Canada,Full-Time,337.9999968,1,high,low
154,154,229,TRUE,2022-11-30T15:12:22Z,yes,1920x1080,3.075,3.075,122.433,1,2.804,9.214,10.242,2,2,Disagree,Agree,Agree,Neither agree nor disagree,Strongly agree,Strongly agree,Agree,Agree,Strongly agree,Disagree,Disagree,37,Male,2,Other,I have read this text carefully,HR technology,154,high,low,NA,"Stock Market, ETF or ETC, Options, Venture Capital fund, Other",Asian,United Kingdom,United Kingdom,Full-Time,126.99996479999999,1,high,low
156,156,297,TRUE,2022-11-30T15:12:46Z,yes,390x844,2.24,9.003,166.615,4,6.022,7.186,8.907,2,0,Agree,Agree,Agree,Agree,Agree,Agree,Agree,Agree,Agree,Agree,Agree,31,Male,0,Other,I have read this text carefully,HR technology,156,high,high,mobile,"ETF or ETC, Stock Market, Options, Crowdfunding",White,United States,Ireland,Full-Time,129.0000384,0.92000002,high,high
157,157,741,TRUE,2022-11-30T15:13:19Z,yes,2240x1260,33.896,33.896,559.894,1,13.759,13.759,15.2,1,29,Agree,Strongly agree,Neither agree nor disagree,Neither agree nor disagree,Agree,Agree,Agree,Agree,Neither agree nor disagree,Agree,Agree,74,Male,15,Other,I have read this textbcarefully,HR technology,157,low,high,NA,"Stock Market, Options, Private Equity fund, Crowdfunding, ETF or ETC",NA,United States,United States,NA,520.0000416,1,low,high
158,158,520,TRUE,2022-11-30T15:13:22Z,yes,1366x768,18.618,24.385,355.201,2,7.904,7.904,9.625,1,0,Neither agree nor disagree,Agree,Agree,Agree,Neither agree nor disagree,Neither agree nor disagree,Agree,Agree,Neither agree nor disagree,Disagree,Neither agree nor disagree,70,Male,20,Other,I have read this text carefully,HR technology,158,low,low,NA,"ETF or ETC, Government Bonds, Crowdfunding",White,United Kingdom,United Kingdom,Part-Time,301.99996799999997,1,low,low
160,160,251,TRUE,2022-11-30T15:13:42Z,yes,1476x830,11.451,11.451,102.908,1,6.201,13.032,14.042,7,44,Agree,Agree,Agree,Agree,Agree,Agree,Agree,Agree,Strongly agree,Agree,Strongly agree,56,Male,0,Other,I have read this text carefully,HR technology,160,low,high,NA,"Government Bonds, Stock Market, Unit trusts, Options, Crowdfunding",White,United Kingdom,United Kingdom,Full-Time,76.00003199999999,1,low,high
161,161,433,TRUE,2022-11-30T15:14:06Z,yes,1920x1080,11.632,11.632,299.11,1,2.423,3.621,5.657,2,4,Strongly disagree,Disagree,Disagree,Agree,Neither agree nor disagree,Neither agree nor disagree,Agree,Agree,Disagree,Strongly disagree,Disagree,73,Male,1,Other,I have read this text carefully,HR technology,161,low,high,NA,Private Equity fund,White,United Kingdom,United Kingdom,"Not in paid work (e.g. homemaker', 'retired or disabled)",258.999984,1,low,high
163,163,286,TRUE,2022-11-30T15:14:31Z,yes,1536x864,14.726,14.726,180.149,1,4.789,7.125,8.274,2,1,Agree,Agree,Agree,Neither agree nor disagree,Agree,Agree,Agree,Agree,Disagree,Disagree,Neither agree nor disagree,38,Male,6,Other,I have read this text carefully,HR technology,163,low,low,NA,"Stock Market, Crowdfunding",White,United Kingdom,United Kingdom,Full-Time,127.9999584,1,low,low
166,166,548,TRUE,2022-11-30T15:15:08Z,yes,1440x900,9.634,9.634,306.428,1,8.967,9.908,10.445,2,55,Neither agree nor disagree,Agree,Disagree,Agree,Agree,Neither agree nor disagree,Agree,Strongly agree,Agree,Neither agree nor disagree,Neither agree nor disagree,26,Female,2,Other,I have read this text carefully,HR technology,166,high,high,NA,"Venture Capital fund, ETF or ETC, Angel syndicate, Stock Market, Crowdfunding",Black,United Kingdom,United Kingdom,NA,284.9999904,1,high,high
170,170,243,TRUE,2022-11-30T15:15:50Z,yes,1366x768,5.24,144.63,145.379,2,6.122,6.122,7.478,1,60,Agree,Agree,Agree,Agree,Neither agree nor disagree,Disagree,Agree,Agree,Neither agree nor disagree,Agree,Strongly agree,23,Male,3,Other,I have read this text carefully,HR technology,170,low,low,NA,"Stock Market, Crowdfunding",White,United Kingdom,United Kingdom,Part-Time,131.0000256,1,low,low
171,171,267,TRUE,2022-11-30T15:16:02Z,yes,414x896,0.663,161.546,165.108,4,4.424,6.657,7.081,4,77,Neither agree nor disagree,Agree,Agree,Neither agree nor disagree,Neither agree nor disagree,Neither agree nor disagree,Agree,Agree,Agree,Agree,Agree,31,Male,0,Other,I have read this text carefully,HR technology,171,low,low,mobile,"Stock Market, Crowdfunding, ETF or ETC",White,United Kingdom,United Kingdom,Full-Time,429.0000192,1,low,low
172,172,271,TRUE,2022-11-30T15:16:06Z,yes,1920x1080,2.809,2.809,129.796,1,12.651,12.651,13.978,1,25,Agree,Agree,Neither agree nor disagree,Agree,Disagree,Disagree,Disagree,Neither agree nor disagree,Agree,Neither agree nor disagree,Strongly disagree,45,Male,3,Other,I have read this text carefully,HR technology,172,low,low,NA,"Stock Market, Crowdfunding",White,United Kingdom,United Kingdom,Part-Time,108,1,low,low
173,173,539,TRUE,2022-11-30T15:16:14Z,yes,1536x864,33.992,33.992,312.116,1,5.247,5.247,6.071,1,75,Agree,Agree,Neither agree nor disagree,Strongly agree,Neither agree nor disagree,Agree,Agree,Agree,Strongly agree,Agree,Agree,37,Male,10,Other,I have read this text carefully,HR technology,173,high,low,NA,"ETF or ETC, Stock Market, Venture Capital fund",White,United States,United States,"Not in paid work (e.g. homemaker', 'retired or disabled)",272.9999808,1,high,low
174,174,292,TRUE,2022-11-30T15:16:33Z,yes,1366x768,6.225,6.225,55.057,1,4.172,5.342,6.501,2,60,Agree,Strongly agree,Strongly agree,Agree,Agree,Agree,Strongly agree,Agree,Agree,Agree,Strongly agree,29,Male,5,Other,I have read this text carefully,HR technology,174,high,low,NA,"Private Equity fund, Stock Market, Government Bonds, ETF or ETC",Asian,United Kingdom,United Kingdom,NA,40.0000032,0.5,high,low
175,175,422,TRUE,2022-11-30T15:16:34Z,yes,414x896,57.846,57.846,263.159,1,2.87,2.87,3.325,1,34,Disagree,Neither agree nor disagree,Neither agree nor disagree,Agree,Neither agree nor disagree,Disagree,Disagree,Neither agree nor disagree,Disagree,Neither agree nor disagree,Neither agree nor disagree,41,Male,3,Other,I have read this text carefully,HR technology,175,low,high,mobile,"Stock Market, Private Equity fund, Crowdfunding",White,United Kingdom,United Kingdom,Full-Time,143.0000352,0.57999998,low,high
177,177,188,TRUE,2022-11-30T15:16:44Z,yes,390x844,1.549,102.467,103.79,4,1.967,1.967,2.485,1,0,Disagree,Neither agree nor disagree,Disagree,Agree,Disagree,Disagree,Disagree,Disagree,Neither agree nor disagree,Disagree,Disagree,32,Female,0,Other,I have read this text carefully,HR technology,177,high,low,mobile,Crowdfunding,White,United Kingdom,United Kingdom,Full-Time,91.00002239999999,1,high,low
178,178,1261,TRUE,2022-11-30T15:16:49Z,yes,1920x1080,18.071,19.935,1050.144,2,14.032,14.032,14.818,1,75,Agree,Agree,Strongly agree,Agree,Agree,Neither agree nor disagree,Agree,Neither agree nor disagree,Agree,Agree,Agree,33,Male,2,Other,I have read this text carefully' below,HR technology,178,low,high,NA,"ETF or ETC, Government Bonds, Stock Market, Venture Capital fund",White,United States,United States,NA,942.0000192,1,low,high
179,179,262,TRUE,2022-11-30T15:16:56Z,yes,1280x800,24.275,24.275,98.066,1,3.153,3.153,4.065,1,83,Strongly agree,Agree,Agree,Agree,Agree,Agree,Strongly agree,Agree,Agree,Strongly agree,Agree,35,Male,7,Other,I have read this text carefully,HR technology,179,high,high,NA,"Government Bonds, Stock Market, Unit trusts, Angel syndicate, Options, Private Equity fund, Venture Capital fund, ETF or ETC, Crowdfunding",White,United Kingdom,United Kingdom,NA,45.9999648,0.67000002,high,high
181,181,1075,TRUE,2022-11-30T15:17:10Z,yes,375x667,5.779,735.389,736.805,5,7.313,12.009,18.367,6,30,Disagree,Agree,Agree,Neither agree nor disagree,Disagree,Neither agree nor disagree,Agree,Agree,Neither agree nor disagree,Disagree,Disagree,55,Male,10,Other,I have read this text carefully.,HR technology,181,high,low,mobile,"Government Bonds, Stock Market, Private Equity fund, Venture Capital fund",White,United Kingdom,United Kingdom,Full-Time,1080,1,high,low
182,182,731,TRUE,2022-11-30T15:17:19Z,yes,1280x800,32.425,32.425,367.411,1,5.261,8.648,9.246,3,10,Agree,Agree,Agree,Neither agree nor disagree,Neither agree nor disagree,Neither agree nor disagree,Strongly agree,Neither agree nor disagree,Agree,Agree,Agree,28,Female,5,Other,I have read this text carefully,HR technology,182,low,low,NA,"Other, Angel syndicate",White,United Kingdom,Bulgaria,Full-Time,244.9999872,1,low,low
183,183,351,TRUE,2022-11-30T15:17:26Z,yes,1536x864,4.64,4.64,256.424,1,4.726,4.726,5.98,1,20,Neither agree nor disagree,Agree,Disagree,Agree,Agree,Agree,Agree,Neither agree nor disagree,Disagree,Disagree,Neither agree nor disagree,45,Male,9,Other,I have read this text carefully,HR technology,183,low,high,NA,"Stock Market, Crowdfunding, Unit trusts",White,United Kingdom,United Kingdom,Part-Time,126.99996479999999,1,low,high
184,184,205,TRUE,2022-11-30T15:18:33Z,yes,1280x720,9.496,9.496,89.081,1,5.527,7.767,8.728,2,65,Neither agree nor disagree,Agree,Agree,Agree,Neither agree nor disagree,Disagree,Neither agree nor disagree,Neither agree nor disagree,Agree,Neither agree nor disagree,Neither agree nor disagree,27,Male,2,Other,I have read this text carefully,HR technology,184,high,high,NA,"Other, Crowdfunding",Mixed,United Kingdom,United Kingdom,Part-Time,62.0000352,0.57999998,high,high
185,185,780,TRUE,2022-11-30T15:18:34Z,yes,1366x768,14.603,14.603,354.895,1,8.101,8.101,10.7,1,15,Neither agree nor disagree,Neither agree nor disagree,Neither agree nor disagree,Agree,Disagree,Disagree,Disagree,Disagree,Neither agree nor disagree,Disagree,Disagree,65,Male,3.5,Other,I have read this text carefully,HR technology,185,high,low,NA,"ETF or ETC, Stock Market, Unit trusts, Government Bonds, Crowdfunding, Other",White,United Kingdom,United Kingdom,"Not in paid work (e.g. homemaker', 'retired or disabled)",423.9999648,1,high,low
187,187,375,TRUE,2022-11-30T15:19:11Z,yes,1920x1080,17.627,17.627,245.047,1,6.302,6.302,8.365,1,10,Neither agree nor disagree,Neither agree nor disagree,Neither agree nor disagree,Neither agree nor disagree,Agree,Agree,Agree,Agree,Agree,Disagree,Disagree,62,Male,20,Other,I have read this text carefully,HR technology,187,high,high,NA,"Stock Market, Unit trusts, Crowdfunding, Other",White,United Kingdom,United Kingdom,"Not in paid work (e.g. homemaker', 'retired or disabled)",214.00001279999998,1,high,high
189,189,353,TRUE,2022-11-30T15:19:45Z,yes,2560x1440,246.523,246.523,247.208,1,6.652,7.135,9.073,2,35,Agree,Agree,Agree,Strongly agree,Agree,Neither agree nor disagree,Agree,Agree,Agree,Neither agree nor disagree,Neither agree nor disagree,50,Male,30,Other,I have read this text carefully,HR technology,189,high,high,NA,"Stock Market, Crowdfunding, Options",White,United Kingdom,United Kingdom,Part-Time,216.99999359999998,1,high,high
191,191,179,TRUE,2022-11-30T15:20:49Z,yes,1512x982,4.721,4.721,84.442,1,3.634,9.065,9.76,2,15,Agree,Strongly agree,Agree,Agree,Agree,Agree,Agree,Agree,Strongly agree,Strongly agree,Agree,34,Male,8,Other,I have read this text carefully,HR technology,191,low,high,NA,"ETF or ETC, Stock Market, Crowdfunding",White,United Kingdom,Finland,NA,68.9999904,1,low,high
192,192,295,TRUE,2022-11-30T15:20:49Z,yes,1539x766,12.058,12.058,131.124,1,5.696,5.696,6.69,1,35,Neither agree nor disagree,Agree,Agree,Agree,Neither agree nor disagree,Agree,Agree,Agree,Agree,Neither agree nor disagree,Agree,36,Male,3,Other,I have read this text carefully,HR technology,192,low,high,NA,"ETF or ETC, Stock Market, Crowdfunding",White,United States,United States,NA,136.9999872,1,low,high
193,193,294,TRUE,2022-11-30T15:21:20Z,yes,1920x1080,9.887,9.887,169.543,1,9.117,13.473,14.505,2,62,Agree,Agree,Agree,Neither agree nor disagree,Neither agree nor disagree,Disagree,Neither agree nor disagree,Agree,Agree,Agree,Agree,25,Female,0,Other,I have read this text carefully,HR technology,193,high,high,NA,"Stock Market, Crowdfunding",White,France,France,Unemployed (and job seeking),120.0000096,1,high,high
195,195,318,TRUE,2022-11-30T15:21:59Z,yes,1920x1080,8.54,8.54,188.85,1,4.375,4.375,5.436,1,50,Disagree,Neither agree nor disagree,Agree,Agree,Neither agree nor disagree,Disagree,Neither agree nor disagree,Neither agree nor disagree,Neither agree nor disagree,Neither agree nor disagree,Agree,34,Male,1,Other,I have read this text carefully,HR technology,195,low,high,NA,"ETF or ETC, Stock Market, Crowdfunding",White,United Kingdom,United Kingdom,Full-Time,164.9999808,1,low,high
196,196,625,TRUE,2022-11-30T15:22:04Z,yes,962x601,11.941,18.44,320.912,2,6.819,9.09,10.301,2,38,Neither agree nor disagree,Agree,Agree,Neither agree nor disagree,Disagree,Neither agree nor disagree,Strongly agree,Disagree,Neither agree nor disagree,Agree,Neither agree nor disagree,46,Male,3,Other,I have read this text carefully,HR technology,196,low,high,mobile,"Government Bonds, Options, Private Equity fund",White,United Kingdom,United Kingdom,Full-Time,324.99999360000004,1,low,high
198,198,279,TRUE,2022-11-30T15:22:14Z,yes,393x873,1.239,4.29,148.519,2,7.588,7.588,8.048,1,30,Disagree,Neither agree nor disagree,Neither agree nor disagree,Neither agree nor disagree,Agree,Neither agree nor disagree,Agree,Agree,Agree,Agree,Agree,26,Male,0,Other,I have read this text carefully,HR technology,198,low,low,mobile,"ETF or ETC, Stock Market, Options, Crowdfunding",Asian,United Kingdom,United Kingdom,Full-Time,99.9999648,1,low,low
200,200,247,TRUE,2022-11-30T15:23:03Z,yes,360x800,1.064,15.873,154.97,4,2.679,6.753,8.552,2,32,Neither agree nor disagree,Agree,Agree,Agree,Neither agree nor disagree,Disagree,Agree,Disagree,Agree,Agree,Agree,39,Female,1,Other,I have read this text carefully,HR technology,200,low,high,mobile,"Stock Market, Private Equity fund",White,United Kingdom,United Kingdom,Part-Time,131.0000256,1,low,high
201,201,569,TRUE,2022-11-30T15:23:10Z,yes,1920x1080,6.444,6.444,330.917,1,8.879,8.879,21.695,1,30,Disagree,Agree,Neither agree nor disagree,Agree,Strongly agree,Strongly agree,Agree,Neither agree nor disagree,Strongly disagree,Strongly disagree,Strongly disagree,50,Male,1,Other,I have read this text carefully,HR technology,201,low,high,NA,"Stock Market, Crowdfunding",White,United Kingdom,United Kingdom,"Not in paid work (e.g. homemaker', 'retired or disabled)",339.999984,1,low,high
202,202,451,TRUE,2022-11-30T15:23:26Z,yes,1440x900,186.305,186.305,314.154,1,3.048,3.048,4.747,1,5,Agree,Agree,Agree,Agree,Agree,Agree,Agree,Strongly agree,Neither agree nor disagree,Neither agree nor disagree,Agree,50,Male,13,Other,I have read this text carefully,HR technology,202,high,low,NA,"ETF or ETC, Stock Market, Unit trusts, Private Equity fund, Venture Capital fund, Crowdfunding",White,United Kingdom,United Kingdom,Full-Time,105.0000192,1,high,low
203,203,331,TRUE,2022-11-30T15:24:00Z,yes,414x896,17.235,17.235,192.955,1,2.075,2.975,3.905,2,71,Agree,Agree,Strongly agree,Agree,Strongly agree,Agree,Agree,Strongly agree,Strongly agree,Agree,Strongly agree,42,Male,0,Other,I have read this text carefully,HR technology,203,high,high,mobile,Crowdfunding,White,United Kingdom,United Kingdom,Full-Time,294.0000192,1,high,high
205,205,369,TRUE,2022-11-30T15:24:27Z,yes,393x851,4.054,19.739,216.963,2,6.841,6.841,7.783,1,24,Neither agree nor disagree,Neither agree nor disagree,Neither agree nor disagree,Agree,Agree,Neither agree nor disagree,Agree,Agree,Disagree,Neither agree nor disagree,Agree,33,Female,0,Other,I have read this text carefully,HR technology,205,low,low,mobile,"Stock Market, Private Equity fund",White,United Kingdom,Romania,Full-Time,99.9999648,1,low,low
206,206,710,TRUE,2022-11-30T15:24:54Z,yes,1280x720,9.871,12.007,337.527,2,5.768,10.713,12.213,3,60,Agree,Strongly agree,Agree,Agree,Agree,Agree,Strongly agree,Agree,Agree,Strongly agree,Agree,62,Male,5,Other,I have read this text carefully,HR technology,206,low,high,NA,"Stock Market, Crowdfunding, Unit trusts, Government Bonds, Private Equity fund",White,United Kingdom,United Kingdom,Part-Time,470.00001599999996,1,low,high
207,207,302,TRUE,2022-11-30T15:25:08Z,yes,1280x720,13.149,13.149,166.965,1,3.9,3.9,5,1,10,Agree,Agree,Agree,Agree,Disagree,Disagree,Agree,Agree,Agree,Disagree,Disagree,54,Female,0,Other,I have read this text carefully,HR technology,207,high,high,NA,"Government Bonds, Stock Market, Unit trusts, Crowdfunding, ETF or ETC",White,United Kingdom,United Kingdom,Part-Time,139.999968,1,high,high
208,208,384,TRUE,2022-11-30T15:25:11Z,yes,1920x1200,5.699,5.699,288.49,1,2.593,4.502,5.064,3,70,Agree,Agree,Agree,Agree,Neither agree nor disagree,Agree,Agree,Agree,Agree,Neither agree nor disagree,Agree,33,Male,3,Other,I have read this text carefully,HR technology,208,low,low,NA,"Stock Market, ETF or ETC, Crowdfunding",White,United Kingdom,United Kingdom,Full-Time,197.00003519999999,1,low,low
209,209,572,TRUE,2022-11-30T15:25:18Z,yes,1536x864,7.912,7.912,423.631,1,4.704,4.704,5.53,1,4,Disagree,Neither agree nor disagree,Neither agree nor disagree,Agree,Neither agree nor disagree,Disagree,Neither agree nor disagree,Agree,Neither agree nor disagree,Disagree,Neither agree nor disagree,33,Male,3,Other,I have read this text carefully,HR technology,209,high,low,NA,"ETF or ETC, Government Bonds, Stock Market, Unit trusts, Angel syndicate, Options, Private Equity fund, Venture Capital fund, Crowdfunding, Other",White,United Kingdom,United Kingdom,Full-Time,321.0000192,1,high,low
210,210,231,TRUE,2022-11-30T15:25:18Z,yes,1536x864,7.176,7.176,125.669,1,6.079,8.615,9.529,3,73,Agree,Agree,Strongly agree,Agree,Agree,Neither agree nor disagree,Neither agree nor disagree,Agree,Agree,Neither agree nor disagree,Neither agree nor disagree,47,Male,8,Other,I have read this text carefully,HR technology,210,high,high,NA,"ETF or ETC, Government Bonds, Stock Market, Unit trusts, Private Equity fund, Crowdfunding",White,United Kingdom,United Kingdom,Full-Time,110.9999808,1,high,high
211,211,184,TRUE,2022-11-30T15:25:31Z,yes,1920x1080,4.945,4.945,105.793,1,4.296,4.786,5.06,2,60,Neither agree nor disagree,Agree,Agree,Agree,Agree,Strongly agree,Agree,Agree,Agree,Agree,Agree,30,Male,5,Other,I have read this text carefully,HR technology,211,high,low,NA,"Stock Market, Options, Private Equity fund, Venture Capital fund, Crowdfunding",White,United States,United States,NA,96.999984,1,high,low
212,212,710,TRUE,2022-11-30T15:25:32Z,yes,2560x1440,8.026,8.026,156.715,1,4.296,4.296,6.071,1,23,Agree,Agree,Agree,Agree,Agree,Agree,Agree,Agree,Strongly agree,Agree,Agree,30,Female,0,Other,I have read this text carefully,HR technology,212,low,low,NA,"Stock Market, Crowdfunding, Government Bonds",White,United Kingdom,Germany,Full-Time,131.0000256,1,low,low
213,213,284,TRUE,2022-11-30T15:25:46Z,yes,1536x864,8.483,8.483,151.67,1,2.783,2.783,3.466,1,21,Disagree,Disagree,Neither agree nor disagree,Neither agree nor disagree,Neither agree nor disagree,Disagree,Disagree,Disagree,Disagree,Disagree,Disagree,58,Male,2,Other,I have read this text carefully,HR technology,213,high,low,NA,"ETF or ETC, Stock Market, Unit trusts, Crowdfunding, Other",White,United Kingdom,United Kingdom,NA,46.999958400000004,1,high,low
215,215,187,TRUE,2022-11-30T15:25:50Z,yes,1366x768,0.964,8.724,94.721,7,4.136,4.136,5.757,1,40,Disagree,Disagree,Disagree,Disagree,Disagree,Disagree,Agree,Disagree,Disagree,Disagree,Disagree,38,Male,0,Other,I have read this text carefully,HR technology,215,high,high,NA,Crowdfunding,White,United Kingdom,United Kingdom,Full-Time,72.9999648,1,high,high
217,217,380,TRUE,2022-11-30T15:26:36Z,yes,1366x768,28.386,28.386,274.464,1,3.977,3.977,4.615,1,100,Agree,Agree,Strongly agree,Agree,Neither agree nor disagree,Neither agree nor disagree,Strongly agree,Strongly agree,Agree,Agree,Agree,39,Female,3,Other,I have read this text carefully,HR technology,217,high,high,NA,"ETF or ETC, Government Bonds, Stock Market, Angel syndicate",White,United States,United States,Full-Time,241.0000128,1,high,high
218,218,593,TRUE,2022-11-30T15:26:44Z,yes,1536x864,30.384,32.419,379.779,3,8.502,8.502,9.612,1,70,Agree,Strongly agree,Agree,Strongly agree,Neither agree nor disagree,Agree,Agree,Agree,Agree,Agree,Agree,37,Female,15,Other,I have read this text carefully,HR technology,218,low,low,NA,"Crowdfunding, Stock Market, Government Bonds",White,United Kingdom,United Kingdom,Full-Time,352.99998719999996,1,low,low
219,219,479,TRUE,2022-11-30T15:27:05Z,yes,1920x1080,17.075,17.075,320.355,1,7.818,7.818,9.146,1,15,Strongly disagree,Agree,Agree,Agree,Agree,Agree,Agree,Strongly agree,Strongly agree,Agree,Agree,76,Female,16,Other,I have read this text carefully,HR technology,219,low,low,NA,"Government Bonds, Stock Market, Unit trusts, Venture Capital fund",White,United Kingdom,United Kingdom,Part-Time,280.00002240000003,1,low,low
222,222,359,TRUE,2022-11-30T15:27:54Z,yes,1280x720,13.94,13.94,199.729,1,11.028,11.028,11.778,1,71,Neither agree nor disagree,Agree,Agree,Agree,Neither agree nor disagree,Disagree,Agree,Agree,Neither agree nor disagree,Disagree,Disagree,32,Male,0,Other,I have read this text carefully,HR technology,222,low,high,NA,Private Equity fund,Other,France,Colombia,Full-Time,174.0000096,1,low,high
224,224,323,TRUE,2022-11-30T15:28:25Z,yes,1920x1200,7.07,7.07,193.455,1,3.309,13.409,14.688,2,20,Agree,Agree,Neither agree nor disagree,Agree,Agree,Agree,Agree,Agree,Neither agree nor disagree,Disagree,Neither agree nor disagree,48,Male,10,Other,have read this text carefully,HR technology,224,high,low,NA,"Stock Market, Options, Crowdfunding",White,United Kingdom,United Kingdom,Full-Time,179.9999712,1,high,low
225,225,391,TRUE,2022-11-30T15:28:27Z,yes,1920x1080,76.855,76.855,233.116,1,6.886,7.838,8.876,2,9,Agree,Neither agree nor disagree,Neither agree nor disagree,Strongly disagree,Disagree,Disagree,Disagree,Agree,Strongly disagree,Neither agree nor disagree,Neither agree nor disagree,49,Male,0,Other,I have read this text carefully,HR technology,225,high,high,NA,"Stock Market, Crowdfunding",White,Canada,Canada,Full-Time,151.9999776,1,high,high
227,227,396,TRUE,2022-11-30T15:28:33Z,yes,800x1280,9.801,9.801,258.706,1,3.384,3.384,4.181,1,28,Agree,Agree,Agree,Agree,Agree,Agree,Disagree,Agree,Agree,Agree,Agree,47,Female,10,Other,I have read this text carefully,HR technology,227,high,high,mobile,"ETF or ETC, Stock Market, Angel syndicate",White,United Kingdom,United Kingdom,Full-Time,238.000032,1,high,high
228,228,286,TRUE,2022-11-30T15:28:39Z,yes,1920x1080,11.188,11.188,172.255,1,5.148,5.148,5.873,1,61,Agree,Agree,Agree,Strongly agree,Disagree,Disagree,Agree,Agree,Strongly agree,Agree,Disagree,29,Female,4,Other,I have read this text carefully,HR technology,228,low,high,NA,"Government Bonds, Private Equity fund, Crowdfunding, Stock Market",White,United Kingdom,United Kingdom,NA,157.000032,1,low,high
230,230,208,TRUE,2022-11-30T15:29:01Z,yes,375x667,1.13,51.417,52.014,5,2.004,4.001,4.03,4,14,Agree,Strongly agree,Agree,Agree,Agree,Agree,Agree,Agree,Strongly agree,Agree,Agree,30,Male,2,Other,I have read this text carefully,HR technology,230,high,high,mobile,"Government Bonds, Stock Market, Private Equity fund",White,United States,United States,NA,82.9999872,1,high,high
231,231,242,TRUE,2022-11-30T15:29:02Z,yes,1366x768,6.374,162.23,163.187,2,2.583,2.583,3.442,1,61,Agree,Agree,Agree,Agree,Agree,Neither agree nor disagree,Agree,Agree,Agree,Neither agree nor disagree,Agree,35,Male,4,Other,I have read this text carefully,HR technology,231,high,high,NA,"Government Bonds, Stock Market, Private Equity fund",White,United States,United States,Part-Time,149.9999904,1,high,high
232,232,289,TRUE,2022-11-30T15:29:04Z,yes,1366x768,2.407,4.923,140.732,2,7.361,7.361,8.166,1,70,Agree,Agree,Agree,Agree,Strongly agree,Strongly agree,Strongly agree,Agree,Agree,Agree,Agree,40,Male,4,Other,I have read this text carefully,HR technology,232,high,high,NA,"ETF or ETC, Government Bonds, Stock Market, Unit trusts, Angel syndicate, Private Equity fund",White,United Kingdom,United Kingdom,Full-Time,104.00002560000001,0.92000002,high,high
233,233,116,TRUE,2022-11-30T15:29:16Z,yes,1920x1080,3.563,3.563,41.014,1,0.649,3.153,3.659,2,71,Neither agree nor disagree,Agree,Agree,Agree,Agree,Agree,Agree,Agree,Agree,Neither agree nor disagree,Agree,37,Male,15,Other,I have read this text carefully,HR technology,233,high,low,NA,"ETF or ETC, Government Bonds, Stock Market, Crowdfunding",White,United States,United States,Full-Time,34.0000416,1,high,low
234,234,645,TRUE,2022-11-30T15:29:23Z,yes,1920x1080,328.942,328.942,545.534,1,4.729,4.729,5.338,1,85,Neither agree nor disagree,Agree,Neither agree nor disagree,Agree,Neither agree nor disagree,Neither agree nor disagree,Agree,Neither agree nor disagree,Neither agree nor disagree,Neither agree nor disagree,Neither agree nor disagree,38,Male,0,Other,I have read this text carefully,HR technology,234,high,high,NA,"ETF or ETC, Stock Market, Crowdfunding",White,Canada,Colombia,Full-Time,210.0000384,1,high,high
236,236,235,TRUE,2022-11-30T15:30:14Z,yes,1374x587,9.568,9.568,90.641,1,7.988,7.988,8.968,1,2,Neither agree nor disagree,Agree,Agree,Neither agree nor disagree,Agree,Agree,Neither agree nor disagree,Agree,Agree,Agree,Agree,34,Male,3,Other,I have read this text carefully,HR technology,236,high,low,NA,"ETF or ETC, Crowdfunding, Stock Market",Mixed,United Kingdom,United Kingdom,Full-Time,83.9999808,1,high,low
237,237,309,TRUE,2022-11-30T15:30:28Z,yes,1920x1080,7.297,7.297,186.985,1,5.82,5.82,7.825,1,75,Neither agree nor disagree,Agree,Agree,Agree,Neither agree nor disagree,Neither agree nor disagree,Agree,Strongly agree,Neither agree nor disagree,Disagree,Disagree,58,Male,10,Other,I have read this text carefully,HR technology,237,high,high,NA,"ETF or ETC, Crowdfunding, Stock Market",White,United Kingdom,United Kingdom,"Not in paid work (e.g. homemaker', 'retired or disabled)",174.0000096,1,high,high
239,239,495,TRUE,2022-11-30T15:31:02Z,yes,1536x864,14.176,14.176,290.285,1,10.882,10.882,12.601,1,25,Agree,Neither agree nor disagree,Neither agree nor disagree,Neither agree nor disagree,Neither agree nor disagree,Neither agree nor disagree,Agree,Neither agree nor disagree,Agree,Disagree,Disagree,50,Female,2,Other,I have read this text carefully,HR technology,239,high,low,NA,"Stock Market, Crowdfunding, ETF or ETC",White,United Kingdom,United Kingdom,Part-Time,253.00002239999998,1,high,low
243,243,662,TRUE,2022-11-30T15:31:45Z,yes,1280x800,39.125,39.125,74.437,1,51.262,51.262,52.254,1,51,Neither agree nor disagree,Neither agree nor disagree,Agree,Agree,Agree,Agree,Neither agree nor disagree,Neither agree nor disagree,Neither agree nor disagree,Agree,Agree,43,Male,10,Other,I have read this text carefully,HR technology,243,low,low,NA,"Stock Market, Crowdfunding",White,United Kingdom,United Kingdom,NA,238.000032,1,low,low
244,244,401,TRUE,2022-11-30T15:31:48Z,yes,1920x1080,15.206,15.206,292.91,1,5.758,5.758,6.469,1,20,Strongly agree,Agree,Agree,Neither agree nor disagree,Disagree,Disagree,Agree,Strongly agree,Strongly agree,Agree,Strongly agree,33,Male,7,Other,I have read this text carefully,HR technology,244,low,low,NA,"Private Equity fund, ETF or ETC",White,United Kingdom,United Kingdom,Full-Time,262.99995839999997,1,low,low
247,247,365,TRUE,2022-11-30T15:32:34Z,yes,2560x1080,18.576,18.576,203.57,1,6.186,6.186,7.004,1,65,Agree,Agree,Neither agree nor disagree,Neither agree nor disagree,Agree,Agree,Neither agree nor disagree,Agree,Agree,Neither agree nor disagree,Neither agree nor disagree,38,Male,2,Other,I have read this text carefully,HR technology,247,low,high,NA,"Stock Market, Crowdfunding, Options",White,United Kingdom,United Kingdom,NA,173.00001600000002,0.92000002,low,high
250,250,539,TRUE,2022-11-30T15:33:09Z,yes,2560x1440,106.943,106.943,218.914,1,2.845,3.279,4.044,2,41,Strongly agree,Agree,Agree,Strongly agree,Strongly agree,Agree,Agree,Agree,Strongly agree,Agree,Agree,36,Male,3,Other,I have read this text carefully,HR technology,250,high,high,NA,"ETF or ETC, Options, Private Equity fund",Asian,France,India,Full-Time,90.0000288,0.82999998,high,high
251,251,1714,TRUE,2022-11-30T15:33:13Z,yes,1536x864,10.104,10.104,154.358,1,10.289,12.89,14.376,2,17,Disagree,Neither agree nor disagree,Neither agree nor disagree,Neither agree nor disagree,Disagree,Disagree,Agree,Agree,Agree,Neither agree nor disagree,Neither agree nor disagree,58,Male,35,Other,I have read this text carefully,HR technology,251,high,low,NA,"Government Bonds, Stock Market, Unit trusts, Private Equity fund, Other",White,United Kingdom,United Kingdom,Other,126.99996479999999,1,high,low
252,252,140,TRUE,2022-11-30T15:33:15Z,yes,1536x960,1.975,1.975,48.993,1,1.697,1.697,2.586,1,59,Strongly agree,Strongly agree,Agree,Strongly agree,Strongly agree,Agree,Agree,Agree,Agree,Agree,Strongly agree,22,Female,1,Other,I have read this text carefully,HR technology,252,high,low,NA,"Government Bonds, Stock Market, Crowdfunding",Asian,United States,United States,Full-Time,42.999984,1,high,low
253,253,680,TRUE,2022-11-30T15:33:19Z,yes,1536x864,21.629,21.629,347.111,1,7.011,16.52,17.843,7,60,Agree,Agree,Agree,Agree,Agree,Neither agree nor disagree,Strongly agree,Strongly agree,Agree,Agree,Agree,31,Female,4,Other,I have read this text carefully,HR technology,253,low,low,NA,"Stock Market, Crowdfunding",White,United Kingdom,Croatia,Full-Time,307.0000224,1,low,low
256,256,272,TRUE,2022-11-30T15:33:55Z,yes,1440x900,10.143,10.143,187.215,1,3.166,4.229,5.169,2,0,Agree,Agree,Agree,Agree,Strongly disagree,Disagree,Agree,Agree,Disagree,Disagree,Disagree,39,Female,0,Other,I have read this text carefully,HR technology,256,high,low,NA,"Stock Market, Crowdfunding",White,United States,United States,"Not in paid work (e.g. homemaker', 'retired or disabled)",174.0000096,1,high,low
257,257,328,TRUE,2022-11-30T15:34:16Z,yes,412x915,3.249,17.354,148.509,2,11.671,11.671,14.655,1,9,Agree,Agree,Strongly agree,Strongly agree,Agree,Agree,Strongly agree,Agree,Strongly agree,Neither agree nor disagree,Neither agree nor disagree,47,Male,2,Other,I have read this text carefully,HR technology,257,high,high,mobile,"ETF or ETC, Government Bonds, Stock Market, Angel syndicate, Private Equity fund, Venture Capital fund, Crowdfunding",White,Israel,Israel,Full-Time,124.9999776,1,high,high
258,258,364,TRUE,2022-11-30T15:34:19Z,yes,1280x854,15.265,15.265,210.916,1,5.117,8.304,9.421,2,60,Disagree,Agree,Agree,Strongly agree,Strongly agree,Agree,Strongly agree,Neither agree nor disagree,Agree,Neither agree nor disagree,Agree,30,Male,0,Other,I have read this text carefully,HR technology,258,high,low,NA,"Stock Market, Crowdfunding",White,United States,United States,Full-Time,167.9999616,1,high,low
259,259,651,TRUE,2022-11-30T15:34:26Z,yes,1536x864,33.83,33.83,359.795,1,5.835,5.835,7.118,1,10,Neither agree nor disagree,Agree,Agree,Agree,Agree,Neither agree nor disagree,Agree,Neither agree nor disagree,Disagree,Disagree,Strongly disagree,54,Male,4,Other,I have read this text carefully,HR technology,259,low,low,NA,"Stock Market, Unit trusts, Venture Capital fund, Crowdfunding",White,United Kingdom,United Kingdom,Part-Time,349.00001280000004,1,low,low
264,264,321,TRUE,2022-11-30T15:36:15Z,yes,1440x900,7.634,7.634,39.022,1,51.707,56.64,57.545,3,60,Strongly agree,Strongly agree,Strongly agree,Strongly agree,Neither agree nor disagree,Neither agree nor disagree,Agree,Neither agree nor disagree,Strongly agree,Strongly agree,Strongly agree,33,Female,2,Other,I have read this text carefully,HR technology,264,low,low,NA,"ETF or ETC, Stock Market, Government Bonds, Crowdfunding",White,United Kingdom,United Kingdom,Full-Time,67.9999968,0.92000002,low,low
268,268,392,TRUE,2022-11-30T15:37:00Z,yes,1536x864,8.248,8.248,136.208,1,7.129,7.129,8.547,1,5,Neither agree nor disagree,Strongly agree,Strongly agree,Strongly agree,Agree,Agree,Agree,Neither agree nor disagree,Strongly agree,Neither agree nor disagree,Neither agree nor disagree,54,Male,6,Other,I have read this text carefully,HR technology,268,high,high,NA,"Government Bonds, Stock Market, Crowdfunding, Other",White,United States,United States,NA,68.9999904,1,high,high
270,270,335,TRUE,2022-11-30T15:37:04Z,yes,1920x1080,6.405,12.836,201.867,3,5.439,5.439,6.714,1,15,Disagree,Agree,Agree,Neither agree nor disagree,Agree,Neither agree nor disagree,Strongly agree,Agree,Agree,Neither agree nor disagree,Agree,33,Male,4,Other,I have read this text carefully,HR technology,270,low,low,NA,Crowdfunding,White,United Kingdom,United Kingdom,Full-Time,187.0000128,1,low,low
272,272,222,TRUE,2022-11-30T15:37:42Z,yes,1536x864,0,0,2.394,0,9.291,15.059,15.76,4,65,Disagree,Neither agree nor disagree,Agree,Neither agree nor disagree,Agree,Agree,Agree,Agree,Neither agree nor disagree,Neither agree nor disagree,Neither agree nor disagree,31,Male,2,Other,I have read this text carefully,HR technology,272,low,high,NA,"ETF or ETC, Stock Market, Options, Crowdfunding",White,United Kingdom,United Kingdom,Part-Time,244.9999872,1,low,high
273,273,330,TRUE,2022-11-30T15:37:47Z,yes,1366x768,13.709,13.709,119.048,1,9.361,9.361,12.06,1,51,Neither agree nor disagree,Agree,Agree,Neither agree nor disagree,Agree,Neither agree nor disagree,Strongly agree,Agree,Agree,Strongly disagree,Neither agree nor disagree,73,Female,0,Other,I have read this text carefully,HR technology,273,low,low,NA,Private Equity fund,White,United States,United States,Other,99.9999648,1,low,low
274,274,539,TRUE,2022-11-30T15:38:15Z,yes,360x720,0.999,319.642,323.124,4,5.607,9.236,10.465,3,4,Neither agree nor disagree,Agree,Agree,Agree,Neither agree nor disagree,Neither agree nor disagree,Neither agree nor disagree,Agree,Agree,Neither agree nor disagree,Neither agree nor disagree,55,Male,0,Other,I have read this text carefully,HR technology,274,low,high,mobile,"Private Equity fund, Stock Market, Unit trusts",Asian,United Kingdom,United Kingdom,Full-Time,143.0000352,1,low,high
275,275,238,TRUE,2022-11-30T15:38:35Z,yes,1280x800,7.944,7.944,123.695,1,3.763,3.763,4.835,1,0,Agree,Agree,Agree,Agree,Neither agree nor disagree,Neither agree nor disagree,Neither agree nor disagree,Agree,Agree,Neither agree nor disagree,Agree,51,Female,0,Other,I have read this text carefully,HR technology,275,high,low,NA,Crowdfunding,White,United Kingdom,United Kingdom,"Not in paid work (e.g. homemaker', 'retired or disabled)",90.0000288,1,high,low
276,276,415,TRUE,2022-11-30T15:38:42Z,yes,1366x768,6.608,6.608,225.497,1,8.237,8.237,10.934,1,60,Disagree,Neither agree nor disagree,Agree,Agree,Neither agree nor disagree,Disagree,Agree,Neither agree nor disagree,Agree,Neither agree nor disagree,Disagree,41,Female,1,Other,I have read this text carefully,HR technology,276,high,high,NA,"Stock Market, Crowdfunding, Other",Mixed,United States,Trinidad and Tobago,NA,201.0000096,1,high,high
277,277,391,TRUE,2022-11-30T15:38:57Z,yes,1707x1067,11.183,11.183,219.32,1,7.732,7.732,8.765,1,65,Agree,Strongly agree,Agree,Agree,Agree,Neither agree nor disagree,Neither agree nor disagree,Agree,Agree,Neither agree nor disagree,Strongly agree,37,Male,0,Other,I have read this text carefully,HR technology,277,low,low,NA,"Stock Market, Crowdfunding, Venture Capital fund",White,United Kingdom,United Kingdom,Full-Time,214.00001279999998,1,low,low
278,278,1702,TRUE,2022-11-30T15:39:40Z,yes,1440x900,8.1,8.1,61.416,1,1.976,1.976,3.096,1,69,Agree,Agree,Agree,Agree,Agree,Agree,Agree,Neither agree nor disagree,Agree,Strongly agree,Agree,27,Female,3,Other,I have read this text carefully,HR technology,278,low,low,NA,"Stock Market, Crowdfunding",White,United Kingdom,United Kingdom,Other,72.9999648,0.92000002,low,low
279,279,600,TRUE,2022-11-30T15:39:59Z,yes,1920x1080,4.068,4.068,445.747,1,8.525,8.525,10.686,1,0,Disagree,Agree,Strongly disagree,Neither agree nor disagree,Disagree,Neither agree nor disagree,Strongly agree,Agree,Strongly disagree,Strongly disagree,Strongly disagree,36,Male,10,Other,I have read this text carefully,HR technology,279,low,high,NA,"ETF or ETC, Stock Market, Crowdfunding",White,Germany,Germany,NA,414.00002880000005,1,low,high
280,280,498,TRUE,2022-11-30T15:40:30Z,yes,1536x864,6.423,6.423,281.19,1,8,8,8.953,1,60,Agree,Agree,Strongly agree,Neither agree nor disagree,Strongly agree,Agree,Neither agree nor disagree,Neither agree nor disagree,Agree,Neither agree nor disagree,Agree,37,Female,2,Other,I have read this text carefully,HR technology,280,low,high,NA,"Crowdfunding, Stock Market",Asian,Canada,Canada,Full-Time,288.9999648,1,low,high
281,281,267,TRUE,2022-11-30T15:40:52Z,yes,1920x1080,15.543,15.543,121.302,1,25.191,25.191,26.023,1,70,Agree,Agree,Strongly agree,Neither agree nor disagree,Strongly agree,Strongly agree,Agree,Strongly agree,Agree,Neither agree nor disagree,Agree,45,Male,2,Other,I have read this text carefully,HR technology,281,high,low,NA,"Private Equity fund, Crowdfunding",White,United Kingdom,United Kingdom,Full-Time,119.000016,1,high,low
283,283,927,TRUE,2022-11-30T15:41:30Z,yes,390x844,7.701,14.476,585.257,2,80.674,80.674,81.728,1,29,Agree,Strongly agree,Agree,Agree,Agree,Agree,Agree,Strongly agree,Agree,Neither agree nor disagree,Disagree,35,Male,2,Other,I have read this text carefully,HR technology,283,high,low,mobile,"Government Bonds, Stock Market, Unit trusts, Angel syndicate, Options, Private Equity fund, Venture Capital fund",White,United Kingdom,United Kingdom,Full-Time,1368.9999647999998,1,high,low
284,284,125,TRUE,2022-11-30T15:42:58Z,yes,360x740,0.626,0.976,1.54,2,4.584,4.584,5.081,1,70,Strongly agree,Agree,Agree,Strongly agree,Neither agree nor disagree,Neither agree nor disagree,Agree,Agree,Strongly agree,Agree,Strongly agree,25,Male,0,Other,I have read this text carefully,HR technology,284,high,high,mobile,"ETF or ETC, Stock Market, Options, Crowdfunding",Asian,Canada,Canada,Full-Time,159.0000192,1,high,high
288,288,838,TRUE,2022-11-30T15:47:38Z,yes,1920x1080,84.066,84.066,446.192,1,118.976,121.185,122.184,3,30,Neither agree nor disagree,Agree,Neither agree nor disagree,Agree,Neither agree nor disagree,Neither agree nor disagree,Agree,Agree,Agree,Neither agree nor disagree,Neither agree nor disagree,42,Female,5,Other,I have read this text carefully,HR technology,288,high,low,NA,"Crowdfunding, ETF or ETC",Asian,United Kingdom,United Kingdom,Full-Time,138.9999744,1,high,low
296,296,180,TRUE,2022-11-30T16:18:13Z,yes,1536x864,6.627,86.044,86.338,2,33.559,34.672,35.306,2,59,Strongly disagree,Neither agree nor disagree,Disagree,Neither agree nor disagree,Neither agree nor disagree,Disagree,Agree,Agree,Disagree,Strongly disagree,Strongly disagree,39,Male,5,Other,I have read this text carefully,HR technology,296,high,high,NA,"ETF or ETC, Government Bonds, Stock Market, Crowdfunding",White,United States,United States,Full-Time,105.0000192,1,high,high
297,297,228,TRUE,2022-11-30T16:22:11Z,yes,1280x720,2.933,2.933,141.422,1,4.134,4.134,5.128,1,100,Agree,Agree,Strongly agree,Strongly agree,Agree,Neither agree nor disagree,Agree,Agree,Agree,Strongly agree,Agree,45,Male,3,Other,I have read this text carefully,HR technology,297,high,high,NA,"Crowdfunding, Private Equity fund, Stock Market, Unit trusts",White,United Kingdom,United Kingdom,Full-Time,113.99996159999999,1,high,high
298,298,194,TRUE,2022-11-30T16:22:25Z,yes,1280x720,15.922,15.922,125.868,1,6.34,6.34,6.935,1,75,Agree,Agree,Agree,Strongly agree,Agree,Neither agree nor disagree,Agree,Agree,Agree,Strongly agree,Agree,33,Female,0,Other,I have read this text carefully,HR technology,298,high,low,NA,"Stock Market, Crowdfunding",Asian,United Kingdom,United Kingdom,Full-Time,104.00002560000001,1,high,low
299,299,257,TRUE,2022-11-30T16:23:14Z,yes,1440x900,5.849,5.849,131.938,1,5.759,5.759,6.749,1,60,Neither agree nor disagree,Agree,Neither agree nor disagree,Neither agree nor disagree,Disagree,Disagree,Disagree,Neither agree nor disagree,Agree,Disagree,Disagree,42,Female,8,Other,I have read this text carefully,HR technology,299,high,high,NA,"ETF or ETC, Crowdfunding",White,United Kingdom,United Kingdom,Full-Time,123.99998400000001,0.92000002,high,high
301,301,408,TRUE,2022-11-30T16:24:48Z,yes,1440x900,184.674,184.674,295.574,1,1.59,2.391,3.129,2,32,Neither agree nor disagree,Agree,Neither agree nor disagree,Agree,Neither agree nor disagree,Neither agree nor disagree,Agree,Disagree,Agree,Neither agree nor disagree,Neither agree nor disagree,26,Male,1,Other,I have read this text carefully,HR technology,301,low,low,NA,"Government Bonds, Stock Market, Crowdfunding, ETF or ETC",White,United States,United States,Full-Time,108.9999936,1,low,low
302,302,333,TRUE,2022-11-30T16:25:28Z,yes,1280x720,7.461,7.461,240.021,1,2.981,4.774,5.475,5,90,Strongly agree,Strongly agree,Strongly agree,Strongly agree,Strongly agree,Strongly agree,Strongly agree,Strongly agree,Strongly agree,Strongly agree,Strongly agree,36,Male,10,Other,I have read this text carefully,HR technology,302,low,low,NA,"ETF or ETC, Stock Market, Crowdfunding, Other",Black,United States,United States,Full-Time,229.0000032,0.92000002,low,low
303,303,442,TRUE,2022-11-30T16:27:00Z,yes,1920x1080,18.786,18.786,285.573,1,9.601,9.601,10.848,1,60,Neither agree nor disagree,Agree,Disagree,Disagree,Disagree,Disagree,Agree,Agree,Agree,Neither agree nor disagree,Agree,66,Male,0,Other,I have read this text carefully,HR technology,303,low,high,NA,"Private Equity fund, Stock Market, Government Bonds",White,United Kingdom,United Kingdom,"Not in paid work (e.g. homemaker', 'retired or disabled)",259.99997759999997,1,low,high
