uuid,reply,date_reply
000392dda592a762b395e1b7f8d45f9f@brchytx.com,1,21jan2023
0007bb3a3fe49297fa6ae8a62cbea998@brchytx.com,1,24jan2023
0018f71ba5a54b555334151f4c5e2c17@brchytx.com,1,25jan2023
00bc892706d58babafc769b7bd267ca7@brchytx.com,1,19jan2023
00efd6da5a7dda60beb3add72cbc9cff@brchytx.com,1,17jan2023
014d4b6a9e58f7c90bf34170e11c83a4@brchytx.com,1,16jan2023
01d19f5ac0f83e31bc07bd454868b4c4@brchytx.com,1,18jan2023
02b810d8f8b7fbdccdf13a21bc37cfd5@brchytx.com,1,29jan2023
02cbd703ccbe883c2a23a424b0a6620c@brchytx.com,1,20jan2023
033233a61778802b5528f67df01f387c@brchytx.com,1,25jan2023
03526a7e1d1cb40134d46f0e858a0cea@brchytx.com,1,20jan2023
0368309c07f7bbb282f884440f8c019b@brchytx.com,1,19jan2023
036977981dadf72b9455802d8279a9b5@brchytx.com,1,25jan2023
03aea26a0a2afe54e47511254ad91ce9@brchytx.com,1,24jan2023
03e2f5a56727d2cee981a805698608a6@brchytx.com,1,16jan2023
041469fda2308cd278d0ff5853e7dac2@brchytx.com,1,17jan2023
043739e905958f77ebd841113643dd55@brchytx.com,1,19jan2023
043c9513a4a58a25d3cd1a704901fe7b@brchytx.com,1,24jan2023
0475fd45c1a25b6111942ddb226de12f@brchytx.com,1,16jan2023
04d68dd7b6224f06b06d299bde13f1b4@brchytx.com,1,19jan2023
04f3aef4a5dfb6bc06e4c64483651a18@brchytx.com,1,25jan2023
0551d8b19edc7c38b5a0dd22a649af31@brchytx.com,1,22jan2023
055423bf57ae2437a9cbf082365014eb@brchytx.com,1,21jan2023
05fae5eed4b145fcd11f32b122a353cd@brchytx.com,1,22jan2023
0626a16580eb95343259ded0483b9a8c@brchytx.com,1,19jan2023
063640f2c40b60b6ac000b68d15f8c83@brchytx.com,1,17jan2023
067420e26bed203299d36c65680d7a98@brchytx.com,1,19jan2023
0722b34ea0f24a24dcaf94906af9b8d5@brchytx.com,1,20jan2023
07b9c84e6aa00fd3e80aa501f054b5b0@brchytx.com,1,25jan2023
0818e2ad6626bdd97d77ab80b31a65aa@brchytx.com,1,21jan2023
088ac537153044b2341914140b2066f2@brchytx.com,1,19jan2023
08975ee729ba66a6d38ba5a9dcb6032b@brchytx.com,1,17jan2023
08a37094f763454f69bda5e5c5f880f2@brchytx.com,1,18jan2023
08b48211a96844266b8bdd61b7a69494@brchytx.com,1,20jan2023
09cec119ae2b27b3e24166283a986492@brchytx.com,1,21jan2023
09f58ce37250395ad9fe984797ed0fa4@brchytx.com,1,26jan2023
0a2f60cd2dda9ee9ed4dc8007c6c7175@brchytx.com,1,17jan2023
0a394a4c8773817800a0f4739b9aef44@brchytx.com,1,18jan2023
0ac5ce5879d10ab05013f8bcc670190c@brchytx.com,1,18jan2023
0adb09254bf8c162519ebc43b1163be7@brchytx.com,1,26jan2023
0af051dbe37b0a32fad3eb90558bf4d8@brchytx.com,1,22jan2023
0b108a9cf6bec34ca4de7e44b707a1f4@brchytx.com,1,17jan2023
0bb84e05b925d5b8fdbc4f09d93fa29e@brchytx.com,1,24jan2023
0bd6ef637c6abcde0db1c6b5a22b5e64@brchytx.com,1,17jan2023
0c03928bb4d1c4021d8c6ac615e81af0@brchytx.com,1,26jan2023
0c2ba0ff335c45585ebee2da42974496@brchytx.com,1,26jan2023
0c3069bf1c0129e5b487075b1ddc5f2e@brchytx.com,1,21jan2023
0c333028d331edc9800cd43eec14fae1@brchytx.com,1,21jan2023
0c5d6afcee636d050a45f0b38640d622@brchytx.com,1,19jan2023
0c66ffcb0122b2925a061da296e4cbb7@brchytx.com,1,19jan2023
0cf8cb5b12f28ebda8154c6f4dbf304a@brchytx.com,1,23jan2023
0d0dcde24c7104ece6e4809a0b27f7b6@brchytx.com,1,18jan2023
0d60bd3ed8179a5336149eb408b8844a@brchytx.com,1,21jan2023
0de9102d1eedc7d73222f7fcd61d409a@brchytx.com,1,22jan2023
0e2286405de217daafcc820bf28ba2ba@brchytx.com,1,24jan2023
0e6dde8efb0c48f2e0efc5714e2a5d1f@brchytx.com,1,27jan2023
0ecc027f1cdc6a99086c5c968c2e23bc@brchytx.com,1,21jan2023
0ede40730c31997389c7150e75f02faa@brchytx.com,1,04feb2023
0ee937e406bee04ef145179570e8676c@brchytx.com,1,19jan2023
0f9b1e9a2fd7769d309f4def99e67cca@brchytx.com,1,19jan2023
1055b6e1b0c813e8be0d9c70f4dc22dd@brchytx.com,1,23jan2023
1076ec7949e0d2f020d5d27ab583c94b@brchytx.com,1,17jan2023
1150175de5339fa5bc9866ddb03cb285@brchytx.com,1,25jan2023
1171fe401ecbe022068c6558a569fdc8@brchytx.com,1,29jan2023
11c00b08c62998465124908c8acaa466@brchytx.com,1,25jan2023
11f6eef4ab500747a93f0f76993e8734@brchytx.com,1,24jan2023
1236fb7ef3df4f2710338af478ddfae8@brchytx.com,1,20jan2023
123ab8f24fb9b2a61651a892317e1f70@brchytx.com,1,21jan2023
123bb8c4feb5228f4d7fd03da9b3491a@brchytx.com,1,21jan2023
1299016e7d4629f31a24bbe032e1bfe7@brchytx.com,1,25jan2023
12b2fce142ec9c552ee0ead46949afd5@brchytx.com,1,20jan2023
12b59b9e9f3e57ea0a2a7350776ec53d@brchytx.com,1,19jan2023
1346fa2fe5153e1b654f63ff585d22e2@brchytx.com,1,21jan2023
1568c1a3de97dfdd1c94ef33ae5ef9ab@brchytx.com,1,19jan2023
157f388ac0a2fb2508e22c3b7441a570@brchytx.com,1,22jan2023
1587622a18652387234b0b9b4e7bc9b3@brchytx.com,1,24jan2023
15b35ba6c8e9288a225a41bca3baa8b1@brchytx.com,1,20jan2023
163b489eab827f98a4dd031258eb971d@brchytx.com,1,25jan2023
1737a22fa225d67a5b7a9e04df2cc4c9@brchytx.com,1,21jan2023
17a4a57038a64cbcb9f8894df7d6169a@brchytx.com,1,24jan2023
17c4945560203ae0314ab4a7a6abc1bd@brchytx.com,1,21jan2023
17df95de11b0e7b9166d6b734fe3428c@brchytx.com,1,19jan2023
194256a2696ad4c7d676b0aa486d8dae@brchytx.com,1,21jan2023
19e73516013b220d8923670973e8f3cf@brchytx.com,1,17jan2023
1a5e329c7adaaca0dcc231aadb50e76e@brchytx.com,1,22jan2023
1a81193d6c6abe272ac052d093768f43@brchytx.com,1,25jan2023
1afab39657e00d5cfefcb82bbc274b3d@brchytx.com,1,19jan2023
1b7d47b58376132a049ad9b08007f5d1@brchytx.com,1,18jan2023
1be245f787be4d3f67309a88c37339af@brchytx.com,1,19jan2023
1be886cf28c6abb2f2738723cabcd7ec@brchytx.com,1,20jan2023
1bf0d8bc1ea2f5418ce78dc6da195ff3@brchytx.com,1,20jan2023
1d093775154a99821cc6eb6aa1cd4b8b@brchytx.com,1,22jan2023
1d3576897a1717df53b95c7fd66b288e@brchytx.com,1,22jan2023
1d85e425d2e05c941a1dda733b301663@brchytx.com,1,05feb2023
1df0021c36b4ecc05e097985fc318ccf@brchytx.com,1,19jan2023
1dfc003b85762cdaead8298823bfe08f@brchytx.com,1,17jan2023
1e23eebd048b203f04f2b57b889b1ea6@brchytx.com,1,20jan2023
1e3dfd39a74d88f158dedd843fb059c8@brchytx.com,1,21jan2023
1e3fbb1d8882bf67ccadb91eb749943a@brchytx.com,1,24jan2023
1e62fd76459d25d0050531e22b0342e6@brchytx.com,1,25jan2023
2022a68690a2814d08b70a95ecdad7a7@brchytx.com,1,22jan2023
2050515346747d07167adbfda038978c@brchytx.com,1,22jan2023
2061ade8e8171736d834bdc7748f6675@brchytx.com,1,20jan2023
2206d86077c38134d155e8b253e89f86@brchytx.com,1,22jan2023
228e14c2f10bc516e34d6933bfda3ce4@brchytx.com,1,29jan2023
22c9a266558fc974ac9d707fd8331e00@brchytx.com,1,22jan2023
22dbe996cec694d746016ae12c6e9c0b@brchytx.com,1,24jan2023
2309fc1e814b6b356f82b8e4d12a1520@brchytx.com,1,25jan2023
2319d28a55dc9d4b90e09ebe1b12327a@brchytx.com,1,26jan2023
2355de529bbb9b7d8c922def1922b0b7@brchytx.com,1,22jan2023
2362dda6acb8d62efbd4d2dc732ce4db@brchytx.com,1,22jan2023
238294dda13b7f9933d034532ae44c11@brchytx.com,1,22jan2023
23f71b70c36f6d6f2abe85ac1ac88769@brchytx.com,1,24jan2023
25149f28a1c8f627cdf2e0e9901fa992@brchytx.com,1,25jan2023
25475d464eb72e245a92a4281432eac7@brchytx.com,1,20jan2023
25cf29f0072db77711f49838e27f80b4@brchytx.com,1,25jan2023
2646b776498d002af4a57058cfc85b96@brchytx.com,1,26jan2023
2862d3b4df4d133ee916c3b3045012cf@brchytx.com,1,19jan2023
28859c4e40f2b70fbe30082eb371e498@brchytx.com,1,31jan2023
28f60a323dd16e8f471bbc35773fbdb1@brchytx.com,1,26jan2023
2916dda67e878fc50940883ddf77f9f5@brchytx.com,1,27jan2023
29313c23c24758d43f130dcb9095e02c@brchytx.com,1,24jan2023
2935c75be1c125e268cceb8783ef282f@brchytx.com,1,23jan2023
293fb43bb26456b85656f901e19ffc29@brchytx.com,1,24jan2023
294e1c20a0395f63770cb781436e5ab2@brchytx.com,1,24jan2023
29e2555e708993f8be0ff13a7370d839@brchytx.com,1,23jan2023
29ea73ede3e4294bb93bac99fb72d14e@brchytx.com,1,24jan2023
2a85bdfafad1ffbb261b58cf2543377d@brchytx.com,1,01feb2023
2a8eb579f832199eafc8d6cc66f0288e@brchytx.com,1,24jan2023
2bd1a798b20ead774fcfd8f7a4fab42a@brchytx.com,1,25jan2023
2bd51817e31dc4ca61ae830d57d89610@brchytx.com,1,22jan2023
2cdbbf2a3b404c5de5c46bdf934bcd72@brchytx.com,1,22jan2023
2ce7993a59b9dc65eaaf3b4352b18980@brchytx.com,1,27jan2023
2cfcdc5626c02cd28a9d23e11fd827b0@brchytx.com,1,23jan2023
2d2bc57562685ffca754e2fb3119862d@brchytx.com,1,23jan2023
2e3f90e982d4208ba45c6a5489553857@brchytx.com,1,27jan2023
2e7bf4624fb8000d4c1777a9abf084d4@brchytx.com,1,29jan2023
2ea9955b908f8f8c8e018564d8eaf12d@brchytx.com,1,23jan2023
2fdf415a2800cdd6ca8538ab4b26d615@brchytx.com,1,26jan2023
3016884dde05e075058255797c61c01b@brchytx.com,1,27jan2023
30318d6bc30ba5a0e7c9e5db4ef8ffab@brchytx.com,1,28jan2023
30ce9855587c7cc55e1074993ed81c7d@brchytx.com,1,24jan2023
30dcd4bcac21752c52c135ac8b8f4eca@brchytx.com,1,25jan2023
30ed0028eda69d61804c2ccfda36fd78@brchytx.com,1,25jan2023
313be3cf995f7d42849514a24b33fe34@brchytx.com,1,26jan2023
319c1d0e13e393abbfd70aeeb1833e64@brchytx.com,1,22jan2023
31a37fe223075075a06ba7f33f90ddc8@brchytx.com,1,24jan2023
32394b8619d611147570c3c4d1b631fe@brchytx.com,1,22jan2023
336f5d004181b6785bdd273327236f16@brchytx.com,1,25jan2023
345149411788c10e17685ebb2b41dbaa@brchytx.com,1,29jan2023
3496f228703ec29b3fdeef4a6857766a@brchytx.com,1,29jan2023
349fccd1d265f695f36b73371d38db90@brchytx.com,1,22jan2023
3503cdf811d4414532e9d54130b5a65e@brchytx.com,1,24jan2023
3551badc41ff39adbd1c2c9a6a8a877d@brchytx.com,1,27jan2023
3556c4e26829935395dfdbf3d9f847e9@brchytx.com,1,27jan2023
35f7eddc3dd5f5cd5eb4a78e2db4c308@brchytx.com,1,26jan2023
36ea5e210e62e2f1abeb2527d1c5bed4@brchytx.com,1,25jan2023
3700f185e3169cd42a18065f07c55fd0@brchytx.com,1,31jan2023
3748edb88541f0143fbd5e81ef82056a@brchytx.com,1,23jan2023
377abe4e1d5f8a534ccbd9b3bac2af72@brchytx.com,1,25jan2023
379e06b1b81274d9b187c02d60281eb6@brchytx.com,1,26jan2023
37e36a6825e4a42a1fb9ceeef24c541b@brchytx.com,1,25jan2023
385a5499c3a536c9b468d89d5b6b01b0@brchytx.com,1,25jan2023
3936eef24f2cef4479bec82cd83f0eb6@brchytx.com,1,25jan2023
3937b4f7fab2d0f8aa44c49601d8009f@brchytx.com,1,28jan2023
399497e3765cb94e7326f6478332068c@brchytx.com,1,07feb2023
39a95794d1814a9e4fb254a4c20c5dd1@brchytx.com,1,30jan2023
3a0e4c55777dced8e8b3e1381c6bb3bc@brchytx.com,1,30jan2023
3a5cfc1fbfde4a16b737de7db84e3305@brchytx.com,1,26jan2023
3a970946aa0b9f367de5c73721744e26@brchytx.com,1,25jan2023
3b20174275d1c4f79b0d052a5e673132@brchytx.com,1,25jan2023
3b490cfe653624ad799557636d78d7a0@brchytx.com,1,30jan2023
3b872423808c97d3b84479c5b58beb28@brchytx.com,1,24jan2023
3c51bbbf2fde8b014d021019f2c09b57@brchytx.com,1,26jan2023
3d29b53532934a9d380d81e1e4d2339a@brchytx.com,1,26jan2023
3d2f004a12b69704300ac3802ed4ba70@brchytx.com,1,26jan2023
3e252d2c2d1c6bacddea4b00a43e4154@brchytx.com,1,25jan2023
3e8b8fbbc4e537839dd44df5945969dc@brchytx.com,1,23jan2023
3efed3295e2ab7817acca23b7ec18c71@brchytx.com,1,27jan2023
3f883f3266940934aab8b4469aca031d@brchytx.com,1,25jan2023
3fb8b6fb9cdd256947d8bf547ea5c354@brchytx.com,1,25jan2023
4074a59a326d2494cdcea0dfaf4f27d3@brchytx.com,1,22jan2023
4077dc1ac2a72bab557ded0646be296f@brchytx.com,1,23jan2023
408f87ee864ddd91e7c28978540c51d0@brchytx.com,1,26jan2023
40a88f65772039584656c01af663aed2@brchytx.com,1,25jan2023
4132fda317f4ce0c30c923ee7136cf6f@brchytx.com,1,26jan2023
41735410cb226b73feb3c00a37eac0cd@brchytx.com,1,24jan2023
4194ec8b428a120b80ee7592fcc1edf4@brchytx.com,1,01feb2023
4195f43f428dfd4f3872b758fd71556a@brchytx.com,1,23jan2023
41bc5bca792c34df83b8221d29196bc4@brchytx.com,1,23jan2023
423e3b1f18128c2796c37f57846c9d5d@brchytx.com,1,25jan2023
42d90ab475245232434fb7ec47564cfe@brchytx.com,1,27jan2023
4342544af023f5477dee9c1acb428de4@brchytx.com,1,23jan2023
4389cd6de0fe953c25d68b6e0f74a555@brchytx.com,1,24jan2023
43dbebbd3151cb107adf47d7d2938383@brchytx.com,1,24jan2023
4411dc3ab7f42957719cc285bed14646@brchytx.com,1,26jan2023
4446daa74f72fe4499f81ad58a4b68ab@brchytx.com,1,23jan2023
44783b57ceade9d6dbb8104e0ac69466@brchytx.com,1,28jan2023
44f3b7cc8b04ff11d65bae4084d64ec5@brchytx.com,1,24jan2023
45bb84c5e5668238d00ba003e788f3f0@brchytx.com,1,24jan2023
45d283a22be0bc538e5b23e666cb9fa4@brchytx.com,1,24jan2023
463112d31c327669c280be15c795bcfe@brchytx.com,1,27jan2023
46583260f9db3deef0c089a3f19aacf1@brchytx.com,1,26jan2023
4672633751e7ecc4d3b28e95214fa922@brchytx.com,1,28jan2023
469488cf5f815880b839a8d137dfd5c2@brchytx.com,1,01feb2023
46fdc8d13671eb32f2424f143871d90a@brchytx.com,1,01feb2023
4701ef7c0ea58826925b8595d826481a@brchytx.com,1,24jan2023
472ba2285e5112ec3f52d1950e64a5dd@brchytx.com,1,23jan2023
475369a349cddca31450443b8bc7a16f@brchytx.com,1,24jan2023
48025bffae2252536b6e6ade94be9b56@brchytx.com,1,27jan2023
4851f55613f41b85b85ec3413749b41a@brchytx.com,1,27jan2023
48c90a61fbfa0ee2ec0a720dfda9fcb3@brchytx.com,1,03feb2023
48caa566790070ad2ce33aa16c4fd627@brchytx.com,1,28jan2023
48e1125b6a7128e6ce623f1fac1e57df@brchytx.com,1,25jan2023
4996d72dcb619be7000e72fce91e3a89@brchytx.com,1,25jan2023
49b97f6b9471cabfc4a4f6312f51c0a6@brchytx.com,1,25jan2023
4a035e81661a1d861a60219d24d4d3bf@brchytx.com,1,27jan2023
4aac8f32064153404ba158bc58def791@brchytx.com,1,31jan2023
4b2563ea80558d26323261f025f5ce10@brchytx.com,1,26jan2023
4b67bd77e846259c14f3a52f27799cf9@brchytx.com,1,24jan2023
4c18f7bfd5e940533ffc9d8ac444fa72@brchytx.com,1,01feb2023
4d5d387b2bca7c52366b0232fa5d5875@brchytx.com,1,31jan2023
4d6ac28ee5dfc0bc474756b1b9b32603@brchytx.com,1,29jan2023
4dc6d6b5630bdfc96b097ce9612a0ddf@brchytx.com,1,31jan2023
4dda050a9cf9b5f61cc8025379b3ec62@brchytx.com,1,26jan2023
4e3b7d50e1f793e5651e5b14cc07c1c9@brchytx.com,1,29jan2023
4ec3dd2abe5665f20d6b59ea449956d6@brchytx.com,1,27jan2023
4ef51d68576d3bd8bf221c8820492e45@brchytx.com,1,01feb2023
4f56f5f6b4c1392ece48c0ca528de029@brchytx.com,1,31jan2023
4fa3aaa2e6aec6e163ef51045633e55c@brchytx.com,1,28jan2023
50367101152dc6cb40b0ef1b7f81657c@brchytx.com,1,24jan2023
509310cca5699f7a7510f331a56b6ba4@brchytx.com,1,28jan2023
50cab4f48a9877dd5b87d78937ea0ff1@brchytx.com,1,29jan2023
50d679e3ece986498e3c2554a6d88d84@brchytx.com,1,26jan2023
50ed875cb6b9e05de2d60988b355a27f@brchytx.com,1,30jan2023
512732a260607a6314ae9fba01a69a47@brchytx.com,1,28jan2023
5205a889b7709fc36e805875aa35dfae@brchytx.com,1,31jan2023
520a1fa8b6843bd133248b9cbd70cde0@brchytx.com,1,03feb2023
521f650d716b9718aa40b1d9af077ee8@brchytx.com,1,25jan2023
523cbc5becdf6b8f0932b2c91b6142be@brchytx.com,1,30jan2023
5330230bfdebe2a1ee47f1fcc3bec6c2@brchytx.com,1,30jan2023
5336a60050e7bba6fcb9bd1a789b0c84@brchytx.com,1,27jan2023
53e61013847f7e7122b7ca58becacda0@brchytx.com,1,26jan2023
5401a3b887c8adfbe9772bbc17927bba@brchytx.com,1,28jan2023
546b5b08471219a78111e50aee44f7c4@brchytx.com,1,30jan2023
54978e2af6dc5327aaf015f0c7a4dda1@brchytx.com,1,27jan2023
54b9b13b641f04574e491d8838786371@brchytx.com,1,27jan2023
54cddaa5c7caccd468362bd6f611d9b5@brchytx.com,1,30jan2023
54dff772284d21b31fdd8ad8244d5d74@brchytx.com,1,27jan2023
550b74e27c573501f6183bbff85d4e9b@brchytx.com,1,26jan2023
55128e1755dff3c2244f48adff2f0e68@brchytx.com,1,24jan2023
55129adc83696c7b3633be7c7e85da40@brchytx.com,1,28jan2023
55a892652271959738fd92679440c6b8@brchytx.com,1,25jan2023
55df55c7d4714ecb9b093c5adb7cae4e@brchytx.com,1,30jan2023
55f579187e50d8181114a49e85f568e4@brchytx.com,1,28jan2023
55f7dacf1b32630e5be086f7bc057274@brchytx.com,1,27jan2023
56012eebe5e7d92ecd398c21ff9cfe4c@brchytx.com,1,01feb2023
5608a8a1486a9723bdbd51fbf2550deb@brchytx.com,1,01feb2023
56321e6d414e8fdd5d1b67e51aaf61e1@brchytx.com,1,26jan2023
569e41d887b89c175aa0b18e2f88c8d3@brchytx.com,1,31jan2023
56c1805506083af73a75ea0ddcd61802@brchytx.com,1,30jan2023
571dc0e9da5b367232bf78f54550cb4a@brchytx.com,1,01feb2023
571fbcf55da9fe74fffe4f06dbd36ace@brchytx.com,1,31jan2023
574bc8869781d971e8c05ac55de03330@brchytx.com,1,28jan2023
5750273adc6fe174be7634f8728460a5@brchytx.com,1,29jan2023
578599cbe08b7ce93aa184c276233e34@brchytx.com,1,31jan2023
5787fe840ba19a3c809fff5495e8b684@brchytx.com,1,26jan2023
57ff18ca3a133c371a37be436b38099c@brchytx.com,1,30jan2023
581c07bb940e14d49cb40ceb6ef035fe@brchytx.com,1,27jan2023
5838ee8ce2b2d21417cfcfc12618b5ff@brchytx.com,1,29jan2023
5842bc566f652aabb7308e5e998aff38@brchytx.com,1,29jan2023
58ad9e6da25fe60ac4162cad23d2508e@brchytx.com,1,02feb2023
58cb88e07674c878978807ea22988e01@brchytx.com,1,28jan2023
58e028eee66ab51b07a609c7ea822f13@brchytx.com,1,27jan2023
591007d7a29dcd9988af54fe59a659a4@brchytx.com,1,30jan2023
59c25c8daa4f9986a86908555ab326d7@brchytx.com,1,29jan2023
5a2c683fc4ae62fba20f98b2f6caeeda@brchytx.com,1,03feb2023
5a57a674357e3259f3a1aef4df81b170@brchytx.com,1,30jan2023
5a6b8c3c745d4cec58f0a0bea2aa0012@brchytx.com,1,24jan2023
5ad1890825540293932d20977f438a21@brchytx.com,1,28jan2023
5ad332bc3228e6f00a590e9d8573fcb4@brchytx.com,1,02feb2023
5b3f9efdacf50b22a117de210165d2bc@brchytx.com,1,25jan2023
5baab354dc2d2212b5c829f63317e73a@brchytx.com,1,28jan2023
5bba459cc4017f671b9f544d30c5d35b@brchytx.com,1,31jan2023
5c8469b503faaf54c262735b4a41193f@brchytx.com,1,26jan2023
5ded7d0f6cfd61e8f003693f836ad5fd@brchytx.com,1,27jan2023
5dffd5fc5f247bc7d7d39e05276f257f@brchytx.com,1,29jan2023
5e21b0d1813b8a37af4f5bd599192bde@brchytx.com,1,05feb2023
5e3f6346b48fc77daaa81a1478151e98@brchytx.com,1,26jan2023
5e7cdd30ba1888096fe517b8eab9240f@brchytx.com,1,29jan2023
5ec5415c18ef8e3a831015b99398a311@brchytx.com,1,30jan2023
5f002c1e053cbcbeb35b727ae28c7cab@brchytx.com,1,30jan2023
5fd4299cb20d03ee01fcc36f3cbba383@brchytx.com,1,12feb2023
60113de0a518ac2de3229a423df5588e@brchytx.com,1,31jan2023
6075e211590be9358b81cb1936f43808@brchytx.com,1,01feb2023
60c062f81139c90015a1e3e9eebb6bf7@brchytx.com,1,03feb2023
61d9dbfd53dd594608a2703c3636022b@brchytx.com,1,06feb2023
61e19ba845bb40d6551f52228b2d64cb@brchytx.com,1,06feb2023
621f67164b517ba975bc4ccffffcd837@brchytx.com,1,27jan2023
6245a2e1b89b9e7c7673999a142356d0@brchytx.com,1,31jan2023
6247bac0405eedef3e7d0f6e64d6bad1@brchytx.com,1,30jan2023
627d01915b1a98e19bd2555f3b102184@brchytx.com,1,29jan2023
62d2197cd4eb8a42b622eb6bdf41071f@brchytx.com,1,26jan2023
62d8f88e507cf6be8e8e972c62e431ee@brchytx.com,1,30jan2023
630b9de5b004a2a3be2f275670b67521@brchytx.com,1,01feb2023
6330eb7212bdaa8eb4df873ced5b9065@brchytx.com,1,01feb2023
63e66e9fa368d7446ff6e082889aafac@brchytx.com,1,28jan2023
63ee140e305679af971ce56813e3628b@brchytx.com,1,30jan2023
6463ce04c44e8d1f16cb698bfd7336a5@brchytx.com,1,08feb2023
6474a7c49dedd983fb2ff1bf6447f719@brchytx.com,1,02feb2023
64bb59c4b7019df432544ccf9f150a21@brchytx.com,1,31jan2023
65629ba8a3d47c4bec6e33c2e05ec78c@brchytx.com,1,03feb2023
65cb37183a7a2484cb1f883f38c2a7ad@brchytx.com,1,29jan2023
6601d235849686e0ab2a8f448753c719@brchytx.com,1,29jan2023
66366ec57dfbcd2eade2783e025abc60@brchytx.com,1,05feb2023
663d978f36859e88be7fe664a8864c44@brchytx.com,1,29jan2023
666b81c648a907dedddca7fd683ae1de@brchytx.com,1,07feb2023
67327f58913ee7229bffed0837adf64a@brchytx.com,1,10feb2023
674ff95758d4ce7e2d304100303aa8f4@brchytx.com,1,29jan2023
677e0ed4142b8acd459c59b326dcd871@brchytx.com,1,29jan2023
67aa176124fd0395f2cb932e60d2c76d@brchytx.com,1,30jan2023
67c01352e0c7eadb44f5ac67b9480d3e@brchytx.com,1,28jan2023
67c4940966e0544c0a70cc685e21035a@brchytx.com,1,28jan2023
67cb1dc5a3d0efc19670b3ce982dbafe@brchytx.com,1,30jan2023
687bf915680a1907403c66acb6d17b8a@brchytx.com,1,03feb2023
68ae4e9c1a8e59152ce898620022b79e@brchytx.com,1,31jan2023
68ce48d4ac22c978c47c217b09d01d5c@brchytx.com,1,31jan2023
68da88cf1330bc1ccd19fb2e415508cd@brchytx.com,1,30jan2023
68f00aa71e449549a3aecdc3460e76aa@brchytx.com,1,31jan2023
6acadbc579a5350ac517655595dc5d93@brchytx.com,1,02feb2023
6b4d5742ecd150a0586c883e568294c4@brchytx.com,1,04feb2023
6b6a14a452a958369db275adcc9e51ef@brchytx.com,1,30jan2023
6b8e34f6ad21723fbe954445db0e5770@brchytx.com,1,31jan2023
6b994447787033820f3e25f7cbf6d949@brchytx.com,1,29jan2023
6bc481310232aef4c6e8b2ee0a2c556e@brchytx.com,1,29jan2023
6c18ea5a63d623d6e4476ff8062c5ecc@brchytx.com,1,04feb2023
6c1d45a4f4efbaf69c254e95faa9f376@brchytx.com,1,06feb2023
6c77f72c7b84c0db311eb5678665141f@brchytx.com,1,26jan2023
6c7a0c80c6c6f76218326dc4cc00a696@brchytx.com,1,30jan2023
6d2e114770e69ad19415f8494d6e32f8@brchytx.com,1,01feb2023
6e18c851d974c505449a0a2096ff5338@brchytx.com,1,30jan2023
6e6b56a5af8b77ff5f31623eedcb3fb3@brchytx.com,1,31jan2023
6eca94bd9469b0e3e64f0475edf430e1@brchytx.com,1,28jan2023
6f1ec744ad482274c6b5d54be78a9470@brchytx.com,1,07feb2023
6f992fee67e2dd49b23ec16895fcffc0@brchytx.com,1,02feb2023
6f9b3d87a4b4595e73d1e615f996f059@brchytx.com,1,01feb2023
6fb0fd0f3e79cf640f7189bba78ebf1f@brchytx.com,1,01feb2023
701fb9bbc367ece35984743b8a031237@brchytx.com,1,03feb2023
702011436db2cabaa18c1bef7a34be3e@brchytx.com,1,29jan2023
70ad62d753d202dcdeb079ffc43a7926@brchytx.com,1,31jan2023
70b57bfaabbb8043162913923485b37b@brchytx.com,1,31jan2023
70f3e5627835fc267d571b9b6dd65cf9@brchytx.com,1,06feb2023
71a84d8d387508f6ff7314023ae1e2a2@brchytx.com,1,06feb2023
722c6b0b3fbc4dcc2a47883fec2d8c75@brchytx.com,1,03feb2023
727667e7f4ad6136d9b80589f1996831@brchytx.com,1,30jan2023
729a264dba3bdcfdfb305c74f5279698@brchytx.com,1,03feb2023
72ca7235b3d43eaa23a93bbf08909c16@brchytx.com,1,10feb2023
72d17b0572c5f7da710393b12651d45a@brchytx.com,1,03feb2023
72d53f201d9983de825f4a84af4b4fab@brchytx.com,1,04feb2023
7313dc70ff5c7bac0acf1a5f17c976ae@brchytx.com,1,29jan2023
73a7c668518f38a23e65bac2bee76011@brchytx.com,1,29jan2023
73f3a11999c602d6e1348e7f29a1e171@brchytx.com,1,02feb2023
74030ef4e268651a8b2fc00a89f2bc0a@brchytx.com,1,31jan2023
7484e55b8a0950715e4e76a92ade723e@brchytx.com,1,03feb2023
748664193536eccf4a988d84d3c300e6@brchytx.com,1,27jan2023
74a78e751728bc27d4e23235245f565c@brchytx.com,1,01feb2023
75ee1e3f7bc38c2e909cab544f41bbdc@brchytx.com,1,30jan2023
75f1acbaffea113f842294981ed46426@brchytx.com,1,04feb2023
75ff8d4a4709bf227138442e2ab73664@brchytx.com,1,29jan2023
76f59258cb0b8c458cdc5da8407f1cf5@brchytx.com,1,03feb2023
7763fc9be1cfb981fa681e5091e3a78a@brchytx.com,1,01feb2023
7780723982296d5f8f59d5d5c8518baa@brchytx.com,1,03feb2023
77df0ed5c7b68946dbd64767323f2518@brchytx.com,1,31jan2023
78184b14ecc5ec732a85249e27cbb789@brchytx.com,1,04feb2023
782f658b05450ef88ca0be4a629019d5@brchytx.com,1,30jan2023
78802c85616d39781e67ff76a3450e29@brchytx.com,1,06feb2023
78809b429bd6dcc244a6ca5fbb705755@brchytx.com,1,30jan2023
78d7d55c9407c5f42206388d1fff9d04@brchytx.com,1,06feb2023
78e941b7e6bc40972e5c6e35dccd68c1@brchytx.com,1,02feb2023
793693334e5060e7155632fe5cd1cbd2@brchytx.com,1,31jan2023
7948f426507ca1eeedd02da36053c906@brchytx.com,1,31jan2023
79d34f0ade1685f683bd76b1eaf43663@brchytx.com,1,05feb2023
79d7832c32357126242974b4d8b21fa9@brchytx.com,1,07feb2023
7af79d1e0484190fbb2f664248d3f97a@brchytx.com,1,07feb2023
7b4a6f6c34415cfde7356e12093328f4@brchytx.com,1,02feb2023
7bce3b7d86443cbf50ebc38146c1934e@brchytx.com,1,01feb2023
7bf65dd9608ee4748ed616a314c85501@brchytx.com,1,06feb2023
7c42d64b1b12743e8ce3e42309520ba6@brchytx.com,1,30jan2023
7c8cf2e420363127b9cd19b6e421613c@brchytx.com,1,08feb2023
7cae597f8017d5e2b29b3f040100a64f@brchytx.com,1,31jan2023
7ce303ba0fab271fe081e70df2d787d9@brchytx.com,1,02feb2023
7d3dca1a12f76be57622e614fdee3874@brchytx.com,1,09feb2023
7d607fa823de8de4ab36c2091ed51398@brchytx.com,1,04feb2023
7e2e931f33bbce2e17111b0595375bcd@brchytx.com,1,31jan2023
7e5a2a4b817f849b7130efb33362f095@brchytx.com,1,01feb2023
7e81fd6a20a8e0025de178f44629067a@brchytx.com,1,07feb2023
7f80c579d89f9b9292b8bb973f24e79d@brchytx.com,1,02feb2023
801444c08957a4173a60f3f78e567ed8@brchytx.com,1,30jan2023
806588efdd23dea1e7fe14033ad470fc@brchytx.com,1,06feb2023
809a70bbebb95ca705733a92993ff5e9@brchytx.com,1,08feb2023
80df6bf694ecdd7ec4e498b4a979f098@brchytx.com,1,06feb2023
8147d6351d4308cb2560bc0c4228028c@brchytx.com,1,01feb2023
814fa5f8ccebd62115359bfef4ce648c@brchytx.com,1,07feb2023
818d2e6600be3b1b068721d16c50dc68@brchytx.com,1,30jan2023
81c3c4d30fc8449a6ef460212a4ececa@brchytx.com,1,05feb2023
82d4fe59a556075281c4bdc148ef840a@brchytx.com,1,01feb2023
82edd24e94710a5185fa7cad6b53083c@brchytx.com,1,29jan2023
8365c1c685e9bc211abcb86f737644fb@brchytx.com,1,02feb2023
83a7471caa7fae7bab6ec5e203c3bacf@brchytx.com,1,01feb2023
83b10ef6344c1968602927ef02a8a6a6@brchytx.com,1,02feb2023
83f7b0a70811d58342fe7529811cb70b@brchytx.com,1,05feb2023
840ded3e29416177175c9b3ef1194602@brchytx.com,1,06feb2023
848944d98ff7e881770a8e684d0dfd12@brchytx.com,1,04feb2023
84c318f70d5c89b778d6f59919dca290@brchytx.com,1,06feb2023
84dd3b5e8ba1504b311e8f4e2f1240fc@brchytx.com,1,05feb2023
84f6e8714bd06730dcb4e3cb9f9d7a3d@brchytx.com,1,04feb2023
854805609f382b954e4ba2aa5be0a197@brchytx.com,1,03feb2023
85b07e0f958c22226035c772c614b290@brchytx.com,1,02feb2023
85d869766507a49af7f81da881f18e34@brchytx.com,1,02feb2023
8671325a02360569dc883927f563be2a@brchytx.com,1,03feb2023
8677db196553b010d76ef9a2164ce970@brchytx.com,1,02feb2023
869310a2462c95d452d4ec2890d550fb@brchytx.com,1,29jan2023
86c7a9034f7203ba4c6e8b2305d97497@brchytx.com,1,02feb2023
86dd313c9bf93e438baad0f867dad951@brchytx.com,1,30jan2023
87511411f7aeed7fbfd03c6d7cc4cd9e@brchytx.com,1,07feb2023
87abf7f4998074af54bc187d99d0e864@brchytx.com,1,02feb2023
88308a6cf8a91408b44acda772276f48@brchytx.com,1,30jan2023
8850ee9eeecf450bd8d0575040af9ba8@brchytx.com,1,31jan2023
88e3747da4b6a8abf8aa342ec9af736f@brchytx.com,1,06feb2023
89973abed6d3d5c28b402c3001da3bb2@brchytx.com,1,06feb2023
8a544999838ca91c460b2d48299a2d4e@brchytx.com,1,02feb2023
8a8d90001afc87948efc6f1c33c9dd9f@brchytx.com,1,01feb2023
8b243f8b952076e49360324abb7ea189@brchytx.com,1,04feb2023
8c28cbf9427f0e051a4a1178761a38a2@brchytx.com,1,30jan2023
8d308938f630204f5d21ba075f6a17d3@brchytx.com,1,06feb2023
8d3bf6824404b63442b3343659e0c495@brchytx.com,1,05feb2023
8dbc29d765171e52d01aeefba4d7adb9@brchytx.com,1,31jan2023
8e0368f6b288c0ce9ec518238bba3a78@brchytx.com,1,02feb2023
8e9944d98a0e337c6065381a1f333704@brchytx.com,1,03feb2023
8f6ec27783acd79b57c03a9cd6adeee9@brchytx.com,1,05feb2023
8fac678b4c50003172ed41f36c74d6e7@brchytx.com,1,31jan2023
902941ef5b04ad9d66ae2276c83966d6@brchytx.com,1,10feb2023
902a0ce69118a271930f149a843e5b95@brchytx.com,1,03feb2023
914af9780f7e3d89cd925ade9110415e@brchytx.com,1,04feb2023
9177c20b7d98b041231c33645220b1e3@brchytx.com,1,02feb2023
9222771d414dfa3f2b168eb287c3fc5c@brchytx.com,1,07feb2023
925ff64cc545dcd4ed7e944613183081@brchytx.com,1,10feb2023
92f21bc4ef7221340bb99acf04ecccf3@brchytx.com,1,31jan2023
9331014d905ac58af0b102b35e593739@brchytx.com,1,01feb2023
93444c4faf50b50e64a3170e24d7741d@brchytx.com,1,03feb2023
9349c2fd76552f1a734c62f6acdcf1de@brchytx.com,1,06feb2023
94f29d4474052cd1a6022574754ccff7@brchytx.com,1,02feb2023
94f98d7739fd87642e4734fd1953d67f@brchytx.com,1,03feb2023
952976f30494ddaf88c7de2473546d5e@brchytx.com,1,31jan2023
9697f9bd92f3d5172cbb9356a9bc2d19@brchytx.com,1,04feb2023
96a045843236f016985f27504df8e331@brchytx.com,1,07feb2023
971b2081d34fd91ebc0c9debb2346f74@brchytx.com,1,09feb2023
980a172fbf29ff5b5658d31b719666e3@brchytx.com,1,02feb2023
9860599e2cb963b218ac077cc14b8783@brchytx.com,1,16feb2023
986560b76aafb8bd5a95f6780de2b5dc@brchytx.com,1,07feb2023
98a5519bb506ea88a89fc28d4f0e9d55@brchytx.com,1,07feb2023
99b119d27e926394db790d15919164dc@brchytx.com,1,06feb2023
9a1ea5f3d25da751d5a988a03f87fe4b@brchytx.com,1,04feb2023
9a282729655e508ffe7768c30e5041eb@brchytx.com,1,09feb2023
9ad6502cf444a56ff7038ec44ed4fe27@brchytx.com,1,03feb2023
9b129cd6e19cfa114df2a25cad206220@brchytx.com,1,05feb2023
9b4b8714aeea430bb311c34d02c7d365@brchytx.com,1,04feb2023
9b551865b5912492e8e8435dd59cf49a@brchytx.com,1,04feb2023
9bb21904f456167c9ab89ff4b6d64dd1@brchytx.com,1,04feb2023
9d3cb5e105dadcc1193e08942c7d6c4c@brchytx.com,1,03feb2023
9d9cc98a067ab32008b8aa4e1e3023ae@brchytx.com,1,04feb2023
9e9cd716af0802520cbafa47847feefe@brchytx.com,1,31jan2023
9edaa037b27c2b15dbd51b5bb5664ed9@brchytx.com,1,06feb2023
9ee02c9be404f0349eaebd5b08343271@brchytx.com,1,04feb2023
9f747bc88ef1edf879374e2281131dc5@brchytx.com,1,02feb2023
9f91a60dc41c39947a02210f23328e86@brchytx.com,1,09feb2023
9faa84a981ef3a978f65cdc90a7d4cae@brchytx.com,1,05feb2023
9fbd1320690b0152db66c5529b715fe5@brchytx.com,1,02feb2023
9fc868034944a70862df33f337fadced@brchytx.com,1,01feb2023
9fdf621c76f552909293c38512430578@brchytx.com,1,02feb2023
a04a47baa3328460c985967c679a9c71@brchytx.com,1,09feb2023
a0be0fc9207c8f64d2e32fe7098119c7@brchytx.com,1,01feb2023
a0c670456f85f800f6ce7626ed125d0d@brchytx.com,1,03feb2023
a0cb60165d3cee6707a59190afde89c7@brchytx.com,1,03feb2023
a18e31aac47698f34f2adc81ddfaaffc@brchytx.com,1,10feb2023
a1e4eacfc58ccae102d55e37136e933c@brchytx.com,1,05feb2023
a1f19d016478fc137f3e8d82f0c9bfc8@brchytx.com,1,04feb2023
a203c9b441fc1bf3e65dbc65220e615d@brchytx.com,1,09feb2023
a28e02c03978331526a1941c7e74cdd5@brchytx.com,1,05feb2023
a2ce0cacc89e39d603d3c59fba1a2102@brchytx.com,1,12feb2023
a2d9d9e2dcf0c2c62fd4681c0514a8e1@brchytx.com,1,14feb2023
a2f75d456d149346f34bc361acbfaaec@brchytx.com,1,08feb2023
a3e684f782414b8939eba012b81d9e61@brchytx.com,1,03feb2023
a3f83cccacdeb74c1944e488e2e293b2@brchytx.com,1,10feb2023
a4568601244e20ce9d58b0bfb8e91f55@brchytx.com,1,07feb2023
a4d3b36a599701e63da2412dfd4503cd@brchytx.com,1,01feb2023
a4e5f1652f9b25b78351414f0920513d@brchytx.com,1,11feb2023
a52923b72057b4e07d7b8299ea8183df@brchytx.com,1,03feb2023
a57dac027c1ea3b8f1efe8e5c6368d9c@brchytx.com,1,07feb2023
a58054078546121a17b0d48c3505114e@brchytx.com,1,06feb2023
a59ddb553639881346c535d35d26a07b@brchytx.com,1,03feb2023
a5f4bfe71346aea2bf983b43da6a539a@brchytx.com,1,09feb2023
a6246149f798766c0f447ce903ae4778@brchytx.com,1,05feb2023
a6763f3524f6170bdec759c2b0dafb63@brchytx.com,1,04feb2023
a6bf09a1b6b1d23bf663a33d1bfb42f5@brchytx.com,1,02feb2023
a754181427eeaec3f30a59466e19cf2d@brchytx.com,1,08feb2023
a76ad68c420a371ef1db41b2b3c9e612@brchytx.com,1,04feb2023
a7b6183ff24a2ff9e9b547b8b6848e42@brchytx.com,1,13feb2023
a7bed4c2b277287357ef4505fa89b8c7@brchytx.com,1,03feb2023
a80a663f1ace087bef7616e8784c7a55@brchytx.com,1,03feb2023
a8feae905515193f6ada070272e02d58@brchytx.com,1,09feb2023
a928e5efe98b4ecd1b33db77ac2d190e@brchytx.com,1,05feb2023
a967a0c0f4140fac223858d29a1d0ce9@brchytx.com,1,04feb2023
a98f6ef74ab003d70b8346e35ac2199f@brchytx.com,1,08feb2023
a9a5e919a696fd02c9f694b3793350ca@brchytx.com,1,08feb2023
aa6c6d32f48bb2e5875b20c90bc8637b@brchytx.com,1,05feb2023
ab644a19797e7c582a5cda6763628391@brchytx.com,1,03feb2023
ab88300315ae2736acc5b8f5eeb3a90d@brchytx.com,1,06feb2023
ac025eb1e8c39075be00d0fdc765309e@brchytx.com,1,13feb2023
ac02cc895bf5bfb4d8c710ca7b10266d@brchytx.com,1,09feb2023
ac1ec90405a7f2ce4466b9e90711ef06@brchytx.com,1,03feb2023
ac4f0ccf498e9b822e84caf8835f07f3@brchytx.com,1,06feb2023
ac751d3330ecca0bc4e811de8add0581@brchytx.com,1,07feb2023
acebab212f918d803a2940b2c52758ba@brchytx.com,1,06feb2023
ad508b6f1a9b5fdbbf286b55b262a8c2@brchytx.com,1,08feb2023
ad5e98ee8e2ba4f0732fb737b05aeefd@brchytx.com,1,03feb2023
ade9182125497b6eda31df61b4a21dbd@brchytx.com,1,04feb2023
adf708ab8eeccca7a2df17676ae61143@brchytx.com,1,16feb2023
ae0eeec8e0052b48cefd25118738c923@brchytx.com,1,11feb2023
ae1a410f921cc4625f7d93eadd22f22c@brchytx.com,1,05feb2023
ae3e0c565e7980e3d3eae5cbfd4b6446@brchytx.com,1,06feb2023
aea54725872522b32ec8784f35878306@brchytx.com,1,03feb2023
aeda05363debc7b72399bf2eae9a00fb@brchytx.com,1,02feb2023
af36e5d5d43c33777977a7c2e796dc9c@brchytx.com,1,03feb2023
afc253bb27f34a7f447d87205f50aee8@brchytx.com,1,15feb2023
b0edf9df03e14cc95ca10df389530870@brchytx.com,1,07feb2023
b10f6883b2a104fc8e07ba7da99020e9@brchytx.com,1,06feb2023
b1259e5937729130696a29c369a14ee8@brchytx.com,1,02feb2023
b128055d2d3b074c315f25cc45a160c0@brchytx.com,1,03feb2023
b19088a232e0f342862277b7a2323c79@brchytx.com,1,10feb2023
b2e8bb2f91ee0d581d76345edcb3115f@brchytx.com,1,06feb2023
b302d0eef2012ab9d07dd2e5f385b8dc@brchytx.com,1,09feb2023
b370c6c9188690cfed85530e50c68b19@brchytx.com,1,06feb2023
b39c5ab6dc68ac8ba098be1e25870136@brchytx.com,1,05feb2023
b44e0530b079dd11167d20254baeae68@brchytx.com,1,09feb2023
b4c39e2ee5a88810c797895e9518356c@brchytx.com,1,11feb2023
b582549eb23040f41ddf0128671b019c@brchytx.com,1,09feb2023
b5c972078c47b2617a105a490e24d8fe@brchytx.com,1,12feb2023
b65e5a7e711e4ea7cedac532680a51ba@brchytx.com,1,08feb2023
b6e355513e1f0a7094d2d80bbdb0c514@brchytx.com,1,16feb2023
b7354143bac3088d41bd22af6dc8c840@brchytx.com,1,07feb2023
b780a8d440e7c041a710eea129369af7@brchytx.com,1,07feb2023
b7b0f2f0d260b8238f86bfdc2195cbf1@brchytx.com,1,07feb2023
b7d82fbc1956c01d2062895479ada9f1@brchytx.com,1,11feb2023
b858a2184a1edc4145c8761af4dced9c@brchytx.com,1,06feb2023
b871ff8d9b8ebe7cfdbb1541fa0b66ac@brchytx.com,1,09feb2023
b8c0ede9daaaad1916fb9bd38cdd3596@brchytx.com,1,11feb2023
ba8da64d3ef156db05719763bb1dba72@brchytx.com,1,05feb2023
bad956e5cdfa21491e7a0d238ee5557f@brchytx.com,1,09feb2023
baf3a2531f77e5b3a40aafdca226ea96@brchytx.com,1,10feb2023
bb47fab6badc498b40ab282f78df6b6c@brchytx.com,1,08feb2023
bb72bd1279686dba442b95b0265064b8@brchytx.com,1,16feb2023
bbc2de355be2b655a5d6ea2df9b8622b@brchytx.com,1,09feb2023
bc0d2440d0e36e514486709664f0ab48@brchytx.com,1,06feb2023
bd3be987e2cdf18fe927daf3d42dc733@brchytx.com,1,09feb2023
bde7b5478aeaf10396033a1c76199d1f@brchytx.com,1,10feb2023
bea6b9feb2b9a065ab9666b21af0d53a@brchytx.com,1,05feb2023
bed2101fb12b751403c02c4235795d14@brchytx.com,1,07feb2023
bf0f4e2f899e3734460559341fe82cfb@brchytx.com,1,07feb2023
bf724010770e6fd181b70507dec93441@brchytx.com,1,07feb2023
bf9a1da278ab34157348274493ce8b53@brchytx.com,1,12feb2023
bfca52d9243044a8e843a5e1a9e4096a@brchytx.com,1,07feb2023
c08da2f16d799a3e706ea70c3f91484c@brchytx.com,1,10feb2023
c0cb4715eeae080493bee9934f2b2b7c@brchytx.com,1,06feb2023
c0cbdb77573dd0e33627aabeefc8f99a@brchytx.com,1,10feb2023
c0f1b9456e9d6c0d9bd57f3db466229f@brchytx.com,1,09feb2023
c0f2afa3347d6cd2264f70dd54e44e17@brchytx.com,1,05feb2023
c1aa3a0f5b11dab284f7f6a6faf002ee@brchytx.com,1,10feb2023
c282bdbfb7f1290b7205c38410b80bf3@brchytx.com,1,06feb2023
c31b5b3d9ba2865271db015eccbf97f0@brchytx.com,1,16feb2023
c3293de59ad121eabb67a85d2fb2fbd9@brchytx.com,1,10feb2023
c34315a70e024b14354c321983fb8de0@brchytx.com,1,08feb2023
c49168c0518fdaf06537abbcfba4c517@brchytx.com,1,07feb2023
c5173ec1ae1b35db83fb0f27617668d7@brchytx.com,1,09feb2023
c55ff3f48c35af7a4f51979176e0b991@brchytx.com,1,13feb2023
c5b7f812dc5313bc30f1094c6ec6e4f8@brchytx.com,1,14feb2023
c654dc418e6165a3c90749308129d693@brchytx.com,1,12feb2023
c7c9ed95db1562090d5fbf29c1d90f50@brchytx.com,1,07feb2023
c804c525d83ac72c2fdffb0dfa2ec477@brchytx.com,1,12feb2023
c805be4d802bf5663ab67a2698cd8a37@brchytx.com,1,07feb2023
c895de3e639b0830e3b2b8ee34676209@brchytx.com,1,14feb2023
c8b45e72d467723752aa35b141d192a8@brchytx.com,1,17feb2023
c9c1c95297200df347f7383178185672@brchytx.com,1,11feb2023
ca49ca3cb4a1a2e35857e273976c0486@brchytx.com,1,15feb2023
ca80b5ee65d06358c72ec9cafb9081d3@brchytx.com,1,12feb2023
caaa62613b84f47c887d76586403e722@brchytx.com,1,13feb2023
cac6227902136ad367dba133d74ef055@brchytx.com,1,09feb2023
cb04818710487b6058a568aeb0116da8@brchytx.com,1,06feb2023
cb3f482c7009ca025e2cfbb1ca9936d5@brchytx.com,1,17feb2023
cb60f5159a968eaff75a6647bef65dbe@brchytx.com,1,10feb2023
cb8913725e919edaf5de29b8a354dd5e@brchytx.com,1,17feb2023
cb90459b9c6ddfae173bef7314d306fe@brchytx.com,1,13feb2023
cbacc88a65c71caf2fe603495f72bf3d@brchytx.com,1,10feb2023
cbd094c3981173c2e214ab8078e9da08@brchytx.com,1,09feb2023
cc3649684d0cccbd35dd3e83789353ed@brchytx.com,1,06feb2023
cc8cf0554e732b35d30b4bae5a46962a@brchytx.com,1,10feb2023
ccd3aec117a1b7391e7664778c453f85@brchytx.com,1,09feb2023
cd019e7d1b30fa5adcad57e037c3cb24@brchytx.com,1,15feb2023
cd27122bf5f309861989fa54c56431b6@brchytx.com,1,07feb2023
cdc3b850daf2fc8cff4179be073ba08e@brchytx.com,1,18feb2023
cdea8c95cb72873007902d2c250f405a@brchytx.com,1,13feb2023
cdefdb330d78a90a4ba03677f1318f3a@brchytx.com,1,08feb2023
cdf205c81f09f7c1e9818c1b4fd1507f@brchytx.com,1,10feb2023
ce0f9e85eed0e6e50fa4b7f04d963452@brchytx.com,1,08feb2023
cf2b7095ab9f2e08d5621050a408a7be@brchytx.com,1,10feb2023
cf715231f37be448e484dbe574fcea6c@brchytx.com,1,13feb2023
cfece907f1aa921974781b521ec227b0@brchytx.com,1,17feb2023
d00f3e2d5ed0a820f1c76b605abf670d@brchytx.com,1,13feb2023
d0116769c07ff1e73b31700ac1450aad@brchytx.com,1,16feb2023
d03aac24aa6380d039314860e24d3a9a@brchytx.com,1,14feb2023
d061e51e4552b3dd80826988deeb246f@brchytx.com,1,06feb2023
d0e6e029c80e9f56ef53a0ea973578d3@brchytx.com,1,07feb2023
d0fb8436592a7744ac5d6e84e20a9263@brchytx.com,1,07feb2023
d12ae0805607c8941f466406a5da484d@brchytx.com,1,06feb2023
d1de41b99ff49f6165507ab4615d9b7a@brchytx.com,1,12feb2023
d21e40b14af7b6a60e5bd7ccf6d3247b@brchytx.com,1,12feb2023
d2c8dabcfe2c513c2a97f7108c9fe198@brchytx.com,1,10feb2023
d2f4fdd5688317d8c24be71617e998c5@brchytx.com,1,17feb2023
d3a87294d4f1d08935a98d8437627247@brchytx.com,1,09feb2023
d3d7d1bcc2e28425a203734cd21433b7@brchytx.com,1,07feb2023
d3d8784f11be55a4a3db19792c9ed8f8@brchytx.com,1,08feb2023
d433342912513b5fb14f6aa6edbf3e6a@brchytx.com,1,12feb2023
d44de2210123081984640cc82f8fa3b1@brchytx.com,1,08feb2023
d5363f84ab18d61dfbea0bfb92a24439@brchytx.com,1,15feb2023
d5b482d90f985dfb2186387100ddfd70@brchytx.com,1,07feb2023
d5e4fd1ee06499fbbcd43870b9cede73@brchytx.com,1,15feb2023
d60070340aaba5c9a555a80a5e144d04@brchytx.com,1,15feb2023
d68058c677315e68d73e366f28cb662a@brchytx.com,1,14feb2023
d68525b1ff344ee1c26159867e32706a@brchytx.com,1,10feb2023
d7c047bd4ef7716d086083441f1ac15c@brchytx.com,1,09feb2023
d82abfb7689d993684882a7e68255219@brchytx.com,1,07feb2023
d8a93e63dd46af87eb648cd788c6bcf8@brchytx.com,1,08feb2023
d923c8e92580ede2f408417af71cdcce@brchytx.com,1,09feb2023
d9478571f889a1644ee00fddd6c27c89@brchytx.com,1,16feb2023
d9a1713c6ff9cc870c309a161fb63045@brchytx.com,1,09feb2023
d9a2a0b13231d4620e56650c7514e81a@brchytx.com,1,09feb2023
d9ef925061ff647765bec697dd0663fc@brchytx.com,1,08feb2023
da34e2ca3aa8e723d024b6aa7861a4b7@brchytx.com,1,16feb2023
daa7abc9378e06b6296ea085537ae27b@brchytx.com,1,11feb2023
dac2ffbcf8b061eec796b62b34550a8b@brchytx.com,1,10feb2023
dbb57a29b4cfd02940f200a8545c75b6@brchytx.com,1,15feb2023
dc25cdbaa7c92c1dc0929a38a6e4a997@brchytx.com,1,14feb2023
dc2d3d5fdeb77a9bc9f10268cb05c4f1@brchytx.com,1,11feb2023
dc532539d5ba37c8af20641a1482a680@brchytx.com,1,10feb2023
dcf7466ed31ad73367c6b151ce375125@brchytx.com,1,12feb2023
dd0da167de8b04fa16619149e191bb33@brchytx.com,1,13feb2023
dd4746d8ba07de525ea4dbf1af7e39ea@brchytx.com,1,11feb2023
dd4bd39569e28bd5823773c763d3e86e@brchytx.com,1,12feb2023
dd8557381e83c5208a600b609f35bc47@brchytx.com,1,11feb2023
de5bf8161957f46433775e271c0cbce7@brchytx.com,1,11feb2023
dea1250e1fac71457c5b95199ff7f8ca@brchytx.com,1,12feb2023
debf36ed4e8be84af3d6aa2c3144de2b@brchytx.com,1,08feb2023
dec2d408e98f0fa7dbd86ae3722714c9@brchytx.com,1,12feb2023
df31bb8b32d633b2a39a9e02469274fd@brchytx.com,1,09feb2023
df3708b23c151d58cf4c69f693942950@brchytx.com,1,13feb2023
e0ce86adf756a40791046a3d4a5eec7c@brchytx.com,1,16feb2023
e0d3bc1e592eea1b241853700782de1f@brchytx.com,1,12feb2023
e16c82a8b2f43f3691b6080e4d020075@brchytx.com,1,13feb2023
e16cda32abaf614bb5ca68cb7cc7a8f5@brchytx.com,1,11feb2023
e1b75b1ef3716af9520a88d56f6fe5e9@brchytx.com,1,16feb2023
e1fffcf5fb247e1873fbd5b6eab8f5f2@brchytx.com,1,10feb2023
e2562f8ec0ff025eec7dc63c7e67a5da@brchytx.com,1,12feb2023
e2689ed32e74ea81d845f34b56394cee@brchytx.com,1,10feb2023
e27481ba623da758af4a756932192920@brchytx.com,1,16feb2023
e2c91e9939cfc821d63934bc5b32f55b@brchytx.com,1,16feb2023
e2d8bd6c0393517ee59f02c284590c49@brchytx.com,1,10feb2023
e2f921e0a387186a89f9d3263a4cd2f7@brchytx.com,1,10feb2023
e36b43be52b88c8eba5064b3bb01d46f@brchytx.com,1,09feb2023
e36d8a0bd608d97dff4a1b58ce976ff3@brchytx.com,1,13feb2023
e3d281917e6d2e0cc53cfdddaa69cb31@brchytx.com,1,14feb2023
e404110d8937bb9c97538eb1f14ee2be@brchytx.com,1,08feb2023
e43e77859b65a331daa6d36b80400149@brchytx.com,1,11feb2023
e4ef7b74d20ccb549a96f9cebcff2048@brchytx.com,1,14feb2023
e54c25564a853395215ab7d90352ca3b@brchytx.com,1,17feb2023
e5a2cd3acb7562bad24626920adbec6a@brchytx.com,1,14feb2023
e5d23828e8c48403066ea23b2c9893c2@brchytx.com,1,13feb2023
e611d48d96a8794f7722202f72c86edf@brchytx.com,1,08feb2023
e611ee1103b04c2debae848f8ff840e3@brchytx.com,1,17feb2023
e62d625b8787bb8dfe3bd1e85c7dec0e@brchytx.com,1,13feb2023
e63a23d03e6986de52037ff438178314@brchytx.com,1,18feb2023
e6efcafdad2237cb476991c74bddab30@brchytx.com,1,11feb2023
e6f4d063193a0c24a8fe5fd72679a2a7@brchytx.com,1,15feb2023
e6fecd24a1cf4ddace9bab06ec022bcb@brchytx.com,1,12feb2023
e792d40cfb4d9ae8c7d0328640482cdd@brchytx.com,1,15feb2023
e863a6e23624a69fd310fc6448f6d63d@brchytx.com,1,16feb2023
e894314b957a241268ed13a580bcc7dc@brchytx.com,1,16feb2023
e93805f54b0e7c51b1fe00382362c83e@brchytx.com,1,17feb2023
e97c7eb218990395fd9835a2050e5265@brchytx.com,1,17feb2023
e98d26b530ec0e0a98ed173dcb436a95@brchytx.com,1,09feb2023
e9f39dd4a4e7592cc0446a5440703091@brchytx.com,1,14feb2023
eaf910e704759c7eebe275a380c05d21@brchytx.com,1,12feb2023
ebe8dc500cfc27b44984220b26093b8a@brchytx.com,1,12feb2023
ebfdd26e6b822c370eca5ac3ee5db89e@brchytx.com,1,16feb2023
ec276813ddcedf0506e8869e0778057b@brchytx.com,1,13feb2023
ed014635d5237b5b40fc0c8d5c887d27@brchytx.com,1,12feb2023
ed2a07ef322519e2ecdc3c34c2e2d322@brchytx.com,1,17feb2023
ed91f775c5a626d56527a8c6079299fa@brchytx.com,1,18feb2023
eedd636f7215d8df5de674c756ab209e@brchytx.com,1,13feb2023
eedda43825737f97d6c9ea61d07533d3@brchytx.com,1,13feb2023
ef996689bcedf1cc5e71ef3080ef7e64@brchytx.com,1,09feb2023
efe01b0201378260b548972f56c3f825@brchytx.com,1,09feb2023
f0366a98ca26c0454cbb6483176fd14d@brchytx.com,1,15feb2023
f08e55f2aaea3e4470c4f84d5b469fdc@brchytx.com,1,16feb2023
f1066d877fafb7036e6077ce4ed54519@brchytx.com,1,15feb2023
f2347eecc2aa74ac8146208f226ccfde@brchytx.com,1,17feb2023
f250d7053ea35a6dc569fb813d2eeffc@brchytx.com,1,11feb2023
f2fc547aed4819467a28571468650d68@brchytx.com,1,18feb2023
f44152a9d74541f5ec29603128bf4dd1@brchytx.com,1,13feb2023
f44da92145d0b19b6a5381457ed9d108@brchytx.com,1,11feb2023
f47dec82dd6e76c6f01bca9d3b3917ae@brchytx.com,1,12feb2023
f4a8798888b24eba2ac5d10924dbe5ef@brchytx.com,1,17feb2023
f4b69264c7f2536e850f506ccb0c9cf6@brchytx.com,1,13feb2023
f4c6b4518a96d2ece9523ad1ba0be758@brchytx.com,1,13feb2023
f4ee4b3a18e2c0678e95145daefd55a1@brchytx.com,1,14feb2023
f56578ee8e8d0629261fb76acbbfa6ae@brchytx.com,1,13feb2023
f57f6895824416166176fe28314a14dc@brchytx.com,1,09feb2023
f5b08f43f478bfff08dcc824aa2e428b@brchytx.com,1,13feb2023
f622586d0d0385caa1fc8b643b97c8df@brchytx.com,1,17feb2023
f627590c047b68982e16ec56d18b4774@brchytx.com,1,10feb2023
f6fb8b89b6e6b2e8ccba9a0ece2f88c0@brchytx.com,1,14feb2023
f785aae62b067c0a4c34afeef9cf262d@brchytx.com,1,14feb2023
f7f8bc1ca2ffea66491b8a5cceca1455@brchytx.com,1,11feb2023
f85d541d3b653114820ed3d3dd39ffe8@brchytx.com,1,11feb2023
f89629942c62f27094d8cee3b0873788@brchytx.com,1,15feb2023
f8f2dc40c323f83480f0e55fffba1e55@brchytx.com,1,15feb2023
f93706a7357fc83f8e22dc71707ae717@brchytx.com,1,14feb2023
f94c9344dc05ee4442ca1bd24328caa9@brchytx.com,1,13feb2023
f9f006553857e81d6da757ddacd01ec2@brchytx.com,1,16feb2023
f9f21748b731e04a6c3cad0e914bb71b@brchytx.com,1,18feb2023
fa7e6024efa4ad98431686109db81a77@brchytx.com,1,14feb2023
fabee69672ee052ce4310c465cd6a859@brchytx.com,1,13feb2023
fb57e24459fe276e43d8d4472d2a5034@brchytx.com,1,12feb2023
fbac1a078811910a8d95a55c9f8c01dd@brchytx.com,1,13feb2023
fc2f350c84f61036fb7fef8e566df08c@brchytx.com,1,14feb2023
fc7752cf1a8c5788ff329dbc09358e78@brchytx.com,1,15feb2023
fc9ec59ba5461703bcd398279e9b18de@brchytx.com,1,11feb2023
fca6fa47586237c0b42bdd540a778ae0@brchytx.com,1,16feb2023
fcc09d077e1cb1a213597267397932df@brchytx.com,1,17feb2023
fd210aaa4d0498750f2d7b13df3e51af@brchytx.com,1,17feb2023
fd4ff8fb7028a6b17e6f56ff602379d4@brchytx.com,1,15feb2023
fd68e9e3e222d9f5da58737e08cc6bb1@brchytx.com,1,10feb2023
fda57571db895a847818b40545f0bbd2@brchytx.com,1,13feb2023
fdcca9dcaaa39ae486b9d9d1552f30a9@brchytx.com,1,17feb2023
fe2a986370870a2b08cd4935aec9fb90@brchytx.com,1,15feb2023
fea19445eb681b17bca8966d4dcda098@brchytx.com,1,16feb2023
ff578a9942e81bae91f59830b70a4838@brchytx.com,1,16feb2023
ffda90b2148c9b14e65c1e4d533db185@brchytx.com,1,18feb2023
254c9a2f7bc6a70c531d96eb11a5bc4a@brchytx.com,1,27feb2023
fa7724b921a97a17833285162fcd91ad@brchytx.com,1,07mar2023
47ff70540f14d9030e64d7dfc99b963c@brchytx.com,1,14mar2023
0034f3ba6d3756cfe9255b3e5918c99b@brchytx.com,1,16jan2023